#{"t_start": 1781094110.7139392, "env_id": "None"}
r,l,t
-10.0,1,1.753252
-10.0,1,1.767921
-10.0,1,1.770157
-10.0,1,1.770157
-10.0,1,1.770157
-10.0,1,1.770157
10.0,1,1.770157
-10.0,1,1.770157
-10.0,1,1.781995
-10.0,1,1.783742
-10.0,1,1.78482
-10.0,1,1.78482
3.0,1,1.788014
-10.0,1,1.788014
10.0,1,1.788014
-10.0,1,1.793013
-10.0,1,1.79529
-10.0,1,1.79529
-10.0,1,1.799693
-10.0,1,1.800889
-10.0,1,1.803291
-10.0,1,1.803291
-10.0,1,1.803291
-10.0,1,1.803291
-10.0,1,1.803291
-10.0,1,1.803291
-10.0,1,1.803291
-10.0,1,1.803291
-10.0,1,1.803291
-10.0,1,1.81564
-10.0,1,1.81564
10.0,1,1.81564
-10.0,1,1.821415
10.0,1,1.821415
-10.0,1,1.821415
-10.0,1,1.821415
-10.0,1,1.821415
-10.0,1,1.821415
-10.0,1,1.831358
-10.0,1,1.831358
-10.0,1,1.833365
-10.0,1,1.833365
-10.0,1,1.833365
10.0,1,1.833365
-10.0,1,1.8418
-10.0,1,1.8418
-10.0,1,1.8418
-10.0,1,1.8418
-10.0,1,1.847051
10.0,1,1.850241
-10.0,1,1.850241
-10.0,1,1.850241
-10.0,1,1.850241
-10.0,1,1.854875
-10.0,1,1.854875
-10.0,1,1.854875
-10.0,1,1.854875
-10.0,1,1.860731
-10.0,1,1.860731
-10.0,1,1.862888
-10.0,1,1.862888
10.0,1,1.862888
-10.0,1,1.862888
-10.0,1,1.862888
-10.0,1,1.862888
-10.0,1,1.862888
-10.0,1,1.862888
-10.0,1,1.878625
-10.0,1,1.881603
-10.0,1,1.882981
-10.0,1,1.882981
-10.0,1,1.882981
-10.0,1,1.887414
-10.0,1,1.887414
-10.0,1,1.887414
-10.0,1,1.887414
10.0,1,1.894514
-10.0,1,1.895584
-10.0,1,1.895584
-10.0,1,1.895584
10.0,1,1.895584
-10.0,1,1.895584
-10.0,1,1.895584
-10.0,1,1.895584
-10.0,1,1.895584
-10.0,1,1.908709
-10.0,1,1.910458
-10.0,1,1.910458
-10.0,1,1.912463
10.0,1,1.914468
-10.0,1,1.914468
-10.0,1,1.914468
10.0,1,1.914468
-10.0,1,1.914468
-10.0,1,1.914468
-10.0,1,1.922483
-10.0,1,1.924711
-10.0,1,1.926458
-10.0,1,1.927522
3.0,1,1.928957
10.0,1,1.931731
-10.0,1,1.933238
3.0,1,1.935242
-10.0,1,1.937247
-10.0,1,1.93926
-10.0,1,1.942539
-10.0,1,1.943596
-10.0,1,1.943596
10.0,1,1.943596
-10.0,1,1.943596
-10.0,1,1.943596
-10.0,1,1.943596
-10.0,1,1.943596
-10.0,1,1.943596
10.0,1,1.943596
10.0,1,1.958357
-10.0,1,1.960366
-10.0,1,1.962373
-10.0,1,1.962373
-10.0,1,1.964396
-10.0,1,1.964396
-10.0,1,1.964396
-10.0,1,1.964396
10.0,1,1.969897
-10.0,1,1.971904
10.0,1,1.974324
10.0,1,1.974324
-10.0,1,1.974324
-10.0,1,1.982926
-10.0,1,1.982926
-10.0,1,1.984933
-10.0,1,1.984933
-10.0,1,1.986938
-10.0,1,1.990541
-10.0,1,1.990541
-10.0,1,1.992547
-10.0,1,1.995263
-10.0,1,1.995263
-10.0,1,1.995263
10.0,1,1.995263
3.0,1,1.995263
-10.0,1,1.995263
-10.0,1,2.00572
-10.0,1,2.007321
-10.0,1,2.007321
-10.0,1,2.007321
-10.0,1,2.007321
-10.0,1,2.007321
-10.0,1,2.017878
3.0,1,2.017878
-10.0,1,2.019639
-10.0,1,2.019639
-10.0,1,2.022491
-10.0,1,2.022491
-10.0,1,2.025456
-10.0,1,2.025456
-10.0,1,2.025456
10.0,1,2.031554
-10.0,1,2.033066
-10.0,1,2.033066
-10.0,1,2.033066
-10.0,1,2.037084
-10.0,1,2.038091
-10.0,1,2.038091
-10.0,1,2.038091
-10.0,1,2.038091
10.0,1,2.038091
-10.0,1,2.038091
-10.0,1,2.048845
-10.0,1,2.050333
10.0,1,2.052862
-10.0,1,2.052862
-10.0,1,2.052862
-10.0,1,2.052862
-10.0,1,2.052862
-10.0,1,2.052862
-10.0,1,2.052862
-10.0,1,2.052862
-10.0,1,2.052862
-10.0,1,2.052862
-10.0,1,2.06886
-10.0,1,2.06886
-10.0,1,2.06886
-10.0,1,2.06886
-10.0,1,2.077168
-10.0,1,2.077168
-10.0,1,2.077168
-10.0,1,2.077168
-10.0,1,2.077168
10.0,1,2.084709
-10.0,1,2.084709
-10.0,1,2.084709
-10.0,1,2.084709
-10.0,1,2.084709
-10.0,1,2.084709
-10.0,1,2.084709
-10.0,1,2.100508
-10.0,1,2.100508
10.0,1,2.100508
10.0,1,2.100508
-10.0,1,2.107957
-10.0,1,2.10899
-10.0,1,2.110996
-10.0,1,2.110996
-10.0,1,2.113002
10.0,1,2.116211
-10.0,1,2.118207
-10.0,1,2.118207
10.0,1,2.118207
10.0,1,2.118207
-10.0,1,2.118207
-10.0,1,2.118207
3.0,1,2.130927
-10.0,1,2.133467
10.0,1,2.133467
-10.0,1,2.13623
-10.0,1,2.138297
-10.0,1,2.138297
-10.0,1,2.138297
-10.0,1,2.138297
-10.0,1,2.138297
-10.0,1,2.144531
-10.0,1,2.144531
-10.0,1,2.147043
-10.0,1,2.150053
-10.0,1,2.150559
10.0,1,2.150559
-10.0,1,2.150559
-10.0,1,2.150559
10.0,1,2.150559
-10.0,1,2.158866
-10.0,1,2.158866
-10.0,1,2.163698
10.0,1,2.165148
-10.0,1,2.165148
10.0,1,2.165148
-10.0,1,2.170422
10.0,1,2.170422
-10.0,1,2.170422
-10.0,1,2.170422
-10.0,1,2.177253
-10.0,1,2.177253
-10.0,1,2.179468
-10.0,1,2.179468
-10.0,1,2.179468
-10.0,1,2.185163
-10.0,1,2.185163
10.0,1,2.187168
-10.0,1,2.189172
-10.0,1,2.19084
-10.0,1,2.19084
-10.0,1,2.19084
-10.0,1,2.194927
-10.0,1,2.194927
-10.0,1,2.194927
-10.0,1,2.200627
-10.0,1,2.200627
-10.0,1,2.200627
-10.0,1,2.206046
-10.0,1,2.206046
-10.0,1,2.206046
-10.0,1,2.211899
-10.0,1,2.211899
-10.0,1,2.211899
-10.0,1,2.211899
-10.0,1,2.217367
-10.0,1,2.217367
-10.0,1,2.217367
-10.0,1,2.223202
10.0,1,2.223202
-10.0,1,2.223202
-10.0,1,2.22671
-10.0,1,2.22941
-10.0,1,2.22941
-10.0,1,2.232813
-10.0,1,2.232813
-10.0,1,2.232813
-10.0,1,2.232813
-10.0,1,2.232813
-10.0,1,2.232813
10.0,1,2.244218
10.0,1,2.246222
3.0,1,2.248228
-10.0,1,2.248228
-10.0,1,2.250232
-10.0,1,2.254356
-10.0,1,2.256361
-10.0,1,2.256361
-10.0,1,2.258366
-10.0,1,2.258366
-10.0,1,2.258366
-10.0,1,2.258366
-10.0,1,2.265804
-10.0,1,2.267024
-10.0,1,2.267024
-10.0,1,2.269029
-10.0,1,2.271034
10.0,1,2.274158
10.0,1,2.274158
-10.0,1,2.274158
-10.0,1,2.274158
10.0,1,2.274158
-10.0,1,2.282107
10.0,1,2.282107
-10.0,1,2.282107
-10.0,1,2.282107
10.0,1,2.282107
-10.0,1,2.289954
-10.0,1,2.289954
-10.0,1,2.289954
-10.0,1,2.289954
-10.0,1,2.289954
-10.0,1,2.289954
-10.0,1,2.300359
-10.0,1,2.302364
-10.0,1,2.304369
-10.0,1,2.305873
-10.0,1,2.310562
-10.0,1,2.310562
-10.0,1,2.310562
-10.0,1,2.310562
-10.0,1,2.310562
10.0,1,2.310562
-10.0,1,2.310562
3.0,1,2.3214
-10.0,1,2.322884
-10.0,1,2.322884
-10.0,1,2.322884
10.0,1,2.322884
-10.0,1,2.322884
-10.0,1,2.322884
-10.0,1,2.322884
-10.0,1,2.333034
-10.0,1,2.335278
-10.0,1,2.335278
-10.0,1,2.337049
-10.0,1,2.339081
-10.0,1,2.342454
-10.0,1,2.342454
-10.0,1,2.344461
-10.0,1,2.344461
-10.0,1,2.347688
-10.0,1,2.347688
-10.0,1,2.349693
-10.0,1,2.351699
-10.0,1,2.352706
-10.0,1,2.353713
-10.0,1,2.353713
10.0,1,2.35826
-10.0,1,2.360581
-10.0,1,2.360581
-10.0,1,2.360581
-10.0,1,2.365267
-10.0,1,2.365267
-10.0,1,2.368567
-10.0,1,2.368567
10.0,1,2.368567
-10.0,1,2.373229
-10.0,1,2.373229
-10.0,1,2.373229
-10.0,1,2.373229
-10.0,1,2.378989
-10.0,1,2.378989
3.0,1,2.378989
-10.0,1,2.384497
-10.0,1,2.384497
-10.0,1,2.384497
-10.0,1,2.384497
-10.0,1,2.384497
-10.0,1,2.395208
-10.0,1,2.395208
-10.0,1,2.397213
-10.0,1,2.399217
-10.0,1,2.401375
-10.0,1,2.401375
-10.0,1,2.403852
-10.0,1,2.406719
-10.0,1,2.408023
10.0,1,2.40946
-10.0,1,2.40946
-10.0,1,2.40946
-10.0,1,2.414485
-10.0,1,2.417354
10.0,1,2.420664
-10.0,1,2.424681
-10.0,1,2.424681
-10.0,1,2.424681
-10.0,1,2.424681
-10.0,1,2.429243
-10.0,1,2.429243
-10.0,1,2.432245
-10.0,1,2.433253
-10.0,1,2.433253
-10.0,1,2.433253
-10.0,1,2.433253
-10.0,1,2.433253
-10.0,1,2.433253
-10.0,1,2.433253
-10.0,1,2.433253
-10.0,1,2.433253
-10.0,1,2.447956
10.0,1,2.449962
-10.0,1,2.451965
-10.0,1,2.451965
-10.0,1,2.455617
-10.0,1,2.455617
-10.0,1,2.458631
-10.0,1,2.458631
-10.0,1,2.460636
-10.0,1,2.464049
-10.0,1,2.464049
-10.0,1,2.464049
-10.0,1,2.464049
-10.0,1,2.464049
-10.0,1,2.464049
-10.0,1,2.464049
-10.0,1,2.464049
-10.0,1,2.464049
-10.0,1,2.477602
-10.0,1,2.47811
-10.0,1,2.479877
-10.0,1,2.479877
-10.0,1,2.479877
-10.0,1,2.479877
-10.0,1,2.479877
-10.0,1,2.479877
-10.0,1,2.479877
-10.0,1,2.479877
10.0,1,2.494143
-10.0,1,2.495913
-10.0,1,2.495913
-10.0,1,2.495913
-10.0,1,2.495913
-10.0,1,2.495913
-10.0,1,2.495913
-10.0,1,2.495913
-10.0,1,2.495913
-10.0,1,2.495913
10.0,1,2.495913
-10.0,1,2.495913
10.0,1,2.511581
-10.0,1,2.511581
-10.0,1,2.511581
-10.0,1,2.511581
-10.0,1,2.520727
-10.0,1,2.52192
10.0,1,2.523925
-10.0,1,2.523925
-10.0,1,2.52593
-10.0,1,2.528684
-10.0,1,2.528684
-10.0,1,2.533208
-10.0,1,2.533208
-10.0,1,2.533208
10.0,1,2.533208
10.0,1,2.533208
-10.0,1,2.533208
-10.0,1,2.543787
-10.0,1,2.543787
-10.0,1,2.543787
-10.0,1,2.543787
-10.0,1,2.543787
-10.0,1,2.543787
-10.0,1,2.543787
10.0,1,2.543787
-10.0,1,2.543787
-10.0,1,2.543787
-10.0,1,2.559534
-10.0,1,2.561543
10.0,1,2.564382
-10.0,1,2.564382
-10.0,1,2.566387
-10.0,1,2.566387
-10.0,1,2.56922
-10.0,1,2.571472
-10.0,1,2.571472
-10.0,1,2.575226
-10.0,1,2.57623
-10.0,1,2.57623
-10.0,1,2.578233
3.0,1,2.580235
-10.0,1,2.580235
-10.0,1,2.580235
-10.0,1,2.580235
-10.0,1,2.587661
-10.0,1,2.588854
-10.0,1,2.588854
-10.0,1,2.590865
-10.0,1,2.592871
10.0,1,2.595161
-10.0,1,2.595161
10.0,1,2.597166
-10.0,1,2.599171
-10.0,1,2.599171
-10.0,1,2.602925
-10.0,1,2.602925
-10.0,1,2.604929
-10.0,1,2.607211
-10.0,1,2.607211
-10.0,1,2.609274
-10.0,1,2.613586
10.0,1,2.613586
-10.0,1,2.613586
-10.0,1,2.619448
-10.0,1,2.622459
-10.0,1,2.622459
-10.0,1,2.622459
-10.0,1,2.622459
-10.0,1,2.622459
10.0,1,2.622459
-10.0,1,2.631648
-10.0,1,2.633153
-10.0,1,2.635157
-10.0,1,2.637004
-10.0,1,2.638509
10.0,1,2.638509
-10.0,1,2.645668
-10.0,1,2.645668
-10.0,1,2.645668
-10.0,1,2.645668
-10.0,1,2.645668
-10.0,1,2.645668
-10.0,1,2.645668
10.0,1,2.654397
-10.0,1,2.654397
-10.0,1,2.654397
10.0,1,2.654397
-10.0,1,2.654397
-10.0,1,2.654397
-10.0,1,2.654397
-10.0,1,2.654397
-10.0,1,2.667726
-10.0,1,2.669732
-10.0,1,2.669732
-10.0,1,2.669732
-10.0,1,2.669732
-10.0,1,2.669732
-10.0,1,2.67834
-10.0,1,2.680677
-10.0,1,2.682683
-10.0,1,2.684687
10.0,1,2.686749
-10.0,1,2.686749
10.0,1,2.686749
-10.0,1,2.691376
-10.0,1,2.691376
-10.0,1,2.691376
-10.0,1,2.691376
-10.0,1,2.691376
-10.0,1,2.698677
-10.0,1,2.699778
-10.0,1,2.701525
10.0,1,2.70353
-10.0,1,2.70353
-10.0,1,2.707845
-10.0,1,2.70985
10.0,1,2.711855
-10.0,1,2.71301
-10.0,1,2.71301
-10.0,1,2.716757
-10.0,1,2.718764
10.0,1,2.718764
-10.0,1,2.718764
-10.0,1,2.718764
-10.0,1,2.718764
-10.0,1,2.727625
-10.0,1,2.727625
-10.0,1,2.727625
10.0,1,2.73321
10.0,1,2.734213
-10.0,1,2.734213
-10.0,1,2.734213
10.0,1,2.734213
-10.0,1,2.734213
-10.0,1,2.734213
10.0,1,2.734213
-10.0,1,2.734213
10.0,1,2.748633
-10.0,1,2.748633
-10.0,1,2.748633
-10.0,1,2.755796
-10.0,1,2.755796
-10.0,1,2.762049
-10.0,1,2.762049
-10.0,1,2.766096
-10.0,1,2.767415
-10.0,1,2.769327
-10.0,1,2.769327
-10.0,1,2.771342
-10.0,1,2.771342
-10.0,1,2.775517
-10.0,1,2.777522
-10.0,1,2.779527
-10.0,1,2.782903
-10.0,1,2.784831
10.0,1,2.784831
-10.0,1,2.787648
-10.0,1,2.790324
-10.0,1,2.792329
-10.0,1,2.792329
10.0,1,2.79534
-10.0,1,2.797347
-10.0,1,2.797347
-10.0,1,2.797347
-10.0,1,2.802886
-10.0,1,2.802886
-10.0,1,2.802886
-10.0,1,2.807769
3.0,1,2.810786
-10.0,1,2.812694
10.0,1,2.814702
-10.0,1,2.816709
10.0,1,2.816709
3.0,1,2.821141
-10.0,1,2.821141
-10.0,1,2.821141
-10.0,1,2.826676
-10.0,1,2.826676
-10.0,1,2.826676
3.0,1,2.826676
-10.0,1,2.833364
-10.0,1,2.833364
10.0,1,2.836166
3.0,1,2.838172
10.0,1,2.841468
10.0,1,2.842475
-10.0,1,2.842475
-10.0,1,2.842475
-10.0,1,2.847993
-10.0,1,2.849535
-10.0,1,2.849535
-10.0,1,2.85154
-10.0,1,2.85154
-10.0,1,2.85154
-10.0,1,2.85154
-10.0,1,2.858147
-10.0,1,2.858147
-10.0,1,2.865
10.0,1,2.867543
-10.0,1,2.867543
-10.0,1,2.86955
-10.0,1,2.872355
-10.0,1,2.874105
10.0,1,2.874105
10.0,1,2.876112
-10.0,1,2.876112
-10.0,1,2.876112
-10.0,1,2.876112
-10.0,1,2.876112
-10.0,1,2.876112
-10.0,1,2.876112
-10.0,1,2.887804
-10.0,1,2.891815
-10.0,1,2.891815
10.0,1,2.89537
-10.0,1,2.895874
-10.0,1,2.897879
-10.0,1,2.897879
-10.0,1,2.897879
10.0,1,2.902996
-10.0,1,2.905001
-10.0,1,2.907593
10.0,1,2.909243
-10.0,1,2.909243
-10.0,1,2.909243
-10.0,1,2.909243
-10.0,1,2.909243
-10.0,1,2.917662
-10.0,1,2.920674
-10.0,1,2.922442
-10.0,1,2.922442
10.0,1,2.924447
-10.0,1,2.926451
-10.0,1,2.926451
10.0,1,2.926451
10.0,1,2.926451
-10.0,1,2.933195
-10.0,1,2.935102
-10.0,1,2.936641
-10.0,1,2.937696
-10.0,1,2.940007
-10.0,1,2.941621
-10.0,1,2.941621
-10.0,1,2.943964
10.0,1,2.945968
-10.0,1,2.947272
-10.0,1,2.947272
-10.0,1,2.949277
-10.0,1,2.952288
10.0,1,2.953484
10.0,1,2.955766
-10.0,1,2.955766
-10.0,1,2.955766
-10.0,1,2.960866
-10.0,1,2.961899
-10.0,1,2.961899
-10.0,1,2.963904
-10.0,1,2.967456
-10.0,1,2.967456
-10.0,1,2.971098
-10.0,1,2.971098
-10.0,1,2.975663
3.0,1,2.975663
-10.0,1,2.977668
-10.0,1,2.979672
-10.0,1,2.982705
-10.0,1,2.982705
-10.0,1,2.985212
-10.0,1,2.987772
-10.0,1,2.989317
-10.0,1,2.99079
-10.0,1,2.992796
-10.0,1,2.994799
10.0,1,2.997864
-10.0,1,2.997864
-10.0,1,2.999869
-10.0,1,3.001873
-10.0,1,3.001873
-10.0,1,3.005809
-10.0,1,3.007814
-10.0,1,3.009819
-10.0,1,3.011423
10.0,1,3.013268
-10.0,1,3.013772
-10.0,1,3.016561
-10.0,1,3.016561
-10.0,1,3.016561
-10.0,1,3.020486
-10.0,1,3.024251
-10.0,1,3.024251
-10.0,1,3.026864
-10.0,1,3.02887
-10.0,1,3.02887
-10.0,1,3.033112
-10.0,1,3.035118
10.0,1,3.035118
-10.0,1,3.039129
-10.0,1,3.040501
-10.0,1,3.042509
10.0,1,3.044517
-10.0,1,3.044517
-10.0,1,3.044517
-10.0,1,3.044517
-10.0,1,3.044517
-10.0,1,3.044517
-10.0,1,3.044517
-10.0,1,3.044517
-10.0,1,3.044517
10.0,1,3.06026
10.0,1,3.065066
-10.0,1,3.067072
-10.0,1,3.067072
-10.0,1,3.069078
-10.0,1,3.069078
-10.0,1,3.069078
-10.0,1,3.069078
-10.0,1,3.078032
-10.0,1,3.081028
-10.0,1,3.081028
-10.0,1,3.081028
-10.0,1,3.085078
-10.0,1,3.086781
-10.0,1,3.088787
-10.0,1,3.088787
10.0,1,3.092297
-10.0,1,3.094368
-10.0,1,3.094368
-10.0,1,3.096549
-10.0,1,3.098315
-10.0,1,3.100152
-10.0,1,3.102207
-10.0,1,3.104215
-10.0,1,3.104215
-10.0,1,3.108332
10.0,1,3.110341
-10.0,1,3.110341
-10.0,1,3.112347
-10.0,1,3.115541
-10.0,1,3.115541
-10.0,1,3.117547
-10.0,1,3.121404
-10.0,1,3.122822
-10.0,1,3.124328
10.0,1,3.126338
-10.0,1,3.126338
-10.0,1,3.126338
-10.0,1,3.13167
-10.0,1,3.133177
-10.0,1,3.133177
-10.0,1,3.133177
-10.0,1,3.139066
-10.0,1,3.140079
-10.0,1,3.142966
-10.0,1,3.142966
-10.0,1,3.142966
-10.0,1,3.142966
-10.0,1,3.14726
-10.0,1,3.15045
-10.0,1,3.15045
-10.0,1,3.15045
10.0,1,3.15045
-10.0,1,3.155967
-10.0,1,3.157973
-10.0,1,3.157973
10.0,1,3.162519
-10.0,1,3.162519
-10.0,1,3.162519
-10.0,1,3.162519
-10.0,1,3.162519
-10.0,1,3.171847
-10.0,1,3.171847
-10.0,1,3.171847
-10.0,1,3.176991
-10.0,1,3.176991
10.0,1,3.176991
-10.0,1,3.18095
-10.0,1,3.18095
-10.0,1,3.18095
-10.0,1,3.18095
-10.0,1,3.18693
-10.0,1,3.189033
-10.0,1,3.189033
-10.0,1,3.194512
-10.0,1,3.196521
-10.0,1,3.196521
-10.0,1,3.196521
10.0,1,3.196521
3.0,1,3.196521
-10.0,1,3.204016
-10.0,1,3.204016
-10.0,1,3.208885
-10.0,1,3.208885
-10.0,1,3.214439
-10.0,1,3.214439
-10.0,1,3.214439
10.0,1,3.214439
-10.0,1,3.219968
-10.0,1,3.219968
-10.0,1,3.219968
-10.0,1,3.219968
-10.0,1,3.219968
-10.0,1,3.219968
-10.0,1,3.219968
-10.0,1,3.219968
-10.0,1,3.233026
-10.0,1,3.234803
-10.0,1,3.237133
-10.0,1,3.237133
-10.0,1,3.237133
-10.0,1,3.237133
-10.0,1,3.237133
10.0,1,3.237133
-10.0,1,3.251366
-10.0,1,3.253373
-10.0,1,3.253373
3.0,1,3.255378
-10.0,1,3.257383
-10.0,1,3.257383
-10.0,1,3.262162
-10.0,1,3.262162
3.0,1,3.264168
-10.0,1,3.266871
-10.0,1,3.266871
-10.0,1,3.268878
-10.0,1,3.270883
-10.0,1,3.270883
-10.0,1,3.270883
-10.0,1,3.270883
-10.0,1,3.275146
-10.0,1,3.275146
-10.0,1,3.279986
-10.0,1,3.279986
-10.0,1,3.282996
-10.0,1,3.282996
-10.0,1,3.282996
-10.0,1,3.286554
-10.0,1,3.288559
-10.0,1,3.290197
-10.0,1,3.290197
-10.0,1,3.292053
-10.0,1,3.294989
-10.0,1,3.29655
-10.0,1,3.29655
-10.0,1,3.299613
-10.0,1,3.299613
-10.0,1,3.299613
-10.0,1,3.299613
-10.0,1,3.308713
-10.0,1,3.310719
10.0,1,3.310719
-10.0,1,3.31425
-10.0,1,3.316257
-10.0,1,3.319758
-10.0,1,3.319758
-10.0,1,3.321763
-10.0,1,3.321763
-10.0,1,3.325602
3.0,1,3.325602
-10.0,1,3.329344
-10.0,1,3.329344
-10.0,1,3.330348
-10.0,1,3.333275
-10.0,1,3.335298
-10.0,1,3.335298
3.0,1,3.339047
-10.0,1,3.339047
-10.0,1,3.342502
-10.0,1,3.344509
-10.0,1,3.348788
-10.0,1,3.350093
-10.0,1,3.350093
-10.0,1,3.352098
10.0,1,3.354103
10.0,1,3.354103
-10.0,1,3.354103
-10.0,1,3.354103
-10.0,1,3.354103
-10.0,1,3.362361
-10.0,1,3.362361
-10.0,1,3.364368
-10.0,1,3.364368
-10.0,1,3.364368
-10.0,1,3.364368
-10.0,1,3.370979
-10.0,1,3.372984
-10.0,1,3.374992
-10.0,1,3.374992
-10.0,1,3.378006
-10.0,1,3.378006
-10.0,1,3.378006
-10.0,1,3.378006
-10.0,1,3.384734
-10.0,1,3.38674
-10.0,1,3.389596
10.0,1,3.391601
10.0,1,3.391601
-10.0,1,3.395611
10.0,1,3.397232
-10.0,1,3.399528
-10.0,1,3.399528
-10.0,1,3.403312
-10.0,1,3.403312
-10.0,1,3.405651
-10.0,1,3.407656
-10.0,1,3.410472
-10.0,1,3.410472
10.0,1,3.415543
-10.0,1,3.415543
-10.0,1,3.419559
-10.0,1,3.421017
-10.0,1,3.421017
-10.0,1,3.421017
10.0,1,3.425433
-10.0,1,3.425433
-10.0,1,3.425433
-10.0,1,3.425433
-10.0,1,3.425433
10.0,1,3.433398
-10.0,1,3.433902
-10.0,1,3.433902
-10.0,1,3.433902
10.0,1,3.433902
-10.0,1,3.441155
-10.0,1,3.443162
-10.0,1,3.443162
-10.0,1,3.443162
-10.0,1,3.443162
-10.0,1,3.449441
-10.0,1,3.451448
10.0,1,3.451448
-10.0,1,3.456507
-10.0,1,3.458513
-10.0,1,3.461875
10.0,1,3.461875
-10.0,1,3.463925
-10.0,1,3.465929
10.0,1,3.465929
3.0,1,3.471467
-10.0,1,3.472471
-10.0,1,3.474477
-10.0,1,3.476481
-10.0,1,3.478511
10.0,1,3.480516
-10.0,1,3.480516
-10.0,1,3.482521
-10.0,1,3.485245
-10.0,1,3.485245
10.0,1,3.488254
-10.0,1,3.490383
-10.0,1,3.493221
10.0,1,3.494591
-10.0,1,3.494591
-10.0,1,3.494591
-10.0,1,3.50131
-10.0,1,3.50131
-10.0,1,3.503315
-10.0,1,3.504319
-10.0,1,3.504319
10.0,1,3.50983
-10.0,1,3.50983
-10.0,1,3.538717
-10.0,1,3.547071
-10.0,1,3.547071
-10.0,1,3.547071
-10.0,1,3.658473
-10.0,1,3.659586
-10.0,1,3.661857
-10.0,1,3.662863
-10.0,1,3.669872
-10.0,1,3.669872
-10.0,1,3.671879
-10.0,1,3.671879
-10.0,1,3.680961
-10.0,1,3.682462
-10.0,1,3.682462
3.0,1,3.682462
-10.0,1,3.691921
10.0,1,3.693927
-10.0,1,3.693927
-10.0,1,3.693927
-10.0,1,3.695932
-10.0,1,3.695932
-10.0,1,3.695932
-10.0,1,3.695932
-10.0,1,3.712811
-10.0,1,3.712811
-10.0,1,3.714924
-10.0,1,3.714924
-10.0,1,3.722157
3.0,1,3.724162
-10.0,1,3.725667
-10.0,1,3.725667
-10.0,1,3.733176
10.0,1,3.735182
-10.0,1,3.735182
-10.0,1,3.737187
-10.0,1,3.747256
-10.0,1,3.749262
-10.0,1,3.751268
10.0,1,3.753273
10.0,1,3.761542
10.0,1,3.763307
-10.0,1,3.765315
-10.0,1,3.765315
-10.0,1,3.772214
-10.0,1,3.773219
-10.0,1,3.775225
-10.0,1,3.775225
-10.0,1,3.782769
-10.0,1,3.784886
-10.0,1,3.784886
-10.0,1,3.784886
-10.0,1,3.794175
-10.0,1,3.796181
-10.0,1,3.796181
-10.0,1,3.798186
-10.0,1,3.805013
-10.0,1,3.806296
-10.0,1,3.806296
-10.0,1,3.806296
-10.0,1,3.815618
10.0,1,3.815618
-10.0,1,3.815618
-10.0,1,3.815618
10.0,1,3.826719
-10.0,1,3.827981
-10.0,1,3.829136
-10.0,1,3.829136
-10.0,1,3.837075
-10.0,1,3.839081
10.0,1,3.841086
3.0,1,3.843091
10.0,1,3.849534
10.0,1,3.853047
-10.0,1,3.853047
-10.0,1,3.853047
-10.0,1,3.866952
-10.0,1,3.866952
10.0,1,3.868691
-10.0,1,3.870697
-10.0,1,3.878409
-10.0,1,3.879673
-10.0,1,3.879673
-10.0,1,3.881678
-10.0,1,3.889205
-10.0,1,3.889205
-10.0,1,3.891211
-10.0,1,3.891211
-10.0,1,3.898751
-10.0,1,3.900498
10.0,1,3.906514
-10.0,1,3.90852
10.0,1,3.916542
-10.0,1,3.916542
10.0,1,3.916542
-10.0,1,3.916542
-10.0,1,3.928399
-10.0,1,3.930405
-10.0,1,3.930405
-10.0,1,3.933416
-10.0,1,3.933416
-10.0,1,3.940827
-10.0,1,3.942834
-10.0,1,3.944839
-10.0,1,3.94844
-10.0,1,3.94844
3.0,1,3.94844
-10.0,1,3.94844
-10.0,1,3.960877
-10.0,1,3.964451
-10.0,1,3.964451
-10.0,1,3.964451
-10.0,1,3.976975
-10.0,1,3.976975
-10.0,1,3.976975
3.0,1,3.980255
-10.0,1,3.986537
-10.0,1,3.988544
-10.0,1,3.988544
-10.0,1,3.988544
10.0,1,3.995787
-10.0,1,3.995787
-10.0,1,3.995787
-10.0,1,3.995787
-10.0,1,4.007811
-10.0,1,4.007811
-10.0,1,4.009818
-10.0,1,4.009818
10.0,1,4.014189
-10.0,1,4.014189
10.0,1,4.014189
-10.0,1,4.014189
-10.0,1,4.027273
10.0,1,4.027273
10.0,1,4.027273
10.0,1,4.033557
-10.0,1,4.040673
-10.0,1,4.042678
-10.0,1,4.042678
-10.0,1,4.044685
-10.0,1,4.053037
-10.0,1,4.053037
10.0,1,4.055043
-10.0,1,4.055043
-10.0,1,4.063749
-10.0,1,4.063749
10.0,1,4.063749
-10.0,1,4.063749
-10.0,1,4.074572
-10.0,1,4.078666
10.0,1,4.081087
10.0,1,4.081087
-10.0,1,4.086727
-10.0,1,4.086727
-10.0,1,4.090536
-10.0,1,4.090536
-10.0,1,4.099084
-10.0,1,4.100514
-10.0,1,4.102677
-10.0,1,4.102677
-10.0,1,4.110447
10.0,1,4.112455
-10.0,1,4.114463
-10.0,1,4.114463
10.0,1,4.122231
-10.0,1,4.122231
-10.0,1,4.122231
-10.0,1,4.122231
-10.0,1,4.133715
-10.0,1,4.133715
10.0,1,4.133715
-10.0,1,4.137964
-10.0,1,4.144347
-10.0,1,4.144347
-10.0,1,4.146352
-10.0,1,4.146352
-10.0,1,4.154061
-10.0,1,4.154061
-10.0,1,4.154061
10.0,1,4.161195
-10.0,1,4.167353
-10.0,1,4.169358
-10.0,1,4.171365
-10.0,1,4.171365
10.0,1,4.179223
-10.0,1,4.181227
-10.0,1,4.181227
-10.0,1,4.183238
-10.0,1,4.192767
-10.0,1,4.194269
-10.0,1,4.196537
-10.0,1,4.19768
-10.0,1,4.203608
-10.0,1,4.205614
-10.0,1,4.205614
-10.0,1,4.207619
-10.0,1,4.213281
-10.0,1,4.213281
-10.0,1,4.216986
10.0,1,4.216986
-10.0,1,4.223774
10.0,1,4.226049
-10.0,1,4.226049
-10.0,1,4.226049
-10.0,1,4.235866
-10.0,1,4.237872
10.0,1,4.239879
-10.0,1,4.239879
10.0,1,4.249331
-10.0,1,4.249331
-10.0,1,4.252287
10.0,1,4.254293
-10.0,1,4.254293
-10.0,1,4.254293
-10.0,1,4.254293
-10.0,1,4.264279
10.0,1,4.264279
-10.0,1,4.264279
-10.0,1,4.264279
-10.0,1,4.264279
10.0,1,4.282331
10.0,1,4.285192
-10.0,1,4.287197
3.0,1,4.289202
-10.0,1,4.296072
-10.0,1,4.297157
10.0,1,4.297157
-10.0,1,4.297157
-10.0,1,4.308141
-10.0,1,4.309241
-10.0,1,4.311114
-10.0,1,4.31212
10.0,1,4.318982
-10.0,1,4.320988
-10.0,1,4.320988
-10.0,1,4.322993
-10.0,1,4.327762
-10.0,1,4.327762
-10.0,1,4.327762
-10.0,1,4.327762
-10.0,1,4.341413
-10.0,1,4.341413
10.0,1,4.343422
-10.0,1,4.343422
-10.0,1,4.350899
-10.0,1,4.350899
10.0,1,4.350899
-10.0,1,4.350899
-10.0,1,4.362195
-10.0,1,4.363688
-10.0,1,4.363688
3.0,1,4.363688
-10.0,1,4.374459
-10.0,1,4.375464
-10.0,1,4.375464
-10.0,1,4.37747
-10.0,1,4.37747
10.0,1,4.37747
-10.0,1,4.37747
-10.0,1,4.37747
-10.0,1,4.391495
-10.0,1,4.394933
-10.0,1,4.394933
10.0,1,4.394933
-10.0,1,4.404726
10.0,1,4.408873
10.0,1,4.411908
-10.0,1,4.411908
-10.0,1,4.418783
-10.0,1,4.420179
-10.0,1,4.420179
-10.0,1,4.422712
-10.0,1,4.430302
-10.0,1,4.432307
-10.0,1,4.432307
-10.0,1,4.434312
-10.0,1,4.440852
-10.0,1,4.443091
10.0,1,4.444303
-10.0,1,4.445432
-10.0,1,4.453452
-10.0,1,4.455467
-10.0,1,4.455467
-10.0,1,4.455467
10.0,1,4.464533
-10.0,1,4.46635
-10.0,1,4.46635
-10.0,1,4.468895
10.0,1,4.477899
-10.0,1,4.477899
-10.0,1,4.479903
10.0,1,4.479903
-10.0,1,4.487288
-10.0,1,4.489294
3.0,1,4.489294
-10.0,1,4.491299
-10.0,1,4.497439
-10.0,1,4.499447
-10.0,1,4.499447
-10.0,1,4.501451
10.0,1,4.501451
-10.0,1,4.501451
-10.0,1,4.501451
-10.0,1,4.501451
-10.0,1,4.517421
10.0,1,4.517421
-10.0,1,4.517421
-10.0,1,4.517421
-10.0,1,4.52899
-10.0,1,4.531837
-10.0,1,4.533342
-10.0,1,4.534348
-10.0,1,4.53917
-10.0,1,4.53917
-10.0,1,4.54424
-10.0,1,4.546247
-10.0,1,4.551532
-10.0,1,4.551532
-10.0,1,4.551532
-10.0,1,4.551532
-10.0,1,4.564002
-10.0,1,4.565509
-10.0,1,4.565509
10.0,1,4.567517
-10.0,1,4.575747
-10.0,1,4.575747
-10.0,1,4.577754
-10.0,1,4.579758
-10.0,1,4.585222
10.0,1,4.587793
-10.0,1,4.589799
-10.0,1,4.589799
-10.0,1,4.597463
-10.0,1,4.599469
-10.0,1,4.599469
10.0,1,4.601475
-10.0,1,4.609424
-10.0,1,4.611429
-10.0,1,4.613175
-10.0,1,4.613175
-10.0,1,4.618865
-10.0,1,4.618865
-10.0,1,4.618865
-10.0,1,4.618865
-10.0,1,4.634188
-10.0,1,4.636045
-10.0,1,4.638051
-10.0,1,4.638051
-10.0,1,4.644828
-10.0,1,4.646834
-10.0,1,4.646834
-10.0,1,4.648839
10.0,1,4.656249
-10.0,1,4.658091
10.0,1,4.660095
3.0,1,4.662102
-10.0,1,4.668723
-10.0,1,4.669943
-10.0,1,4.669943
-10.0,1,4.669943
-10.0,1,4.67594
10.0,1,4.67594
-10.0,1,4.67594
-10.0,1,4.67594
-10.0,1,4.67594
-10.0,1,4.67594
-10.0,1,4.691825
-10.0,1,4.691825
3.0,1,4.700786
-10.0,1,4.700786
-10.0,1,4.702792
-10.0,1,4.702792
-10.0,1,4.710474
-10.0,1,4.712479
-10.0,1,4.714484
-10.0,1,4.714484
10.0,1,4.723184
10.0,1,4.723184
-10.0,1,4.723184
-10.0,1,4.726409
-10.0,1,4.73402
-10.0,1,4.73402
-10.0,1,4.736025
-10.0,1,4.736025
-10.0,1,4.746858
-10.0,1,4.748863
-10.0,1,4.748863
3.0,1,4.750868
-10.0,1,4.757476
-10.0,1,4.757476
-10.0,1,4.757476
-10.0,1,4.757476
-10.0,1,4.766398
-10.0,1,4.770657
-10.0,1,4.770657
10.0,1,4.774668
-10.0,1,4.780688
-10.0,1,4.780688
-10.0,1,4.784294
-10.0,1,4.784294
-10.0,1,4.791476
10.0,1,4.793482
-10.0,1,4.793482
-10.0,1,4.795487
-10.0,1,4.802068
-10.0,1,4.802068
-10.0,1,4.804075
-10.0,1,4.806079
-10.0,1,4.811942
10.0,1,4.813949
-10.0,1,4.815954
10.0,1,4.815954
-10.0,1,4.823123
-10.0,1,4.823123
-10.0,1,4.825129
-10.0,1,4.827135
-10.0,1,4.83516
-10.0,1,4.83516
-10.0,1,4.83516
10.0,1,4.83516
-10.0,1,4.842769
-10.0,1,4.842769
10.0,1,4.85066
-10.0,1,4.853429
-10.0,1,4.860245
-10.0,1,4.860245
-10.0,1,4.860245
-10.0,1,4.865283
10.0,1,4.874223
-10.0,1,4.874223
-10.0,1,4.874223
-10.0,1,4.874223
-10.0,1,4.88674
10.0,1,4.888566
-10.0,1,4.888566
-10.0,1,4.890571
-10.0,1,4.898261
-10.0,1,4.898261
-10.0,1,4.898261
-10.0,1,4.898261
-10.0,1,4.908615
10.0,1,4.911208
-10.0,1,4.912289
-10.0,1,4.913295
-10.0,1,4.916315
-10.0,1,4.916315
-10.0,1,4.916315
-10.0,1,4.924454
-10.0,1,4.930774
-10.0,1,4.930774
-10.0,1,4.93278
-10.0,1,4.934285
-10.0,1,4.940747
-10.0,1,4.942753
3.0,1,4.942753
-10.0,1,4.9445
-10.0,1,4.952714
-10.0,1,4.952714
-10.0,1,4.952714
-10.0,1,4.952714
-10.0,1,4.965802
-10.0,1,4.965802
-10.0,1,4.965802
-10.0,1,4.96968
-10.0,1,4.976274
-10.0,1,4.978279
-10.0,1,4.978279
-10.0,1,4.980284
-10.0,1,4.986364
10.0,1,4.98837
3.0,1,4.990375
-10.0,1,4.990375
-10.0,1,4.99712
-10.0,1,4.998147
-10.0,1,4.999305
-10.0,1,5.000432
-10.0,1,5.008118
-10.0,1,5.009294
-10.0,1,5.009294
-10.0,1,5.009294
10.0,1,5.020395
10.0,1,5.022401
-10.0,1,5.024147
-10.0,1,5.026155
-10.0,1,5.032451
-10.0,1,5.034109
3.0,1,5.035549
-10.0,1,5.035549
-10.0,1,5.043595
-10.0,1,5.044676
-10.0,1,5.044676
-10.0,1,5.047701
-10.0,1,5.055239
-10.0,1,5.056244
-10.0,1,5.056244
-10.0,1,5.056244
10.0,1,5.061778
-10.0,1,5.061778
-10.0,1,5.061778
-10.0,1,5.061778
-10.0,1,5.081463
10.0,1,5.081463
-10.0,1,5.083324
-10.0,1,5.08533
-10.0,1,5.09252
-10.0,1,5.094197
-10.0,1,5.094197
-10.0,1,5.094197
10.0,1,5.101912
-10.0,1,5.103658
-10.0,1,5.103658
-10.0,1,5.103658
-10.0,1,5.113011
10.0,1,5.115017
3.0,1,5.115017
-10.0,1,5.117022
-10.0,1,5.119026
-10.0,1,5.119026
-10.0,1,5.119026
-10.0,1,5.119026
-10.0,1,5.136164
-10.0,1,5.136164
-10.0,1,5.138169
10.0,1,5.140175
-10.0,1,5.14953
-10.0,1,5.150537
10.0,1,5.150537
-10.0,1,5.150537
-10.0,1,5.161627
-10.0,1,5.161627
-10.0,1,5.163633
-10.0,1,5.163633
-10.0,1,5.172168
-10.0,1,5.172168
-10.0,1,5.174174
10.0,1,5.176179
-10.0,1,5.185058
10.0,1,5.185058
10.0,1,5.185058
10.0,1,5.192538
-10.0,1,5.19976
10.0,1,5.19976
-10.0,1,5.19976
-10.0,1,5.19976
-10.0,1,5.209815
-10.0,1,5.211821
-10.0,1,5.211821
-10.0,1,5.213825
-10.0,1,5.221287
-10.0,1,5.223292
-10.0,1,5.223292
-10.0,1,5.225297
-10.0,1,5.231006
-10.0,1,5.234592
-10.0,1,5.234592
-10.0,1,5.234592
-10.0,1,5.244936
-10.0,1,5.245968
-10.0,1,5.245968
-10.0,1,5.245968
10.0,1,5.255239
10.0,1,5.257245
-10.0,1,5.25925
-10.0,1,5.25925
-10.0,1,5.263744
-10.0,1,5.268557
-10.0,1,5.268557
-10.0,1,5.271173
-10.0,1,5.277026
10.0,1,5.279208
3.0,1,5.279208
10.0,1,5.282913
10.0,1,5.290261
-10.0,1,5.292267
-10.0,1,5.292267
-10.0,1,5.29655
10.0,1,5.303911
-10.0,1,5.30662
-10.0,1,5.30662
-10.0,1,5.308395
-10.0,1,5.316364
-10.0,1,5.316364
-10.0,1,5.318369
-10.0,1,5.320374
-10.0,1,5.32442
-10.0,1,5.32442
10.0,1,5.32442
-10.0,1,5.32442
-10.0,1,5.338176
-10.0,1,5.340179
-10.0,1,5.341735
10.0,1,5.343517
-10.0,1,5.350596
-10.0,1,5.352602
-10.0,1,5.352602
-10.0,1,5.354607
3.0,1,5.360893
-10.0,1,5.362899
-10.0,1,5.362899
-10.0,1,5.364904
3.0,1,5.371759
10.0,1,5.371759
-10.0,1,5.371759
-10.0,1,5.371759
-10.0,1,5.382981
-10.0,1,5.38412
-10.0,1,5.38412
-10.0,1,5.387127
-10.0,1,5.394175
-10.0,1,5.3952
-10.0,1,5.3952
-10.0,1,5.3952
-10.0,1,5.406982
10.0,1,5.408988
-10.0,1,5.410993
-10.0,1,5.410993
-10.0,1,5.418626
-10.0,1,5.420632
-10.0,1,5.420632
-10.0,1,5.422637
-10.0,1,5.429432
-10.0,1,5.431437
10.0,1,5.433442
-10.0,1,5.434947
10.0,1,5.442404
-10.0,1,5.444411
3.0,1,5.444411
-10.0,1,5.446416
-10.0,1,5.452173
-10.0,1,5.45382
-10.0,1,5.45546
-10.0,1,5.45694
-10.0,1,5.464652
10.0,1,5.466659
-10.0,1,5.466659
-10.0,1,5.466659
-10.0,1,5.476717
-10.0,1,5.476717
10.0,1,5.476717
10.0,1,5.476717
-10.0,1,5.487835
-10.0,1,5.487835
-10.0,1,5.490947
10.0,1,5.490947
-10.0,1,5.498119
-10.0,1,5.500797
-10.0,1,5.500797
-10.0,1,5.500797
-10.0,1,5.510178
-10.0,1,5.510178
-10.0,1,5.512184
10.0,1,5.513931
-10.0,1,5.523919
-10.0,1,5.523919
-10.0,1,5.525925
10.0,1,5.52793
-10.0,1,5.534838
10.0,1,5.534838
-10.0,1,5.534838
-10.0,1,5.534838
-10.0,1,5.544873
-10.0,1,5.544873
-10.0,1,5.544873
-10.0,1,5.544873
-10.0,1,5.556348
-10.0,1,5.559062
10.0,1,5.56193
-10.0,1,5.56193
-10.0,1,5.570169
-10.0,1,5.572175
-10.0,1,5.572175
-10.0,1,5.57418
-10.0,1,5.580761
-10.0,1,5.580761
10.0,1,5.582767
-10.0,1,5.584772
-10.0,1,5.591254
-10.0,1,5.591254
10.0,1,5.592788
-10.0,1,5.596134
10.0,1,5.602388
-10.0,1,5.602388
-10.0,1,5.602388
-10.0,1,5.602388
-10.0,1,5.608904
-10.0,1,5.608904
10.0,1,5.608904
-10.0,1,5.608904
-10.0,1,5.628581
-10.0,1,5.629686
-10.0,1,5.629686
-10.0,1,5.629686
-10.0,1,5.640423
-10.0,1,5.642751
-10.0,1,5.642751
-10.0,1,5.644757
-10.0,1,5.649818
-10.0,1,5.649818
-10.0,1,5.649818
10.0,1,5.649818
10.0,1,5.656381
-10.0,1,5.656381
-10.0,1,5.656381
-10.0,1,5.656381
-10.0,1,5.672183
-10.0,1,5.672183
-10.0,1,5.672183
-10.0,1,5.672183
-10.0,1,5.684981
-10.0,1,5.686986
-10.0,1,5.68799
3.0,1,5.689996
-10.0,1,5.697137
10.0,1,5.698161
-10.0,1,5.700166
-10.0,1,5.700166
10.0,1,5.707935
-10.0,1,5.70994
10.0,1,5.711946
-10.0,1,5.711946
-10.0,1,5.718623
-10.0,1,5.719628
10.0,1,5.721637
-10.0,1,5.723642
-10.0,1,5.730007
10.0,1,5.732013
-10.0,1,5.734019
-10.0,1,5.734523
-10.0,1,5.742719
-10.0,1,5.745466
-10.0,1,5.746534
-10.0,1,5.746534
-10.0,1,5.754479
-10.0,1,5.756485
-10.0,1,5.756485
-10.0,1,5.75849
-10.0,1,5.764933
-10.0,1,5.766938
-10.0,1,5.768944
10.0,1,5.770949
10.0,1,5.77761
-10.0,1,5.779615
-10.0,1,5.78162
-10.0,1,5.784631
10.0,1,5.792777
-10.0,1,5.794608
10.0,1,5.796613
-10.0,1,5.796613
-10.0,1,5.802293
-10.0,1,5.802293
-10.0,1,5.802293
-10.0,1,5.802293
-10.0,1,5.815384
-10.0,1,5.816488
-10.0,1,5.816488
-10.0,1,5.818942
-10.0,1,5.826428
3.0,1,5.828434
-10.0,1,5.828434
10.0,1,5.830181
3.0,1,5.837291
-10.0,1,5.839297
10.0,1,5.841301
-10.0,1,5.841301
10.0,1,5.847176
-10.0,1,5.847176
-10.0,1,5.847176
-10.0,1,5.847176
-10.0,1,5.864556
10.0,1,5.866562
-10.0,1,5.868567
10.0,1,5.870572
-10.0,1,5.870572
-10.0,1,5.877839
-10.0,1,5.880274
-10.0,1,5.880274
-10.0,1,5.888475
-10.0,1,5.888475
10.0,1,5.888475
-10.0,1,5.888475
-10.0,1,5.89837
10.0,1,5.901021
-10.0,1,5.903025
-10.0,1,5.903025
-10.0,1,5.910752
-10.0,1,5.910752
10.0,1,5.912757
-10.0,1,5.914762
-10.0,1,5.921332
-10.0,1,5.921332
-10.0,1,5.925545
10.0,1,5.925545
-10.0,1,5.934414
-10.0,1,5.934414
-10.0,1,5.936754
10.0,1,5.938555
-10.0,1,5.941468
10.0,1,5.941468
-10.0,1,5.941468
-10.0,1,5.941468
-10.0,1,5.95682
-10.0,1,5.95682
-10.0,1,5.95682
-10.0,1,5.95682
10.0,1,5.970876
-10.0,1,5.972623
-10.0,1,5.972623
-10.0,1,5.972623
-10.0,1,5.980717
-10.0,1,5.982019
-10.0,1,5.982019
-10.0,1,5.982019
10.0,1,5.988572
-10.0,1,5.988572
-10.0,1,5.988572
-10.0,1,5.988572
-10.0,1,6.001027
-10.0,1,6.002049
10.0,1,6.004557
-10.0,1,6.005692
-10.0,1,6.01182
-10.0,1,6.01182
-10.0,1,6.014965
-10.0,1,6.014965
-10.0,1,6.022774
-10.0,1,6.02478
-10.0,1,6.02478
-10.0,1,6.026786
-10.0,1,6.035596
-10.0,1,6.036601
-10.0,1,6.036601
-10.0,1,6.036601
10.0,1,6.036601
-10.0,1,6.036601
10.0,1,6.052673
-10.0,1,6.052673
10.0,1,6.059501
-10.0,1,6.061507
3.0,1,6.061507
-10.0,1,6.063513
-10.0,1,6.069673
-10.0,1,6.069673
-10.0,1,6.069673
-10.0,1,6.069673
-10.0,1,6.083749
-10.0,1,6.083749
-10.0,1,6.088699
-10.0,1,6.088699
-10.0,1,6.095698
-10.0,1,6.095698
10.0,1,6.099593
-10.0,1,6.101599
-10.0,1,6.10759
-10.0,1,6.10759
10.0,1,6.109596
-10.0,1,6.111601
-10.0,1,6.11536
-10.0,1,6.11536
-10.0,1,6.122002
-10.0,1,6.122002
10.0,1,6.133368
-10.0,1,6.134372
10.0,1,6.136377
-10.0,1,6.138381
-10.0,1,6.144123
-10.0,1,6.146129
-10.0,1,6.147135
-10.0,1,6.14914
-10.0,1,6.15175
-10.0,1,6.15175
-10.0,1,6.15175
-10.0,1,6.15175
10.0,1,6.163149
-10.0,1,6.163149
-10.0,1,6.163149
10.0,1,6.163149
10.0,1,6.163149
-10.0,1,6.179158
-10.0,1,6.182733
-10.0,1,6.185665
-10.0,1,6.191673
-10.0,1,6.193679
-10.0,1,6.193679
-10.0,1,6.195184
-10.0,1,6.20161
-10.0,1,6.20161
-10.0,1,6.203616
-10.0,1,6.205621
-10.0,1,6.211918
-10.0,1,6.211918
-10.0,1,6.213923
-10.0,1,6.215929
-10.0,1,6.222355
10.0,1,6.224361
-10.0,1,6.224361
3.0,1,6.226366
-10.0,1,6.234199
-10.0,1,6.234199
-10.0,1,6.234199
-10.0,1,6.234199
-10.0,1,6.24598
-10.0,1,6.24598
10.0,1,6.250703
-10.0,1,6.252383
10.0,1,6.257727
-10.0,1,6.257727
-10.0,1,6.257727
-10.0,1,6.257727
-10.0,1,6.268442
-10.0,1,6.271422
-10.0,1,6.271422
-10.0,1,6.273427
-10.0,1,6.281867
10.0,1,6.283679
-10.0,1,6.283679
-10.0,1,6.285684
10.0,1,6.296212
10.0,1,6.298218
-10.0,1,6.298218
3.0,1,6.300223
10.0,1,6.305165
-10.0,1,6.305165
-10.0,1,6.305165
-10.0,1,6.305165
-10.0,1,6.318621
-10.0,1,6.318621
-10.0,1,6.320627
-10.0,1,6.322634
10.0,1,6.330442
-10.0,1,6.332271
-10.0,1,6.332271
-10.0,1,6.334275
-10.0,1,6.342037
-10.0,1,6.342544
-10.0,1,6.344548
-10.0,1,6.346553
-10.0,1,6.352159
-10.0,1,6.352159
-10.0,1,6.352159
10.0,1,6.359759
-10.0,1,6.36525
10.0,1,6.368271
10.0,1,6.368271
3.0,1,6.368271
-10.0,1,6.378541
10.0,1,6.380546
-10.0,1,6.382552
10.0,1,6.384298
10.0,1,6.392122
-10.0,1,6.394948
-10.0,1,6.394948
10.0,1,6.396954
-10.0,1,6.406927
-10.0,1,6.406927
-10.0,1,6.408933
-10.0,1,6.410939
-10.0,1,6.418074
-10.0,1,6.418074
-10.0,1,6.420986
-10.0,1,6.422991
-10.0,1,6.422991
10.0,1,6.422991
-10.0,1,6.431669
-10.0,1,6.431669
-10.0,1,6.434292
-10.0,1,6.434292
-10.0,1,6.434292
3.0,1,6.434292
-10.0,1,6.447531
-10.0,1,6.447531
-10.0,1,6.447531
10.0,1,6.447531
-10.0,1,6.465623
-10.0,1,6.465623
-10.0,1,6.467629
-10.0,1,6.467629
10.0,1,6.474889
-10.0,1,6.476896
-10.0,1,6.478642
-10.0,1,6.478642
-10.0,1,6.486424
-10.0,1,6.486424
-10.0,1,6.48843
-10.0,1,6.48843
-10.0,1,6.496683
-10.0,1,6.496683
10.0,1,6.499333
-10.0,1,6.501339
-10.0,1,6.508514
-10.0,1,6.508514
-10.0,1,6.510521
-10.0,1,6.510521
-10.0,1,6.519714
-10.0,1,6.519714
10.0,1,6.519714
-10.0,1,6.526314
-10.0,1,6.526314
-10.0,1,6.534544
-10.0,1,6.534544
-10.0,1,6.534544
-10.0,1,6.542432
-10.0,1,6.54749
-10.0,1,6.549133
-10.0,1,6.550762
-10.0,1,6.558363
-10.0,1,6.558363
-10.0,1,6.560975
-10.0,1,6.560975
-10.0,1,6.567765
-10.0,1,6.569156
-10.0,1,6.571049
-10.0,1,6.572991
10.0,1,6.573997
-10.0,1,6.573997
-10.0,1,6.573997
-10.0,1,6.573997
-10.0,1,6.590033
-10.0,1,6.590033
-10.0,1,6.590033
-10.0,1,6.590033
-10.0,1,6.602511
-10.0,1,6.602511
-10.0,1,6.604581
-10.0,1,6.60726
-10.0,1,6.613136
10.0,1,6.614166
-10.0,1,6.616695
-10.0,1,6.616695
-10.0,1,6.628196
-10.0,1,6.630201
10.0,1,6.630201
-10.0,1,6.632205
-10.0,1,6.640774
-10.0,1,6.642665
-10.0,1,6.642665
-10.0,1,6.64467
-10.0,1,6.650998
-10.0,1,6.653004
-10.0,1,6.654008
-10.0,1,6.656015
-10.0,1,6.662492
10.0,1,6.664497
-10.0,1,6.664497
-10.0,1,6.666502
-10.0,1,6.67357
-10.0,1,6.676463
-10.0,1,6.676463
10.0,1,6.678469
-10.0,1,6.685981
-10.0,1,6.687987
10.0,1,6.687987
-10.0,1,6.689992
-10.0,1,6.698057
-10.0,1,6.700062
-10.0,1,6.700062
10.0,1,6.701809
-10.0,1,6.708735
-10.0,1,6.708735
-10.0,1,6.710741
-10.0,1,6.712746
3.0,1,6.716988
10.0,1,6.716988
-10.0,1,6.716988
-10.0,1,6.716988
-10.0,1,6.732099
-10.0,1,6.734612
10.0,1,6.737417
-10.0,1,6.739422
-10.0,1,6.745932
10.0,1,6.748943
-10.0,1,6.750948
-10.0,1,6.750948
-10.0,1,6.758482
-10.0,1,6.758482
-10.0,1,6.761586
-10.0,1,6.761586
-10.0,1,6.764622
-10.0,1,6.772361
-10.0,1,6.772361
10.0,1,6.774366
-10.0,1,6.78193
-10.0,1,6.78193
-10.0,1,6.785054
-10.0,1,6.785054
-10.0,1,6.793938
-10.0,1,6.793938
-10.0,1,6.796457
-10.0,1,6.796457
-10.0,1,6.804327
-10.0,1,6.806164
-10.0,1,6.806164
-10.0,1,6.80817
-10.0,1,6.814451
-10.0,1,6.816059
-10.0,1,6.816059
-10.0,1,6.818691
-10.0,1,6.822948
10.0,1,6.828207
-10.0,1,6.828207
-10.0,1,6.828207
-10.0,1,6.838228
-10.0,1,6.840681
-10.0,1,6.841188
10.0,1,6.843193
-10.0,1,6.852523
-10.0,1,6.854528
-10.0,1,6.854528
-10.0,1,6.856534
-10.0,1,6.863321
-10.0,1,6.865327
-10.0,1,6.867333
10.0,1,6.867333
-10.0,1,6.875742
-10.0,1,6.875742
10.0,1,6.878814
-10.0,1,6.878814
10.0,1,6.887847
-10.0,1,6.889853
-10.0,1,6.891599
-10.0,1,6.891599
-10.0,1,6.898308
-10.0,1,6.898308
-10.0,1,6.898308
-10.0,1,6.898308
-10.0,1,6.909611
-10.0,1,6.910654
-10.0,1,6.910654
-10.0,1,6.91331
10.0,1,6.919719
-10.0,1,6.919719
-10.0,1,6.923422
-10.0,1,6.923422
-10.0,1,6.93084
-10.0,1,6.93084
-10.0,1,6.93084
-10.0,1,6.934876
-10.0,1,6.942524
10.0,1,6.94453
10.0,1,6.946536
-10.0,1,6.946536
-10.0,1,6.953691
-10.0,1,6.955436
-10.0,1,6.955436
-10.0,1,6.960227
-10.0,1,6.969169
-10.0,1,6.971179
-10.0,1,6.971179
-10.0,1,6.973187
-10.0,1,6.979933
-10.0,1,6.981938
-10.0,1,6.981938
-10.0,1,6.983945
-10.0,1,6.986999
-10.0,1,6.993383
-10.0,1,6.993383
-10.0,1,6.995389
-10.0,1,7.003833
-10.0,1,7.003833
-10.0,1,7.003833
-10.0,1,7.003833
-10.0,1,7.014693
3.0,1,7.016496
10.0,1,7.018501
10.0,1,7.020507
10.0,1,7.022512
-10.0,1,7.022512
-10.0,1,7.022512
-10.0,1,7.022512
-10.0,1,7.036919
-10.0,1,7.039733
10.0,1,7.041895
-10.0,1,7.041895
-10.0,1,7.049285
-10.0,1,7.050303
-10.0,1,7.050303
-10.0,1,7.050303
-10.0,1,7.061435
-10.0,1,7.061435
-10.0,1,7.061435
-10.0,1,7.065997
-10.0,1,7.075971
-10.0,1,7.077856
-10.0,1,7.079862
10.0,1,7.079862
-10.0,1,7.08842
-10.0,1,7.089793
-10.0,1,7.089793
-10.0,1,7.092531
-10.0,1,7.09892
-10.0,1,7.100925
-10.0,1,7.100925
-10.0,1,7.10293
10.0,1,7.10293
3.0,1,7.112217
-10.0,1,7.113723
-10.0,1,7.113723
10.0,1,7.122126
-10.0,1,7.124131
-10.0,1,7.126137
-10.0,1,7.126137
-10.0,1,7.132915
-10.0,1,7.13492
10.0,1,7.13492
10.0,1,7.13492
-10.0,1,7.145379
-10.0,1,7.147125
10.0,1,7.147125
-10.0,1,7.147125
3.0,1,7.157844
-10.0,1,7.157844
-10.0,1,7.161359
-10.0,1,7.161359
-10.0,1,7.171019
-10.0,1,7.171019
-10.0,1,7.171019
-10.0,1,7.171019
-10.0,1,7.182162
-10.0,1,7.182162
-10.0,1,7.182162
-10.0,1,7.182162
-10.0,1,7.193258
-10.0,1,7.194316
-10.0,1,7.194316
-10.0,1,7.194316
-10.0,1,7.203375
-10.0,1,7.203375
-10.0,1,7.203375
10.0,1,7.203375
-10.0,1,7.214896
-10.0,1,7.214896
10.0,1,7.216901
-10.0,1,7.218906
-10.0,1,7.226715
-10.0,1,7.227807
-10.0,1,7.227807
-10.0,1,7.230405
-10.0,1,7.237958
-10.0,1,7.240249
-10.0,1,7.240249
-10.0,1,7.240249
-10.0,1,7.249504
-10.0,1,7.250523
-10.0,1,7.252528
-10.0,1,7.252528
-10.0,1,7.259852
-10.0,1,7.261858
-10.0,1,7.261858
-10.0,1,7.263864
-10.0,1,7.271697
-10.0,1,7.271697
-10.0,1,7.271697
-10.0,1,7.271697
-10.0,1,7.281332
-10.0,1,7.283337
-10.0,1,7.283337
-10.0,1,7.285342
-10.0,1,7.294865
-10.0,1,7.294865
-10.0,1,7.296872
10.0,1,7.298877
-10.0,1,7.306324
-10.0,1,7.306324
-10.0,1,7.308862
-10.0,1,7.308862
-10.0,1,7.314574
-10.0,1,7.319057
-10.0,1,7.319057
-10.0,1,7.319057
-10.0,1,7.319057
-10.0,1,7.319057
-10.0,1,7.319057
10.0,1,7.319057
-10.0,1,7.340398
-10.0,1,7.342404
-10.0,1,7.342404
-10.0,1,7.344417
-10.0,1,7.351543
10.0,1,7.351543
-10.0,1,7.351543
-10.0,1,7.351543
-10.0,1,7.362555
-10.0,1,7.36456
-10.0,1,7.366306
-10.0,1,7.366306
-10.0,1,7.373445
-10.0,1,7.375451
-10.0,1,7.375451
-10.0,1,7.377457
-10.0,1,7.382422
-10.0,1,7.382422
-10.0,1,7.382422
-10.0,1,7.382422
-10.0,1,7.393873
-10.0,1,7.393873
-10.0,1,7.393873
-10.0,1,7.39842
10.0,1,7.409609
-10.0,1,7.409609
10.0,1,7.411614
10.0,1,7.413619
-10.0,1,7.415624
-10.0,1,7.415624
-10.0,1,7.415624
-10.0,1,7.415624
-10.0,1,7.429372
10.0,1,7.429372
-10.0,1,7.43527
-10.0,1,7.43527
10.0,1,7.445128
-10.0,1,7.445128
10.0,1,7.445128
-10.0,1,7.445128
-10.0,1,7.456728
-10.0,1,7.456728
10.0,1,7.458993
3.0,1,7.460998
10.0,1,7.470831
-10.0,1,7.470831
10.0,1,7.472837
-10.0,1,7.474842
-10.0,1,7.481181
-10.0,1,7.481181
-10.0,1,7.483188
-10.0,1,7.483188
-10.0,1,7.490838
-10.0,1,7.492584
10.0,1,7.492584
-10.0,1,7.49459
10.0,1,7.50335
-10.0,1,7.50335
-10.0,1,7.505356
-10.0,1,7.507361
-10.0,1,7.516859
-10.0,1,7.516859
-10.0,1,7.516859
-10.0,1,7.516859
10.0,1,7.527592
-10.0,1,7.529598
10.0,1,7.531604
-10.0,1,7.531604
-10.0,1,7.539361
-10.0,1,7.540366
-10.0,1,7.540366
-10.0,1,7.542373
-10.0,1,7.549662
-10.0,1,7.549662
-10.0,1,7.551667
-10.0,1,7.551667
-10.0,1,7.558874
10.0,1,7.560879
-10.0,1,7.562884
-10.0,1,7.562884
10.0,1,7.564888
-10.0,1,7.572226
-10.0,1,7.574061
-10.0,1,7.574061
10.0,1,7.574061
-10.0,1,7.574061
-10.0,1,7.574061
-10.0,1,7.574061
-10.0,1,7.588111
-10.0,1,7.588111
-10.0,1,7.593622
-10.0,1,7.595629
10.0,1,7.601725
10.0,1,7.603731
-10.0,1,7.60574
-10.0,1,7.607745
-10.0,1,7.615634
-10.0,1,7.617613
-10.0,1,7.619362
-10.0,1,7.620872
-10.0,1,7.629759
-10.0,1,7.630894
-10.0,1,7.632404
-10.0,1,7.634112
-10.0,1,7.639666
-10.0,1,7.640931
-10.0,1,7.640931
10.0,1,7.640931
-10.0,1,7.649932
-10.0,1,7.652171
-10.0,1,7.652171
-10.0,1,7.652171
-10.0,1,7.660722
-10.0,1,7.660722
-10.0,1,7.662729
-10.0,1,7.664733
-10.0,1,7.671033
-10.0,1,7.673038
-10.0,1,7.673038
-10.0,1,7.675044
-10.0,1,7.682614
10.0,1,7.683686
3.0,1,7.683686
-10.0,1,7.683686
-10.0,1,7.693786
-10.0,1,7.693786
-10.0,1,7.695791
10.0,1,7.697801
-10.0,1,7.705312
-10.0,1,7.705312
10.0,1,7.707318
-10.0,1,7.709323
-10.0,1,7.714925
-10.0,1,7.716751
-10.0,1,7.716751
-10.0,1,7.718756
-10.0,1,7.723971
-10.0,1,7.723971
-10.0,1,7.729987
3.0,1,7.731784
-10.0,1,7.735307
-10.0,1,7.744033
-10.0,1,7.745772
-10.0,1,7.747778
-10.0,1,7.754328
10.0,1,7.756333
10.0,1,7.758338
-10.0,1,7.758338
-10.0,1,7.764287
10.0,1,7.764287
-10.0,1,7.764287
10.0,1,7.764287
-10.0,1,7.777658
-10.0,1,7.777658
-10.0,1,7.779664
-10.0,1,7.781669
-10.0,1,7.788606
-10.0,1,7.790611
-10.0,1,7.790611
-10.0,1,7.790611
10.0,1,7.799881
-10.0,1,7.799881
-10.0,1,7.802506
-10.0,1,7.80358
-10.0,1,7.810894
-10.0,1,7.810894
-10.0,1,7.8129
-10.0,1,7.814905
-10.0,1,7.822019
10.0,1,7.824025
-10.0,1,7.82553
-10.0,1,7.82553
-10.0,1,7.833357
-10.0,1,7.835411
-10.0,1,7.835411
-10.0,1,7.835411
-10.0,1,7.845728
3.0,1,7.845728
-10.0,1,7.845728
-10.0,1,7.845728
-10.0,1,7.857033
-10.0,1,7.857033
-10.0,1,7.857033
3.0,1,7.857033
-10.0,1,7.869621
-10.0,1,7.869621
-10.0,1,7.871627
-10.0,1,7.873132
-10.0,1,7.88104
10.0,1,7.883052
-10.0,1,7.884162
-10.0,1,7.884162
10.0,1,7.892735
-10.0,1,7.892735
10.0,1,7.896173
10.0,1,7.896173
-10.0,1,7.902171
-10.0,1,7.905184
10.0,1,7.90719
-10.0,1,7.909194
-10.0,1,7.916712
-10.0,1,7.916712
-10.0,1,7.918982
-10.0,1,7.920053
10.0,1,7.927043
-10.0,1,7.927043
-10.0,1,7.929962
-10.0,1,7.929962
10.0,1,7.940358
-10.0,1,7.94183
10.0,1,7.942955
10.0,1,7.942955
-10.0,1,7.951239
-10.0,1,7.952985
-10.0,1,7.954991
-10.0,1,7.954991
-10.0,1,7.965352
10.0,1,7.968861
-10.0,1,7.970101
-10.0,1,7.972103
-10.0,1,7.978773
-10.0,1,7.978773
-10.0,1,7.980778
-10.0,1,7.982783
-10.0,1,7.988937
-10.0,1,7.990943
-10.0,1,7.990943
-10.0,1,7.992948
3.0,1,8.001467
-10.0,1,8.003473
-10.0,1,8.003473
10.0,1,8.005478
-10.0,1,8.013164
-10.0,1,8.013164
-10.0,1,8.016192
-10.0,1,8.016192
10.0,1,8.025579
-10.0,1,8.025579
-10.0,1,8.027585
-10.0,1,8.02959
-10.0,1,8.038395
-10.0,1,8.038395
-10.0,1,8.040402
10.0,1,8.042407
-10.0,1,8.047682
-10.0,1,8.047682
-10.0,1,8.047682
-10.0,1,8.047682
10.0,1,8.059235
-10.0,1,8.061242
-10.0,1,8.061242
-10.0,1,8.063248
10.0,1,8.073249
-10.0,1,8.075255
-10.0,1,8.07726
-10.0,1,8.079006
10.0,1,8.08638
-10.0,1,8.08638
-10.0,1,8.088228
-10.0,1,8.089453
-10.0,1,8.097542
-10.0,1,8.097542
-10.0,1,8.097542
-10.0,1,8.097542
-10.0,1,8.105901
-10.0,1,8.107446
10.0,1,8.107446
-10.0,1,8.107446
-10.0,1,8.116593
-10.0,1,8.118599
-10.0,1,8.118599
-10.0,1,8.120605
-10.0,1,8.127809
-10.0,1,8.127809
10.0,1,8.127809
-10.0,1,8.127809
-10.0,1,8.13874
-10.0,1,8.13874
10.0,1,8.142492
-10.0,1,8.142492
-10.0,1,8.151723
10.0,1,8.153824
-10.0,1,8.153824
-10.0,1,8.155829
-10.0,1,8.162751
-10.0,1,8.164757
-10.0,1,8.164757
10.0,1,8.166762
-10.0,1,8.178424
-10.0,1,8.178424
-10.0,1,8.18043
-10.0,1,8.182435
-10.0,1,8.182435
-10.0,1,8.190422
-10.0,1,8.190422
10.0,1,8.190422
3.0,1,8.200925
10.0,1,8.203269
10.0,1,8.204338
-10.0,1,8.206084
-10.0,1,8.21267
10.0,1,8.214675
-10.0,1,8.216681
-10.0,1,8.216681
-10.0,1,8.224044
-10.0,1,8.226223
-10.0,1,8.228965
-10.0,1,8.228965
-10.0,1,8.236173
-10.0,1,8.23911
10.0,1,8.241862
-10.0,1,8.241862
10.0,1,8.249762
-10.0,1,8.251766
-10.0,1,8.253771
-10.0,1,8.253771
10.0,1,8.262932
-10.0,1,8.264011
-10.0,1,8.264011
-10.0,1,8.264011
10.0,1,8.26988
-10.0,1,8.26988
10.0,1,8.26988
-10.0,1,8.26988
10.0,1,8.289135
10.0,1,8.289135
-10.0,1,8.289135
3.0,1,8.294017
-10.0,1,8.301898
10.0,1,8.301898
-10.0,1,8.301898
-10.0,1,8.308388
-10.0,1,8.314596
-10.0,1,8.317606
-10.0,1,8.317606
-10.0,1,8.319611
-10.0,1,8.327753
-10.0,1,8.328819
-10.0,1,8.330823
-10.0,1,8.330823
10.0,1,8.338799
-10.0,1,8.340804
-10.0,1,8.340804
-10.0,1,8.34281
10.0,1,8.350839
-10.0,1,8.350839
-10.0,1,8.352846
-10.0,1,8.352846
10.0,1,8.362392
-10.0,1,8.362392
-10.0,1,8.364398
-10.0,1,8.366403
-10.0,1,8.372333
-10.0,1,8.374339
-10.0,1,8.374339
10.0,1,8.376343
-10.0,1,8.384931
-10.0,1,8.384931
10.0,1,8.386936
-10.0,1,8.388941
-10.0,1,8.397417
-10.0,1,8.397417
-10.0,1,8.397417
-10.0,1,8.397417
-10.0,1,8.397417
-10.0,1,8.412045
-10.0,1,8.412045
-10.0,1,8.412045
-10.0,1,8.421253
-10.0,1,8.423259
-10.0,1,8.423259
-10.0,1,8.425264
-10.0,1,8.427697
-10.0,1,8.427697
-10.0,1,8.435758
-10.0,1,8.435758
-10.0,1,8.44618
3.0,1,8.44618
10.0,1,8.44618
-10.0,1,8.450852
-10.0,1,8.458113
-10.0,1,8.459619
10.0,1,8.461624
-10.0,1,8.463629
-10.0,1,8.471515
-10.0,1,8.471515
-10.0,1,8.473522
-10.0,1,8.475268
10.0,1,8.483277
3.0,1,8.483277
-10.0,1,8.483277
-10.0,1,8.483277
-10.0,1,8.4949
-10.0,1,8.4949
10.0,1,8.49891
-10.0,1,8.49891
-10.0,1,8.507003
-10.0,1,8.508348
-10.0,1,8.508348
-10.0,1,8.508348
-10.0,1,8.520097
-10.0,1,8.520097
-10.0,1,8.522703
-10.0,1,8.522703
-10.0,1,8.532164
-10.0,1,8.534668
-10.0,1,8.535673
-10.0,1,8.535673
10.0,1,8.543824
-10.0,1,8.544968
-10.0,1,8.544968
-10.0,1,8.544968
-10.0,1,8.554068
-10.0,1,8.556075
-10.0,1,8.558079
-10.0,1,8.558079
-10.0,1,8.565272
-10.0,1,8.566428
-10.0,1,8.566428
-10.0,1,8.566428
-10.0,1,8.575204
-10.0,1,8.576317
-10.0,1,8.576317
-10.0,1,8.576317
-10.0,1,8.58563
-10.0,1,8.587636
-10.0,1,8.587636
-10.0,1,8.589642
-10.0,1,8.596294
3.0,1,8.596294
-10.0,1,8.596294
10.0,1,8.601308
-10.0,1,8.601308
-10.0,1,8.601308
-10.0,1,8.601308
-10.0,1,8.601308
-10.0,1,8.618196
-10.0,1,8.618196
3.0,1,8.618196
-10.0,1,8.618196
10.0,1,8.632352
-10.0,1,8.63436
-10.0,1,8.635865
-10.0,1,8.63787
-10.0,1,8.64256
-10.0,1,8.644676
-10.0,1,8.646487
-10.0,1,8.648236
-10.0,1,8.654294
-10.0,1,8.6563
-10.0,1,8.658305
-10.0,1,8.658305
-10.0,1,8.66656
-10.0,1,8.66656
-10.0,1,8.66656
10.0,1,8.671926
-10.0,1,8.678953
-10.0,1,8.679958
-10.0,1,8.681964
-10.0,1,8.681964
-10.0,1,8.688868
10.0,1,8.692433
-10.0,1,8.693647
-10.0,1,8.693647
10.0,1,8.702206
-10.0,1,8.702206
-10.0,1,8.702206
-10.0,1,8.702206
-10.0,1,8.711627
-10.0,1,8.713099
-10.0,1,8.714297
-10.0,1,8.715417
-10.0,1,8.722265
-10.0,1,8.722265
10.0,1,8.726276
-10.0,1,8.728477
10.0,1,8.737173
-10.0,1,8.739178
-10.0,1,8.741184
-10.0,1,8.741184
-10.0,1,8.746444
-10.0,1,8.748772
10.0,1,8.751464
-10.0,1,8.752521
-10.0,1,8.75823
10.0,1,8.760481
3.0,1,8.763049
-10.0,1,8.763049
-10.0,1,8.770355
-10.0,1,8.770355
-10.0,1,8.772361
-10.0,1,8.774107
-10.0,1,8.780714
-10.0,1,8.78272
-10.0,1,8.78272
-10.0,1,8.784724
-10.0,1,8.789769
-10.0,1,8.791987
-10.0,1,8.793921
10.0,1,8.795077
-10.0,1,8.802176
-10.0,1,8.802176
-10.0,1,8.804182
-10.0,1,8.805686
-10.0,1,8.813061
-10.0,1,8.813061
-10.0,1,8.815066
-10.0,1,8.817072
-10.0,1,8.82414
10.0,1,8.826146
-10.0,1,8.826146
-10.0,1,8.828151
-10.0,1,8.828151
-10.0,1,8.836164
-10.0,1,8.836164
-10.0,1,8.837673
10.0,1,8.837673
-10.0,1,8.837673
-10.0,1,8.837673
-10.0,1,8.837673
-10.0,1,8.853779
-10.0,1,8.853779
10.0,1,8.853779
-10.0,1,8.853779
-10.0,1,8.869583
-10.0,1,8.870732
-10.0,1,8.871801
-10.0,1,8.871801
-10.0,1,8.881639
-10.0,1,8.883506
10.0,1,8.885246
-10.0,1,8.885246
-10.0,1,8.892693
-10.0,1,8.892693
-10.0,1,8.894697
-10.0,1,8.896703
-10.0,1,8.904382
-10.0,1,8.906699
10.0,1,8.906699
-10.0,1,8.908705
-10.0,1,8.908705
-10.0,1,8.91677
-10.0,1,8.91677
-10.0,1,8.91677
-10.0,1,8.924896
-10.0,1,8.926108
-10.0,1,8.926108
10.0,1,8.930306
10.0,1,8.937409
-10.0,1,8.941441
3.0,1,8.942739
-10.0,1,8.942739
10.0,1,8.952889
10.0,1,8.956899
-10.0,1,8.956899
-10.0,1,8.958904
10.0,1,8.964442
-10.0,1,8.966448
-10.0,1,8.968454
-10.0,1,8.968454
10.0,1,8.976786
-10.0,1,8.976786
-10.0,1,8.976786
-10.0,1,8.980293
-10.0,1,8.988701
-10.0,1,8.988701
10.0,1,8.988701
-10.0,1,8.988701
-10.0,1,8.999762
-10.0,1,8.999762
-10.0,1,8.999762
-10.0,1,9.003948
-10.0,1,9.010278
-10.0,1,9.012025
-10.0,1,9.012025
10.0,1,9.014031
3.0,1,9.022568
-10.0,1,9.022568
10.0,1,9.02539
-10.0,1,9.027928
10.0,1,9.036201
-10.0,1,9.038207
-10.0,1,9.038207
-10.0,1,9.040211
-10.0,1,9.046728
-10.0,1,9.046728
-10.0,1,9.048734
-10.0,1,9.050739
-10.0,1,9.058212
-10.0,1,9.058212
-10.0,1,9.05996
-10.0,1,9.064676
-10.0,1,9.072928
10.0,1,9.075598
-10.0,1,9.075598
-10.0,1,9.077604
-10.0,1,9.086052
10.0,1,9.087247
-10.0,1,9.087247
-10.0,1,9.087247
10.0,1,9.097412
10.0,1,9.099418
-10.0,1,9.101422
-10.0,1,9.101422
10.0,1,9.109349
-10.0,1,9.111355
-10.0,1,9.111355
-10.0,1,9.11336
-10.0,1,9.120962
-10.0,1,9.122033
-10.0,1,9.123039
-10.0,1,9.123039
-10.0,1,9.128927
-10.0,1,9.133075
-10.0,1,9.133075
-10.0,1,9.136173
-10.0,1,9.142765
-10.0,1,9.144771
-10.0,1,9.146775
10.0,1,9.14878
10.0,1,9.154538
-10.0,1,9.154538
-10.0,1,9.154538
-10.0,1,9.154538
-10.0,1,9.167546
-10.0,1,9.169552
-10.0,1,9.170557
10.0,1,9.170557
-10.0,1,9.184088
10.0,1,9.18589
-10.0,1,9.18589
-10.0,1,9.18589
-10.0,1,9.195444
-10.0,1,9.19745
-10.0,1,9.199455
10.0,1,9.20146
-10.0,1,9.208322
-10.0,1,9.208322
10.0,1,9.210327
-10.0,1,9.212332
-10.0,1,9.217189
-10.0,1,9.217189
-10.0,1,9.217189
10.0,1,9.217189
-10.0,1,9.230732
10.0,1,9.232738
-10.0,1,9.234744
-10.0,1,9.236249
-10.0,1,9.241964
-10.0,1,9.246414
10.0,1,9.248419
-10.0,1,9.248419
-10.0,1,9.256112
-10.0,1,9.256112
-10.0,1,9.256112
10.0,1,9.256112
10.0,1,9.267653
-10.0,1,9.26966
-10.0,1,9.271665
-10.0,1,9.271665
-10.0,1,9.280422
-10.0,1,9.280422
-10.0,1,9.280422
-10.0,1,9.280422
-10.0,1,9.292522
-10.0,1,9.294527
10.0,1,9.296535
-10.0,1,9.298542
-10.0,1,9.304435
-10.0,1,9.305675
-10.0,1,9.307679
-10.0,1,9.307679
-10.0,1,9.316315
10.0,1,9.316315
-10.0,1,9.31832
10.0,1,9.320325
-10.0,1,9.327028
10.0,1,9.327028
-10.0,1,9.329033
-10.0,1,9.330324
-10.0,1,9.336275
-10.0,1,9.336275
-10.0,1,9.336275
-10.0,1,9.340471
-10.0,1,9.347219
-10.0,1,9.349225
-10.0,1,9.349225
3.0,1,9.351229
10.0,1,9.356001
-10.0,1,9.356001
-10.0,1,9.356001
-10.0,1,9.356001
10.0,1,9.368656
-10.0,1,9.370661
-10.0,1,9.371667
-10.0,1,9.371667
-10.0,1,9.378324
-10.0,1,9.378324
-10.0,1,9.378324
10.0,1,9.378324
-10.0,1,9.391644
-10.0,1,9.393649
-10.0,1,9.393649
-10.0,1,9.395654
-10.0,1,9.401826
-10.0,1,9.401826
10.0,1,9.405577
-10.0,1,9.407582
-10.0,1,9.413075
-10.0,1,9.413075
-10.0,1,9.413075
-10.0,1,9.413075
-10.0,1,9.423921
-10.0,1,9.423921
-10.0,1,9.425926
-10.0,1,9.427931
-10.0,1,9.434112
10.0,1,9.436125
-10.0,1,9.43813
10.0,1,9.440135
-10.0,1,9.447856
-10.0,1,9.449195
-10.0,1,9.4512
-10.0,1,9.4512
-10.0,1,9.460381
-10.0,1,9.460381
3.0,1,9.460381
-10.0,1,9.460381
-10.0,1,9.471419
-10.0,1,9.473584
-10.0,1,9.473584
-10.0,1,9.473584
-10.0,1,9.482981
-10.0,1,9.482981
-10.0,1,9.482981
-10.0,1,9.482981
10.0,1,9.494283
-10.0,1,9.494283
-10.0,1,9.494283
-10.0,1,9.49879
-10.0,1,9.506789
-10.0,1,9.506789
-10.0,1,9.506789
-10.0,1,9.513713
-10.0,1,9.519171
-10.0,1,9.519171
-10.0,1,9.521177
-10.0,1,9.521177
-10.0,1,9.527937
-10.0,1,9.527937
-10.0,1,9.529943
-10.0,1,9.529943
-10.0,1,9.537485
-10.0,1,9.539491
-10.0,1,9.541496
-10.0,1,9.541496
-10.0,1,9.546964
-10.0,1,9.546964
10.0,1,9.553093
-10.0,1,9.553093
-10.0,1,9.559543
10.0,1,9.561702
3.0,1,9.562774
-10.0,1,9.563932
-10.0,1,9.568854
-10.0,1,9.568854
10.0,1,9.568854
-10.0,1,9.568854
-10.0,1,9.581182
-10.0,1,9.582513
10.0,1,9.582513
-10.0,1,9.582513
-10.0,1,9.590495
-10.0,1,9.591766
-10.0,1,9.593279
-10.0,1,9.594365
-10.0,1,9.594365
-10.0,1,9.594365
-10.0,1,9.594365
-10.0,1,9.594365
-10.0,1,9.610334
-10.0,1,9.610334
-10.0,1,9.610334
-10.0,1,9.610334
-10.0,1,9.610334
-10.0,1,9.625115
-10.0,1,9.62707
-10.0,1,9.629075
-10.0,1,9.636049
-10.0,1,9.637271
-10.0,1,9.639337
-10.0,1,9.641086
-10.0,1,9.642095
-10.0,1,9.642095
-10.0,1,9.642095
-10.0,1,9.642095
10.0,1,9.656837
-10.0,1,9.658028
10.0,1,9.658028
-10.0,1,9.658028
-10.0,1,9.66465
-10.0,1,9.66465
-10.0,1,9.66465
-10.0,1,9.66465
-10.0,1,9.677756
-10.0,1,9.677756
-10.0,1,9.677756
-10.0,1,9.677756
-10.0,1,9.686224
-10.0,1,9.686224
-10.0,1,9.688229
-10.0,1,9.690234
-10.0,1,9.697047
-10.0,1,9.697047
-10.0,1,9.697047
-10.0,1,9.697047
-10.0,1,9.704056
10.0,1,9.704056
-10.0,1,9.704056
-10.0,1,9.704056
-10.0,1,9.72012
-10.0,1,9.72012
-10.0,1,9.72012
-10.0,1,9.72012
10.0,1,9.732043
-10.0,1,9.732043
-10.0,1,9.736052
-10.0,1,9.737305
-10.0,1,9.737305
-10.0,1,9.737305
-10.0,1,9.737305
-10.0,1,9.737305
-10.0,1,9.752158
-10.0,1,9.752158
-10.0,1,9.752158
-10.0,1,9.752158
-10.0,1,9.763701
-10.0,1,9.763701
-10.0,1,9.763701
-10.0,1,9.763701
-10.0,1,9.769381
-10.0,1,9.774431
-10.0,1,9.774431
-10.0,1,9.774431
-10.0,1,9.783593
-10.0,1,9.783593
-10.0,1,9.783593
-10.0,1,9.783593
-10.0,1,9.783593
-10.0,1,9.783593
3.0,1,9.783593
-10.0,1,9.783593
-10.0,1,9.799542
-10.0,1,9.806463
-10.0,1,9.806463
-10.0,1,9.806463
-10.0,1,9.811607
-10.0,1,9.815243
-10.0,1,9.815243
-10.0,1,9.815243
-10.0,1,9.824848
-10.0,1,9.824848
10.0,1,9.826853
-10.0,1,9.828859
-10.0,1,9.83765
-10.0,1,9.839252
-10.0,1,9.839252
-10.0,1,9.839252
-10.0,1,9.84692
10.0,1,9.849084
-10.0,1,9.851601
-10.0,1,9.851601
10.0,1,9.859346
-10.0,1,9.859346
-10.0,1,9.859346
-10.0,1,9.862853
-10.0,1,9.869531
-10.0,1,9.869531
10.0,1,9.871617
-10.0,1,9.871617
-10.0,1,9.878894
-10.0,1,9.878894
-10.0,1,9.878894
-10.0,1,9.878894
-10.0,1,9.889983
-10.0,1,9.89114
-10.0,1,9.89114
-10.0,1,9.894647
-10.0,1,9.90063
10.0,1,9.90063
-10.0,1,9.90063
-10.0,1,9.90063
-10.0,1,9.910493
-10.0,1,9.910493
-10.0,1,9.910493
10.0,1,9.910493
-10.0,1,9.922637
-10.0,1,9.922637
10.0,1,9.926147
-10.0,1,9.926147
-10.0,1,9.934669
-10.0,1,9.936175
-10.0,1,9.937341
10.0,1,9.938901
-10.0,1,9.950014
10.0,1,9.951323
-10.0,1,9.951323
-10.0,1,9.951323
-10.0,1,9.957566
-10.0,1,9.957566
-10.0,1,9.957566
-10.0,1,9.957566
10.0,1,9.972787
-10.0,1,9.972787
-10.0,1,9.972787
-10.0,1,9.972787
-10.0,1,9.982248
-10.0,1,9.982248
-10.0,1,9.984253
-10.0,1,9.986259
3.0,1,9.988264
-10.0,1,9.988264
10.0,1,9.988264
-10.0,1,9.988264
10.0,1,10.004344
10.0,1,10.007262
10.0,1,10.007262
-10.0,1,10.007262
10.0,1,10.014074
-10.0,1,10.014074
-10.0,1,10.014074
-10.0,1,10.020084
-10.0,1,10.027565
-10.0,1,10.027565
-10.0,1,10.02957
-10.0,1,10.031576
-10.0,1,10.036011
10.0,1,10.039408
-10.0,1,10.039408
-10.0,1,10.039408
-10.0,1,10.048867
-10.0,1,10.048867
-10.0,1,10.051102
-10.0,1,10.052109
10.0,1,10.05769
-10.0,1,10.05769
10.0,1,10.05769
-10.0,1,10.05769
-10.0,1,10.075093
-10.0,1,10.075093
-10.0,1,10.075093
-10.0,1,10.075093
-10.0,1,10.083905
10.0,1,10.085911
10.0,1,10.08992
-10.0,1,10.08992
-10.0,1,10.096385
10.0,1,10.09839
-10.0,1,10.099894
-10.0,1,10.1019
-10.0,1,10.107078
-10.0,1,10.10906
-10.0,1,10.10906
-10.0,1,10.10906
-10.0,1,10.117853
10.0,1,10.117853
10.0,1,10.119858
-10.0,1,10.121863
-10.0,1,10.12765
-10.0,1,10.128715
-10.0,1,10.128715
-10.0,1,10.131721
-10.0,1,10.138266
-10.0,1,10.138266
-10.0,1,10.138266
3.0,1,10.138266
-10.0,1,10.148838
-10.0,1,10.150601
-10.0,1,10.150601
-10.0,1,10.152606
-10.0,1,10.158615
-10.0,1,10.160617
-10.0,1,10.162618
-10.0,1,10.16362
-10.0,1,10.16362
-10.0,1,10.16362
10.0,1,10.16362
-10.0,1,10.16362
-10.0,1,10.182383
-10.0,1,10.183602
10.0,1,10.183602
-10.0,1,10.183602
-10.0,1,10.193243
10.0,1,10.195248
10.0,1,10.197253
-10.0,1,10.197253
-10.0,1,10.204563
-10.0,1,10.205574
-10.0,1,10.205574
-10.0,1,10.205574
-10.0,1,10.213442
-10.0,1,10.214933
10.0,1,10.214933
-10.0,1,10.214933
-10.0,1,10.224261
10.0,1,10.226266
-10.0,1,10.226266
-10.0,1,10.227271
-10.0,1,10.233539
10.0,1,10.236616
-10.0,1,10.236616
10.0,1,10.236616
-10.0,1,10.244432
-10.0,1,10.244432
-10.0,1,10.246437
-10.0,1,10.246437
-10.0,1,10.254212
-10.0,1,10.254212
-10.0,1,10.256217
-10.0,1,10.256217
10.0,1,10.263664
-10.0,1,10.266491
10.0,1,10.268817
-10.0,1,10.268817
10.0,1,10.274384
-10.0,1,10.274384
-10.0,1,10.274384
-10.0,1,10.274384
-10.0,1,10.290302
-10.0,1,10.290302
-10.0,1,10.294527
-10.0,1,10.294527
-10.0,1,10.301922
-10.0,1,10.301922
10.0,1,10.303928
-10.0,1,10.305933
-10.0,1,10.312765
-10.0,1,10.312765
-10.0,1,10.312765
10.0,1,10.312765
-10.0,1,10.321957
-10.0,1,10.321957
-10.0,1,10.321957
-10.0,1,10.321957
-10.0,1,10.332673
10.0,1,10.333802
-10.0,1,10.333802
10.0,1,10.336307
-10.0,1,10.342995
10.0,1,10.342995
-10.0,1,10.342995
-10.0,1,10.342995
-10.0,1,10.353858
-10.0,1,10.353858
10.0,1,10.353858
10.0,1,10.353858
-10.0,1,10.364526
-10.0,1,10.364526
-10.0,1,10.364526
-10.0,1,10.364526
-10.0,1,10.37398
-10.0,1,10.37398
-10.0,1,10.375985
-10.0,1,10.375985
-10.0,1,10.38258
-10.0,1,10.385587
-10.0,1,10.385587
-10.0,1,10.385587
-10.0,1,10.397775
10.0,1,10.397775
-10.0,1,10.401286
-10.0,1,10.401286
-10.0,1,10.410833
-10.0,1,10.410833
-10.0,1,10.410833
10.0,1,10.415971
10.0,1,10.422667
-10.0,1,10.422667
-10.0,1,10.422667
10.0,1,10.422667
-10.0,1,10.432823
-10.0,1,10.432823
-10.0,1,10.436297
10.0,1,10.436297
-10.0,1,10.444979
-10.0,1,10.444979
-10.0,1,10.448486
-10.0,1,10.448486
-10.0,1,10.454616
-10.0,1,10.4568
10.0,1,10.460129
-10.0,1,10.460129
10.0,1,10.468902
3.0,1,10.470907
-10.0,1,10.470907
-10.0,1,10.472912
-10.0,1,10.474916
-10.0,1,10.480184
10.0,1,10.480184
-10.0,1,10.480184
-10.0,1,10.480184
-10.0,1,10.480184
10.0,1,10.480184
-10.0,1,10.480184
-10.0,1,10.496125
-10.0,1,10.496125
10.0,1,10.496125
-10.0,1,10.496125
-10.0,1,10.5135
10.0,1,10.515505
3.0,1,10.517511
-10.0,1,10.517511
-10.0,1,10.524459
10.0,1,10.525517
-10.0,1,10.526985
-10.0,1,10.527991
-10.0,1,10.53425
-10.0,1,10.53425
10.0,1,10.536255
10.0,1,10.53826
10.0,1,10.545727
3.0,1,10.545727
-10.0,1,10.545727
-10.0,1,10.545727
-10.0,1,10.556437
-10.0,1,10.557501
10.0,1,10.559247
10.0,1,10.561361
-10.0,1,10.567159
-10.0,1,10.567159
-10.0,1,10.567159
-10.0,1,10.567159
10.0,1,10.581023
-10.0,1,10.581023
-10.0,1,10.581023
-10.0,1,10.584646
-10.0,1,10.590815
-10.0,1,10.590815
-10.0,1,10.590815
-10.0,1,10.590815
-10.0,1,10.600987
10.0,1,10.602992
-10.0,1,10.602992
-10.0,1,10.604997
-10.0,1,10.612235
10.0,1,10.614357
-10.0,1,10.614357
-10.0,1,10.614357
-10.0,1,10.626689
-10.0,1,10.627999
10.0,1,10.627999
-10.0,1,10.627999
-10.0,1,10.636322
-10.0,1,10.638537
-10.0,1,10.638537
-10.0,1,10.638537
-10.0,1,10.647934
10.0,1,10.64994
-10.0,1,10.64994
-10.0,1,10.651945
-10.0,1,10.658299
-10.0,1,10.658299
-10.0,1,10.660304
-10.0,1,10.660304
-10.0,1,10.668892
-10.0,1,10.669898
10.0,1,10.670951
10.0,1,10.670951
10.0,1,10.680105
3.0,1,10.680105
-10.0,1,10.680105
-10.0,1,10.680105
-10.0,1,10.689152
-10.0,1,10.689152
-10.0,1,10.689152
-10.0,1,10.689152
-10.0,1,10.689152
-10.0,1,10.701731
-10.0,1,10.701731
-10.0,1,10.701731
-10.0,1,10.707963
-10.0,1,10.713263
-10.0,1,10.713263
-10.0,1,10.715269
-10.0,1,10.721944
-10.0,1,10.721944
-10.0,1,10.721944
-10.0,1,10.721944
-10.0,1,10.736358
-10.0,1,10.736861
-10.0,1,10.736861
10.0,1,10.736861
-10.0,1,10.746219
-10.0,1,10.746219
10.0,1,10.748224
-10.0,1,10.749229
-10.0,1,10.749229
-10.0,1,10.749229
10.0,1,10.749229
-10.0,1,10.749229
-10.0,1,10.764945
-10.0,1,10.764945
-10.0,1,10.764945
10.0,1,10.770507
10.0,1,10.775935
-10.0,1,10.775935
-10.0,1,10.78083
-10.0,1,10.78083
-10.0,1,10.784662
10.0,1,10.784662
-10.0,1,10.784662
-10.0,1,10.784662
-10.0,1,10.796846
-10.0,1,10.799053
-10.0,1,10.801058
-10.0,1,10.801058
-10.0,1,10.808559
10.0,1,10.810564
-10.0,1,10.812569
10.0,1,10.814576
-10.0,1,10.820672
-10.0,1,10.820672
-10.0,1,10.820672
-10.0,1,10.820672
-10.0,1,10.835122
10.0,1,10.836628
-10.0,1,10.836628
-10.0,1,10.836628
-10.0,1,10.844649
3.0,1,10.844649
10.0,1,10.844649
-10.0,1,10.844649
-10.0,1,10.860426
-10.0,1,10.860426
-10.0,1,10.860426
10.0,1,10.860426
-10.0,1,10.870334
-10.0,1,10.870334
-10.0,1,10.870334
10.0,1,10.870334
-10.0,1,10.881948
-10.0,1,10.881948
-10.0,1,10.881948
3.0,1,10.881948
-10.0,1,10.893529
-10.0,1,10.893529
-10.0,1,10.893529
-10.0,1,10.893529
-10.0,1,10.903545
10.0,1,10.90555
-10.0,1,10.90555
-10.0,1,10.907555
-10.0,1,10.915182
-10.0,1,10.917187
-10.0,1,10.917187
-10.0,1,10.919192
-10.0,1,10.925806
-10.0,1,10.925806
-10.0,1,10.925806
-10.0,1,10.925806
-10.0,1,10.936525
10.0,1,10.939575
-10.0,1,10.939575
-10.0,1,10.939575
-10.0,1,10.949745
-10.0,1,10.952383
10.0,1,10.952383
3.0,1,10.955391
-10.0,1,10.961741
10.0,1,10.963746
10.0,1,10.963746
-10.0,1,10.96575
-10.0,1,10.972409
-10.0,1,10.972409
-10.0,1,10.972409
3.0,1,10.972409
-10.0,1,10.972409
10.0,1,10.972409
-10.0,1,10.972409
-10.0,1,10.972409
-10.0,1,10.993802
-10.0,1,10.993802
-10.0,1,10.993802
-10.0,1,10.993802
-10.0,1,11.005437
10.0,1,11.007443
-10.0,1,11.007443
-10.0,1,11.009447
-10.0,1,11.015193
-10.0,1,11.016397
-10.0,1,11.016397
-10.0,1,11.018906
-10.0,1,11.018906
-10.0,1,11.018906
-10.0,1,11.018906
-10.0,1,11.018906
-10.0,1,11.036477
-10.0,1,11.03748
10.0,1,11.03748
-10.0,1,11.03748
-10.0,1,11.045964
-10.0,1,11.045964
-10.0,1,11.045964
10.0,1,11.050687
-10.0,1,11.060164
-10.0,1,11.060164
-10.0,1,11.06217
-10.0,1,11.064175
-10.0,1,11.066586
-10.0,1,11.066586
-10.0,1,11.066586
-10.0,1,11.066586
-10.0,1,11.080609
-10.0,1,11.080609
-10.0,1,11.082377
10.0,1,11.083445
-10.0,1,11.091227
-10.0,1,11.091227
10.0,1,11.091227
-10.0,1,11.091227
-10.0,1,11.101182
-10.0,1,11.101182
-10.0,1,11.101182
-10.0,1,11.10437
-10.0,1,11.10437
10.0,1,11.113384
-10.0,1,11.113384
-10.0,1,11.113384
-10.0,1,11.123513
-10.0,1,11.123513
-10.0,1,11.123513
-10.0,1,11.123513
-10.0,1,11.129024
-10.0,1,11.129024
-10.0,1,11.129024
-10.0,1,11.136615
-10.0,1,11.144912
-10.0,1,11.144912
-10.0,1,11.144912
-10.0,1,11.144912
-10.0,1,11.155543
-10.0,1,11.157549
-10.0,1,11.159554
10.0,1,11.160558
-10.0,1,11.160558
-10.0,1,11.160558
-10.0,1,11.160558
10.0,1,11.160558
-10.0,1,11.180563
-10.0,1,11.180563
-10.0,1,11.182568
-10.0,1,11.184573
-10.0,1,11.18953
-10.0,1,11.191745
-10.0,1,11.193749
-10.0,1,11.193749
-10.0,1,11.195754
-10.0,1,11.195754
-10.0,1,11.195754
-10.0,1,11.195754
-10.0,1,11.209749
-10.0,1,11.209749
-10.0,1,11.209749
10.0,1,11.209749
-10.0,1,11.209749
-10.0,1,11.223438
-10.0,1,11.224607
-10.0,1,11.224607
-10.0,1,11.230087
-10.0,1,11.232688
10.0,1,11.23466
-10.0,1,11.236459
-10.0,1,11.239472
-10.0,1,11.239472
-10.0,1,11.239472
-10.0,1,11.239472
-10.0,1,11.253094
-10.0,1,11.255853
-10.0,1,11.255853
-10.0,1,11.255853
-10.0,1,11.264281
-10.0,1,11.265324
-10.0,1,11.265324
-10.0,1,11.265324
-10.0,1,11.275185
-10.0,1,11.275185
-10.0,1,11.275185
-10.0,1,11.275185
-10.0,1,11.287897
10.0,1,11.287897
-10.0,1,11.287897
10.0,1,11.287897
10.0,1,11.287897
-10.0,1,11.302696
-10.0,1,11.302696
-10.0,1,11.302696
-10.0,1,11.310915
10.0,1,11.310915
-10.0,1,11.310915
-10.0,1,11.310915
-10.0,1,11.321075
-10.0,1,11.322233
-10.0,1,11.322233
-10.0,1,11.324327
10.0,1,11.329787
-10.0,1,11.329787
-10.0,1,11.329787
10.0,1,11.336364
-10.0,1,11.34423
-10.0,1,11.34423
-10.0,1,11.346236
-10.0,1,11.346236
-10.0,1,11.352993
-10.0,1,11.354349
-10.0,1,11.354349
-10.0,1,11.354349
10.0,1,11.363642
-10.0,1,11.363642
10.0,1,11.366152
10.0,1,11.366152
-10.0,1,11.374072
10.0,1,11.376076
-10.0,1,11.376076
-10.0,1,11.380085
-10.0,1,11.389164
3.0,1,11.389669
-10.0,1,11.391674
-10.0,1,11.393679
-10.0,1,11.398664
-10.0,1,11.398664
-10.0,1,11.398664
-10.0,1,11.403362
-10.0,1,11.409141
-10.0,1,11.409141
10.0,1,11.409141
10.0,1,11.413201
3.0,1,11.42072
-10.0,1,11.42072
-10.0,1,11.422726
-10.0,1,11.424731
-10.0,1,11.429946
10.0,1,11.431951
-10.0,1,11.431951
-10.0,1,11.433956
-10.0,1,11.43646
-10.0,1,11.440646
-10.0,1,11.442389
10.0,1,11.442389
-10.0,1,11.44658
-10.0,1,11.44658
10.0,1,11.44658
10.0,1,11.44658
-10.0,1,11.460068
-10.0,1,11.461233
-10.0,1,11.461233
10.0,1,11.461233
10.0,1,11.471203
-10.0,1,11.473209
-10.0,1,11.473209
10.0,1,11.475214
-10.0,1,11.483121
-10.0,1,11.483121
-10.0,1,11.483121
-10.0,1,11.483121
10.0,1,11.496746
-10.0,1,11.498751
-10.0,1,11.500756
-10.0,1,11.500756
-10.0,1,11.508097
-10.0,1,11.509337
-10.0,1,11.511433
-10.0,1,11.511433
-10.0,1,11.511433
-10.0,1,11.511433
-10.0,1,11.511433
-10.0,1,11.511433
-10.0,1,11.523815
-10.0,1,11.523815
-10.0,1,11.523815
10.0,1,11.531813
-10.0,1,11.539592
-10.0,1,11.539592
-10.0,1,11.539592
-10.0,1,11.539592
10.0,1,11.548855
10.0,1,11.548855
-10.0,1,11.548855
3.0,1,11.554271
-10.0,1,11.558436
10.0,1,11.558436
10.0,1,11.558436
-10.0,1,11.565926
-10.0,1,11.569962
10.0,1,11.569962
-10.0,1,11.569962
-10.0,1,11.569962
10.0,1,11.584347
-10.0,1,11.585852
-10.0,1,11.587858
10.0,1,11.587858
10.0,1,11.596859
-10.0,1,11.597937
-10.0,1,11.599602
-10.0,1,11.60161
10.0,1,11.60996
-10.0,1,11.611966
10.0,1,11.613971
-10.0,1,11.613971
-10.0,1,11.617732
-10.0,1,11.617732
-10.0,1,11.617732
-10.0,1,11.617732
-10.0,1,11.633419
-10.0,1,11.634428
10.0,1,11.636442
10.0,1,11.636442
-10.0,1,11.636442
10.0,1,11.636442
10.0,1,11.649367
-10.0,1,11.649367
-10.0,1,11.659182
-10.0,1,11.660238
-10.0,1,11.660238
-10.0,1,11.660238
-10.0,1,11.666486
-10.0,1,11.666486
-10.0,1,11.666486
10.0,1,11.666486
10.0,1,11.681181
-10.0,1,11.681181
-10.0,1,11.681181
-10.0,1,11.681181
10.0,1,11.692152
-10.0,1,11.692152
-10.0,1,11.692152
-10.0,1,11.697166
-10.0,1,11.697166
-10.0,1,11.697166
10.0,1,11.697166
-10.0,1,11.708484
10.0,1,11.713123
-10.0,1,11.713123
-10.0,1,11.713123
-10.0,1,11.713123
-10.0,1,11.727501
-10.0,1,11.729247
10.0,1,11.73041
-10.0,1,11.73041
-10.0,1,11.737678
-10.0,1,11.737678
-10.0,1,11.739684
10.0,1,11.743694
-10.0,1,11.747779
10.0,1,11.752172
-10.0,1,11.752172
10.0,1,11.752172
-10.0,1,11.760869
10.0,1,11.763019
-10.0,1,11.763019
-10.0,1,11.763019
-10.0,1,11.771418
-10.0,1,11.772963
10.0,1,11.772963
10.0,1,11.772963
-10.0,1,11.778378
10.0,1,11.778378
-10.0,1,11.778378
10.0,1,11.778378
-10.0,1,11.79284
-10.0,1,11.795026
-10.0,1,11.795026
-10.0,1,11.795026
-10.0,1,11.802942
-10.0,1,11.803991
-10.0,1,11.803991
-10.0,1,11.803991
10.0,1,11.814124
10.0,1,11.817292
-10.0,1,11.817292
-10.0,1,11.817292
-10.0,1,11.825586
-10.0,1,11.825586
-10.0,1,11.825586
-10.0,1,11.825586
-10.0,1,11.839072
-10.0,1,11.841637
-10.0,1,11.841637
10.0,1,11.841637
-10.0,1,11.841637
-10.0,1,11.841637
-10.0,1,11.841637
-10.0,1,11.841637
-10.0,1,11.860054
-10.0,1,11.860054
-10.0,1,11.860054
10.0,1,11.860054
-10.0,1,11.860054
-10.0,1,11.870754
-10.0,1,11.872277
-10.0,1,11.872277
-10.0,1,11.872277
3.0,1,11.872277
-10.0,1,11.872277
-10.0,1,11.872277
-10.0,1,11.888102
-10.0,1,11.894003
-10.0,1,11.896008
-10.0,1,11.896008
-10.0,1,11.89998
-10.0,1,11.904082
-10.0,1,11.905325
-10.0,1,11.905325
-10.0,1,11.913703
10.0,1,11.916283
3.0,1,11.916283
-10.0,1,11.918223
-10.0,1,11.923401
10.0,1,11.923401
10.0,1,11.923401
10.0,1,11.930052
-10.0,1,11.937516
-10.0,1,11.937516
-10.0,1,11.937516
-10.0,1,11.937516
-10.0,1,11.944438
10.0,1,11.944438
-10.0,1,11.951918
-10.0,1,11.951918
-10.0,1,11.959984
-10.0,1,11.959984
-10.0,1,11.962292
-10.0,1,11.962292
-10.0,1,11.968965
-10.0,1,11.970353
-10.0,1,11.970353
10.0,1,11.970353
-10.0,1,11.980635
-10.0,1,11.980635
-10.0,1,11.980635
-10.0,1,11.983661
-10.0,1,11.990739
-10.0,1,11.990739
10.0,1,11.990739
-10.0,1,11.990739
-10.0,1,11.999749
-10.0,1,11.999749
-10.0,1,11.999749
-10.0,1,11.999749
10.0,1,12.010734
-10.0,1,12.010734
3.0,1,12.010734
-10.0,1,12.010734
-10.0,1,12.02133
-10.0,1,12.02133
10.0,1,12.02133
-10.0,1,12.02133
-10.0,1,12.031623
-10.0,1,12.031623
-10.0,1,12.031623
-10.0,1,12.031623
-10.0,1,12.0424
10.0,1,12.0424
10.0,1,12.044806
-10.0,1,12.044806
-10.0,1,12.047314
3.0,1,12.055657
-10.0,1,12.057934
-10.0,1,12.057934
-10.0,1,12.067186
10.0,1,12.068254
-10.0,1,12.068254
-10.0,1,12.068254
-10.0,1,12.076483
-10.0,1,12.076483
-10.0,1,12.079499
-10.0,1,12.079499
-10.0,1,12.087216
-10.0,1,12.088366
-10.0,1,12.088366
10.0,1,12.088366
-10.0,1,12.096315
-10.0,1,12.096315
-10.0,1,12.096315
-10.0,1,12.096315
-10.0,1,12.1088
-10.0,1,12.1088
-10.0,1,12.110548
-10.0,1,12.112553
-10.0,1,12.114819
10.0,1,12.114819
-10.0,1,12.114819
3.0,1,12.114819
3.0,1,12.126209
10.0,1,12.126209
10.0,1,12.126209
-10.0,1,12.126209
-10.0,1,12.136571
10.0,1,12.14204
10.0,1,12.14204
-10.0,1,12.14204
-10.0,1,12.14204
-10.0,1,12.151667
-10.0,1,12.151667
-10.0,1,12.151667
-10.0,1,12.162132
-10.0,1,12.162132
10.0,1,12.164137
10.0,1,12.166142
-10.0,1,12.173449
10.0,1,12.175455
-10.0,1,12.177461
-10.0,1,12.177461
-10.0,1,12.184092
-10.0,1,12.186096
-10.0,1,12.186096
-10.0,1,12.189106
-10.0,1,12.195429
-10.0,1,12.197435
10.0,1,12.197435
-10.0,1,12.19944
3.0,1,12.205192
-10.0,1,12.207199
-10.0,1,12.209204
-10.0,1,12.209204
-10.0,1,12.217948
-10.0,1,12.217948
10.0,1,12.220955
-10.0,1,12.221959
-10.0,1,12.221959
-10.0,1,12.232278
-10.0,1,12.234854
10.0,1,12.236885
-10.0,1,12.243475
-10.0,1,12.243475
10.0,1,12.243475
-10.0,1,12.243475
-10.0,1,12.252812
10.0,1,12.252812
10.0,1,12.252812
10.0,1,12.252812
-10.0,1,12.265325
-10.0,1,12.265325
-10.0,1,12.267331
-10.0,1,12.268835
-10.0,1,12.277723
-10.0,1,12.277723
-10.0,1,12.279576
-10.0,1,12.279576
-10.0,1,12.288174
-10.0,1,12.288174
-10.0,1,12.288174
-10.0,1,12.288174
-10.0,1,12.29672
-10.0,1,12.29672
-10.0,1,12.300398
-10.0,1,12.300398
-10.0,1,12.307599
-10.0,1,12.307599
-10.0,1,12.309603
-10.0,1,12.311608
-10.0,1,12.318364
-10.0,1,12.318364
-10.0,1,12.318364
-10.0,1,12.32237
-10.0,1,12.329691
-10.0,1,12.329691
-10.0,1,12.332199
10.0,1,12.332199
-10.0,1,12.340076
-10.0,1,12.342082
3.0,1,12.344087
-10.0,1,12.344087
-10.0,1,12.351514
10.0,1,12.353791
-10.0,1,12.353791
-10.0,1,12.353791
-10.0,1,12.360261
-10.0,1,12.363871
-10.0,1,12.364966
-10.0,1,12.364966
-10.0,1,12.364966
-10.0,1,12.364966
-10.0,1,12.364966
-10.0,1,12.364966
-10.0,1,12.384483
-10.0,1,12.386488
-10.0,1,12.386488
10.0,1,12.388493
-10.0,1,12.394317
-10.0,1,12.395822
-10.0,1,12.395822
-10.0,1,12.397828
-10.0,1,12.516184
10.0,1,12.516184
-10.0,1,12.518188
-10.0,1,12.520193
-10.0,1,12.526867
-10.0,1,12.527933
-10.0,1,12.527933
-10.0,1,12.527933
-10.0,1,12.536052
-10.0,1,12.537558
-10.0,1,12.539304
-10.0,1,12.539304
-10.0,1,12.545602
-10.0,1,12.546662
-10.0,1,12.546662
-10.0,1,12.546662
-10.0,1,12.55508
-10.0,1,12.556759
-10.0,1,12.556759
-10.0,1,12.556759
-10.0,1,12.567953
-10.0,1,12.568974
10.0,1,12.57072
-10.0,1,12.571781
10.0,1,12.577468
-10.0,1,12.579473
-10.0,1,12.579473
-10.0,1,12.581478
-10.0,1,12.588767
10.0,1,12.590772
-10.0,1,12.590772
-10.0,1,12.592777
-10.0,1,12.598018
-10.0,1,12.600191
-10.0,1,12.600191
-10.0,1,12.602197
-10.0,1,12.609715
-10.0,1,12.609715
-10.0,1,12.609715
-10.0,1,12.609715
10.0,1,12.623464
-10.0,1,12.623464
10.0,1,12.626487
10.0,1,12.626487
10.0,1,12.633982
-10.0,1,12.633982
10.0,1,12.63785
-10.0,1,12.63785
-10.0,1,12.646363
-10.0,1,12.649684
-10.0,1,12.649684
-10.0,1,12.649684
-10.0,1,12.658079
3.0,1,12.659247
-10.0,1,12.659247
-10.0,1,12.659247
-10.0,1,12.668408
-10.0,1,12.669434
-10.0,1,12.669434
-10.0,1,12.669434
-10.0,1,12.679902
-10.0,1,12.680906
-10.0,1,12.681948
10.0,1,12.681948
-10.0,1,12.688132
-10.0,1,12.688132
-10.0,1,12.688132
-10.0,1,12.688132
-10.0,1,12.699651
-10.0,1,12.701154
-10.0,1,12.703212
-10.0,1,12.703212
-10.0,1,12.709513
-10.0,1,12.710794
-10.0,1,12.710794
-10.0,1,12.71364
-10.0,1,12.715692
-10.0,1,12.715692
-10.0,1,12.715692
-10.0,1,12.715692
-10.0,1,12.729784
10.0,1,12.73386
-10.0,1,12.73386
-10.0,1,12.735865
-10.0,1,12.742089
10.0,1,12.744094
-10.0,1,12.744094
-10.0,1,12.744094
10.0,1,12.756063
-10.0,1,12.756063
-10.0,1,12.758067
-10.0,1,12.759814
-10.0,1,12.765753
-10.0,1,12.766897
-10.0,1,12.766897
-10.0,1,12.770029
10.0,1,12.77632
10.0,1,12.77632
10.0,1,12.779778
-10.0,1,12.781732
-10.0,1,12.785499
3.0,1,12.785499
-10.0,1,12.790907
-10.0,1,12.790907
10.0,1,12.790907
-10.0,1,12.790907
-10.0,1,12.790907
-10.0,1,12.790907
-10.0,1,12.809171
-10.0,1,12.810629
-10.0,1,12.810629
-10.0,1,12.810629
-10.0,1,12.81958
-10.0,1,12.820619
-10.0,1,12.822365
-10.0,1,12.823483
-10.0,1,12.829629
-10.0,1,12.829629
10.0,1,12.829629
-10.0,1,12.829629
-10.0,1,12.842671
-10.0,1,12.843749
-10.0,1,12.843749
3.0,1,12.847037
-10.0,1,12.852744
-10.0,1,12.855317
-10.0,1,12.855317
-10.0,1,12.855317
-10.0,1,12.855317
3.0,1,12.855317
-10.0,1,12.855317
10.0,1,12.855317
-10.0,1,12.875329
-10.0,1,12.875329
-10.0,1,12.877334
10.0,1,12.877334
-10.0,1,12.884474
-10.0,1,12.884474
10.0,1,12.887984
-10.0,1,12.887984
-10.0,1,12.894937
-10.0,1,12.896
-10.0,1,12.89796
-10.0,1,12.89796
-10.0,1,12.904634
-10.0,1,12.905977
-10.0,1,12.905977
-10.0,1,12.905977
10.0,1,12.91574
10.0,1,12.917753
-10.0,1,12.917753
-10.0,1,12.917753
-10.0,1,12.917753
-10.0,1,12.917753
-10.0,1,12.917753
-10.0,1,12.917753
-10.0,1,12.938394
-10.0,1,12.940211
-10.0,1,12.940211
-10.0,1,12.940211
-10.0,1,12.949401
-10.0,1,12.949401
-10.0,1,12.949401
-10.0,1,12.949401
-10.0,1,12.963677
-10.0,1,12.965423
-10.0,1,12.967428
10.0,1,12.969433
-10.0,1,12.969433
-10.0,1,12.969433
-10.0,1,12.969433
-10.0,1,12.969433
-10.0,1,12.981504
-10.0,1,12.986582
-10.0,1,12.986582
-10.0,1,12.986582
-10.0,1,12.994376
-10.0,1,12.99561
-10.0,1,12.997357
-10.0,1,12.998467
-10.0,1,13.005032
-10.0,1,13.005032
-10.0,1,13.007037
-10.0,1,13.007037
-10.0,1,13.013442
-10.0,1,13.013442
10.0,1,13.013442
-10.0,1,13.013442
10.0,1,13.026393
-10.0,1,13.026393
-10.0,1,13.026393
10.0,1,13.030485
-10.0,1,13.036309
-10.0,1,13.038683
-10.0,1,13.038683
-10.0,1,13.038683
-10.0,1,13.045346
-10.0,1,13.047752
-10.0,1,13.047752
10.0,1,13.047752
-10.0,1,13.056259
-10.0,1,13.056259
-10.0,1,13.056259
-10.0,1,13.056259
-10.0,1,13.068972
10.0,1,13.070096
10.0,1,13.070096
-10.0,1,13.070096
-10.0,1,13.081602
-10.0,1,13.081602
-10.0,1,13.083607
-10.0,1,13.083607
-10.0,1,13.090262
-10.0,1,13.092267
10.0,1,13.094273
-10.0,1,13.094273
-10.0,1,13.100538
-10.0,1,13.100538
10.0,1,13.100538
-10.0,1,13.100538
-10.0,1,13.112577
-10.0,1,13.112577
10.0,1,13.112577
-10.0,1,13.112577
-10.0,1,13.123692
3.0,1,13.123692
-10.0,1,13.123692
-10.0,1,13.123692
10.0,1,13.13453
-10.0,1,13.13453
-10.0,1,13.136536
-10.0,1,13.136536
-10.0,1,13.143715
-10.0,1,13.144734
-10.0,1,13.144734
3.0,1,13.144734
-10.0,1,13.153628
10.0,1,13.155651
-10.0,1,13.156821
-10.0,1,13.156821
10.0,1,13.165601
10.0,1,13.168235
-10.0,1,13.168235
-10.0,1,13.168235
-10.0,1,13.179999
-10.0,1,13.179999
-10.0,1,13.179999
-10.0,1,13.179999
-10.0,1,13.187512
10.0,1,13.187512
-10.0,1,13.187512
-10.0,1,13.187512
-10.0,1,13.199714
-10.0,1,13.199714
-10.0,1,13.199714
-10.0,1,13.20325
-10.0,1,13.210668
-10.0,1,13.210668
-10.0,1,13.213505
3.0,1,13.214931
10.0,1,13.220866
-10.0,1,13.220866
-10.0,1,13.220866
-10.0,1,13.220866
-10.0,1,13.232576
10.0,1,13.232576
10.0,1,13.235103
-10.0,1,13.235103
-10.0,1,13.243015
-10.0,1,13.244082
-10.0,1,13.244082
-10.0,1,13.244082
10.0,1,13.254399
-10.0,1,13.254399
-10.0,1,13.254399
10.0,1,13.258409
-10.0,1,13.265624
-10.0,1,13.266628
-10.0,1,13.267688
-10.0,1,13.267688
-10.0,1,13.274967
10.0,1,13.274967
-10.0,1,13.274967
10.0,1,13.274967
-10.0,1,13.290124
-10.0,1,13.290124
-10.0,1,13.29213
-10.0,1,13.294135
-10.0,1,13.301965
10.0,1,13.30304
-10.0,1,13.30468
-10.0,1,13.30468
10.0,1,13.316151
-10.0,1,13.318157
10.0,1,13.318157
-10.0,1,13.320162
-10.0,1,13.327281
10.0,1,13.330345
-10.0,1,13.330345
10.0,1,13.330345
-10.0,1,13.338878
-10.0,1,13.340486
-10.0,1,13.340486
-10.0,1,13.340486
-10.0,1,13.348597
10.0,1,13.349669
-10.0,1,13.349669
-10.0,1,13.349669
-10.0,1,13.359329
10.0,1,13.361975
-10.0,1,13.361975
10.0,1,13.364653
-10.0,1,13.370992
-10.0,1,13.370992
-10.0,1,13.370992
-10.0,1,13.370992
-10.0,1,13.382345
10.0,1,13.382345
-10.0,1,13.382345
10.0,1,13.382345
-10.0,1,13.393951
-10.0,1,13.393951
3.0,1,13.393951
10.0,1,13.393951
-10.0,1,13.409326
-10.0,1,13.410586
-10.0,1,13.412591
-10.0,1,13.412591
3.0,1,13.420087
-10.0,1,13.420087
-10.0,1,13.420087
10.0,1,13.425368
-10.0,1,13.43073
-10.0,1,13.43224
3.0,1,13.43224
-10.0,1,13.43224
-10.0,1,13.441346
-10.0,1,13.441346
-10.0,1,13.441346
-10.0,1,13.444558
-10.0,1,13.452409
-10.0,1,13.452409
-10.0,1,13.455326
-10.0,1,13.457078
-10.0,1,13.463012
-10.0,1,13.463012
-10.0,1,13.465017
-10.0,1,13.465017
-10.0,1,13.467021
10.0,1,13.4728
-10.0,1,13.474853
-10.0,1,13.474853
-10.0,1,13.481854
-10.0,1,13.484115
-10.0,1,13.484115
10.0,1,13.487482
-10.0,1,13.493298
-10.0,1,13.493298
-10.0,1,13.493298
-10.0,1,13.493298
-10.0,1,13.507973
-10.0,1,13.507973
-10.0,1,13.507973
-10.0,1,13.507973
-10.0,1,13.51906
-10.0,1,13.52008
-10.0,1,13.52008
-10.0,1,13.52008
-10.0,1,13.52709
-10.0,1,13.529472
-10.0,1,13.529472
-10.0,1,13.529472
-10.0,1,13.538687
10.0,1,13.538687
10.0,1,13.538687
-10.0,1,13.538687
-10.0,1,13.550419
-10.0,1,13.551516
-10.0,1,13.552657
10.0,1,13.552657
-10.0,1,13.560731
-10.0,1,13.560731
-10.0,1,13.560731
-10.0,1,13.560731
10.0,1,13.572814
-10.0,1,13.572814
10.0,1,13.574818
-10.0,1,13.576823
-10.0,1,13.583097
-10.0,1,13.5851
10.0,1,13.5851
-10.0,1,13.587102
10.0,1,13.59511
-10.0,1,13.59511
-10.0,1,13.59511
-10.0,1,13.599104
-10.0,1,13.60512
-10.0,1,13.60512
-10.0,1,13.607125
-10.0,1,13.60913
-10.0,1,13.61605
-10.0,1,13.61605
10.0,1,13.61605
-10.0,1,13.61605
10.0,1,13.63054
-10.0,1,13.631591
-10.0,1,13.631591
10.0,1,13.636359
-10.0,1,13.642295
-10.0,1,13.6443
-10.0,1,13.6443
-10.0,1,13.646305
-10.0,1,13.654498
-10.0,1,13.654498
10.0,1,13.654498
-10.0,1,13.654498
-10.0,1,13.66147
10.0,1,13.66147
-10.0,1,13.66147
-10.0,1,13.66147
-10.0,1,13.677311
3.0,1,13.678423
-10.0,1,13.678423
-10.0,1,13.678423
-10.0,1,13.685
-10.0,1,13.687049
-10.0,1,13.687049
10.0,1,13.691049
-10.0,1,13.697041
-10.0,1,13.697041
-10.0,1,13.699047
10.0,1,13.701052
-10.0,1,13.707015
10.0,1,13.709047
-10.0,1,13.709047
10.0,1,13.709047
-10.0,1,13.722528
-10.0,1,13.723655
10.0,1,13.726259
-10.0,1,13.726259
3.0,1,13.738928
-10.0,1,13.738928
-10.0,1,13.740933
10.0,1,13.742939
-10.0,1,13.746209
10.0,1,13.746209
-10.0,1,13.746209
-10.0,1,13.746209
-10.0,1,13.759686
10.0,1,13.76169
-10.0,1,13.763703
-10.0,1,13.765708
-10.0,1,13.770817
-10.0,1,13.772562
-10.0,1,13.772562
-10.0,1,13.772562
-10.0,1,13.77998
-10.0,1,13.77998
10.0,1,13.77998
-10.0,1,13.77998
-10.0,1,13.791719
-10.0,1,13.791719
10.0,1,13.795729
-10.0,1,13.795729
-10.0,1,13.797734
-10.0,1,13.804414
10.0,1,13.808169
-10.0,1,13.808169
-10.0,1,13.814816
-10.0,1,13.814816
-10.0,1,13.817656
-10.0,1,13.817656
10.0,1,13.825168
-10.0,1,13.826185
-10.0,1,13.826185
-10.0,1,13.826185
10.0,1,13.839222
-10.0,1,13.839222
-10.0,1,13.839222
10.0,1,13.839222
-10.0,1,13.839222
-10.0,1,13.851607
-10.0,1,13.851607
-10.0,1,13.851607
-10.0,1,13.861242
-10.0,1,13.861242
-10.0,1,13.863247
10.0,1,13.865252
-10.0,1,13.867256
-10.0,1,13.872343
-10.0,1,13.872343
-10.0,1,13.872343
-10.0,1,13.881305
-10.0,1,13.88305
10.0,1,13.884287
-10.0,1,13.884287
-10.0,1,13.892011
-10.0,1,13.893833
10.0,1,13.896715
-10.0,1,13.896715
-10.0,1,13.903426
-10.0,1,13.904492
-10.0,1,13.904492
10.0,1,13.904492
10.0,1,13.914748
10.0,1,13.915935
-10.0,1,13.915935
-10.0,1,13.915935
-10.0,1,13.915935
10.0,1,13.915935
-10.0,1,13.915935
-10.0,1,13.930781
-10.0,1,13.938486
-10.0,1,13.939494
-10.0,1,13.939494
-10.0,1,13.939494
10.0,1,13.950916
-10.0,1,13.952921
-10.0,1,13.954925
-10.0,1,13.954925
-10.0,1,13.962394
-10.0,1,13.9629
-10.0,1,13.9629
-10.0,1,13.966082
10.0,1,13.972753
3.0,1,13.972753
-10.0,1,13.972753
-10.0,1,13.972753
-10.0,1,13.98345
-10.0,1,13.98345
-10.0,1,13.985455
-10.0,1,13.98746
-10.0,1,13.993691
10.0,1,13.995696
-10.0,1,13.995696
-10.0,1,13.997701
-10.0,1,13.997701
-10.0,1,14.004701
-10.0,1,14.004701
-10.0,1,14.004701
-10.0,1,14.013883
10.0,1,14.013883
-10.0,1,14.013883
-10.0,1,14.013883
10.0,1,14.025681
10.0,1,14.028789
-10.0,1,14.030921
-10.0,1,14.030921
-10.0,1,14.039325
-10.0,1,14.039325
-10.0,1,14.041332
-10.0,1,14.041332
-10.0,1,14.041332
-10.0,1,14.050569
10.0,1,14.050569
-10.0,1,14.050569
-10.0,1,14.063675
-10.0,1,14.064737
10.0,1,14.064737
-10.0,1,14.068599
-10.0,1,14.073514
-10.0,1,14.075805
10.0,1,14.075805
-10.0,1,14.075805
-10.0,1,14.085171
-10.0,1,14.085171
10.0,1,14.089592
-10.0,1,14.090599
-10.0,1,14.096943
-10.0,1,14.098948
-10.0,1,14.098948
-10.0,1,14.100953
-10.0,1,14.108001
-10.0,1,14.108001
-10.0,1,14.110006
10.0,1,14.112011
-10.0,1,14.118437
-10.0,1,14.118437
-10.0,1,14.121451
-10.0,1,14.121451
10.0,1,14.129879
10.0,1,14.131888
-10.0,1,14.131888
-10.0,1,14.133896
10.0,1,14.14091
-10.0,1,14.142915
10.0,1,14.142915
-10.0,1,14.14492
10.0,1,14.151582
-10.0,1,14.153331
-10.0,1,14.154422
-10.0,1,14.154422
-10.0,1,14.163071
10.0,1,14.165826
-10.0,1,14.165826
-10.0,1,14.165826
-10.0,1,14.178321
-10.0,1,14.180326
-10.0,1,14.180326
-10.0,1,14.182333
-10.0,1,14.189879
-10.0,1,14.189879
-10.0,1,14.189879
-10.0,1,14.189879
3.0,1,14.201283
-10.0,1,14.203289
-10.0,1,14.205294
-10.0,1,14.205294
-10.0,1,14.212731
10.0,1,14.213878
-10.0,1,14.215882
-10.0,1,14.217386
10.0,1,14.222378
-10.0,1,14.222378
10.0,1,14.222378
-10.0,1,14.222378
-10.0,1,14.234442
10.0,1,14.234442
-10.0,1,14.234442
10.0,1,14.234442
10.0,1,14.239457
-10.0,1,14.239457
10.0,1,14.249283
10.0,1,14.249283
-10.0,1,14.258887
-10.0,1,14.258887
-10.0,1,14.258887
-10.0,1,14.258887
10.0,1,14.268574
-10.0,1,14.268574
-10.0,1,14.268574
-10.0,1,14.268574
-10.0,1,14.278205
-10.0,1,14.279399
-10.0,1,14.282226
-10.0,1,14.282226
-10.0,1,14.282226
-10.0,1,14.282226
-10.0,1,14.294211
10.0,1,14.294211
-10.0,1,14.302087
-10.0,1,14.303794
-10.0,1,14.303794
10.0,1,14.303794
-10.0,1,14.313819
-10.0,1,14.315427
-10.0,1,14.315427
-10.0,1,14.315427
10.0,1,14.326171
-10.0,1,14.326171
-10.0,1,14.329287
10.0,1,14.331504
-10.0,1,14.336278
-10.0,1,14.338433
-10.0,1,14.339439
-10.0,1,14.339439
-10.0,1,14.343961
10.0,1,14.343961
-10.0,1,14.354044
-10.0,1,14.354044
-10.0,1,14.35984
-10.0,1,14.361953
-10.0,1,14.361953
-10.0,1,14.361953
10.0,1,14.372155
-10.0,1,14.374121
-10.0,1,14.375868
3.0,1,14.376973
-10.0,1,14.385251
10.0,1,14.387256
-10.0,1,14.387256
10.0,1,14.389261
-10.0,1,14.39863
-10.0,1,14.40012
-10.0,1,14.402419
10.0,1,14.403748
-10.0,1,14.409885
-10.0,1,14.412198
-10.0,1,14.412198
-10.0,1,14.412198
10.0,1,14.423282
-10.0,1,14.423282
-10.0,1,14.426153
-10.0,1,14.427497
-10.0,1,14.430012
-10.0,1,14.430012
-10.0,1,14.437616
10.0,1,14.439709
-10.0,1,14.439709
-10.0,1,14.439709
10.0,1,14.439709
-10.0,1,14.439709
-10.0,1,14.457024
-10.0,1,14.458437
-10.0,1,14.460316
-10.0,1,14.460316
-10.0,1,14.467053
-10.0,1,14.469061
-10.0,1,14.469061
-10.0,1,14.469061
-10.0,1,14.477639
-10.0,1,14.478997
10.0,1,14.478997
-10.0,1,14.482229
-10.0,1,14.489217
-10.0,1,14.490574
-10.0,1,14.490574
-10.0,1,14.490574
10.0,1,14.501796
-10.0,1,14.501796
-10.0,1,14.501796
-10.0,1,14.501796
-10.0,1,14.513188
10.0,1,14.51444
-10.0,1,14.516449
-10.0,1,14.516449
-10.0,1,14.524196
-10.0,1,14.524196
10.0,1,14.526201
-10.0,1,14.528206
-10.0,1,14.534658
-10.0,1,14.535737
-10.0,1,14.535737
-10.0,1,14.539747
-10.0,1,14.539747
-10.0,1,14.548388
-10.0,1,14.548388
3.0,1,14.548388
-10.0,1,14.555176
-10.0,1,14.557546
-10.0,1,14.559573
-10.0,1,14.559573
-10.0,1,14.566176
-10.0,1,14.567391
-10.0,1,14.569385
-10.0,1,14.569385
-10.0,1,14.573771
10.0,1,14.573771
10.0,1,14.580087
-10.0,1,14.580087
10.0,1,14.589676
-10.0,1,14.589676
-10.0,1,14.589676
10.0,1,14.589676
-10.0,1,14.60078
10.0,1,14.60078
-10.0,1,14.602785
-10.0,1,14.60479
-10.0,1,14.609155
-10.0,1,14.614053
-10.0,1,14.614053
3.0,1,14.614053
-10.0,1,14.624356
-10.0,1,14.624356
10.0,1,14.628714
-10.0,1,14.628714
-10.0,1,14.635809
-10.0,1,14.636953
-10.0,1,14.636953
-10.0,1,14.639984
-10.0,1,14.646759
-10.0,1,14.648764
-10.0,1,14.648764
10.0,1,14.650769
-10.0,1,14.657224
-10.0,1,14.659228
-10.0,1,14.659228
3.0,1,14.661233
-10.0,1,14.668125
-10.0,1,14.669567
-10.0,1,14.669567
-10.0,1,14.669567
-10.0,1,14.677493
-10.0,1,14.67918
-10.0,1,14.67918
-10.0,1,14.682525
10.0,1,14.689101
-10.0,1,14.690847
-10.0,1,14.691856
-10.0,1,14.691856
-10.0,1,14.699057
-10.0,1,14.700118
-10.0,1,14.700118
-10.0,1,14.700118
-10.0,1,14.708575
-10.0,1,14.709607
-10.0,1,14.709607
-10.0,1,14.709607
-10.0,1,14.718365
-10.0,1,14.720013
-10.0,1,14.720013
3.0,1,14.723021
-10.0,1,14.732121
-10.0,1,14.733141
-10.0,1,14.734998
3.0,1,14.734998
-10.0,1,14.744513
-10.0,1,14.744513
-10.0,1,14.746517
-10.0,1,14.748526
-10.0,1,14.754911
-10.0,1,14.75672
10.0,1,14.75672
-10.0,1,14.75672
10.0,1,14.76725
-10.0,1,14.768306
-10.0,1,14.768306
3.0,1,14.770813
-10.0,1,14.77686
10.0,1,14.777928
-10.0,1,14.779757
-10.0,1,14.781727
-10.0,1,14.789019
-10.0,1,14.790038
-10.0,1,14.790038
-10.0,1,14.793988
-10.0,1,14.79977
-10.0,1,14.800803
10.0,1,14.802249
-10.0,1,14.802249
-10.0,1,14.810563
10.0,1,14.812568
-10.0,1,14.814573
-10.0,1,14.814573
-10.0,1,14.82175
10.0,1,14.82286
-10.0,1,14.82286
-10.0,1,14.82286
-10.0,1,14.832243
-10.0,1,14.83531
-10.0,1,14.83531
-10.0,1,14.83531
-10.0,1,14.84587
-10.0,1,14.847119
-10.0,1,14.847119
-10.0,1,14.847119
-10.0,1,14.857116
-10.0,1,14.857116
-10.0,1,14.857116
-10.0,1,14.857116
-10.0,1,14.865403
-10.0,1,14.866543
-10.0,1,14.866543
-10.0,1,14.866543
-10.0,1,14.87492
-10.0,1,14.875991
-10.0,1,14.877445
-10.0,1,14.877445
-10.0,1,14.885356
-10.0,1,14.885356
-10.0,1,14.885356
10.0,1,14.885356
-10.0,1,14.894799
-10.0,1,14.896805
-10.0,1,14.896805
-10.0,1,14.89881
-10.0,1,14.906289
-10.0,1,14.906289
-10.0,1,14.908294
10.0,1,14.910299
-10.0,1,14.916216
-10.0,1,14.918426
10.0,1,14.918426
-10.0,1,14.918426
-10.0,1,14.92749
-10.0,1,14.928496
10.0,1,14.930502
-10.0,1,14.930502
-10.0,1,14.938063
3.0,1,14.938063
-10.0,1,14.940069
-10.0,1,14.940069
-10.0,1,14.94872
10.0,1,14.950375
-10.0,1,14.953146
-10.0,1,14.953146
-10.0,1,14.962254
-10.0,1,14.962254
10.0,1,14.966264
-10.0,1,14.966264
-10.0,1,14.975146
10.0,1,14.977214
-10.0,1,14.977214
-10.0,1,14.977214
-10.0,1,14.985419
-10.0,1,14.985419
-10.0,1,14.987424
-10.0,1,14.989429
10.0,1,14.996703
-10.0,1,14.996703
-10.0,1,14.996703
10.0,1,14.996703
-10.0,1,15.007889
-10.0,1,15.007889
-10.0,1,15.01096
-10.0,1,15.01096
-10.0,1,15.018864
-10.0,1,15.019882
-10.0,1,15.019882
-10.0,1,15.019882
10.0,1,15.02933
-10.0,1,15.02933
-10.0,1,15.031927
-10.0,1,15.031927
-10.0,1,15.039985
-10.0,1,15.040989
3.0,1,15.040989
-10.0,1,15.040989
-10.0,1,15.049772
-10.0,1,15.051777
-10.0,1,15.053782
10.0,1,15.055287
-10.0,1,15.064345
-10.0,1,15.066465
-10.0,1,15.066465
-10.0,1,15.066465
-10.0,1,15.07441
-10.0,1,15.075477
-10.0,1,15.075477
-10.0,1,15.079016
-10.0,1,15.085433
-10.0,1,15.086938
-10.0,1,15.088944
-10.0,1,15.090949
-10.0,1,15.096671
-10.0,1,15.096671
-10.0,1,15.098676
-10.0,1,15.098676
-10.0,1,15.106989
-10.0,1,15.106989
-10.0,1,15.106989
10.0,1,15.106989
-10.0,1,15.11569
-10.0,1,15.117371
10.0,1,15.119491
-10.0,1,15.119491
-10.0,1,15.347154
-10.0,1,15.348459
-10.0,1,15.348459
-10.0,1,15.348459
-10.0,1,15.356188
-10.0,1,15.358255
-10.0,1,15.358255
-10.0,1,15.358255
-10.0,1,15.367179
-10.0,1,15.368201
-10.0,1,15.368201
-10.0,1,15.368201
10.0,1,15.37685
-10.0,1,15.377926
-10.0,1,15.377926
-10.0,1,15.377926
-10.0,1,15.387409
-10.0,1,15.387409
-10.0,1,15.387409
-10.0,1,15.387409
3.0,1,15.400693
3.0,1,15.402698
-10.0,1,15.404704
-10.0,1,15.404704
-10.0,1,15.412611
-10.0,1,15.412611
-10.0,1,15.413811
-10.0,1,15.413811
-10.0,1,15.422421
-10.0,1,15.422421
-10.0,1,15.422421
-10.0,1,15.422421
-10.0,1,15.433367
-10.0,1,15.434873
-10.0,1,15.43595
-10.0,1,15.43595
-10.0,1,15.443969
-10.0,1,15.443969
-10.0,1,15.445975
-10.0,1,15.44798
-10.0,1,15.453462
-10.0,1,15.454861
-10.0,1,15.454861
-10.0,1,15.454861
-10.0,1,15.463082
-10.0,1,15.465087
10.0,1,15.466832
10.0,1,15.468838
10.0,1,15.477283
-10.0,1,15.477283
-10.0,1,15.477283
-10.0,1,15.477283
-10.0,1,15.486104
-10.0,1,15.487525
10.0,1,15.487525
-10.0,1,15.487525
-10.0,1,15.497659
-10.0,1,15.498664
-10.0,1,15.498664
10.0,1,15.498664
-10.0,1,15.513128
-10.0,1,15.513128
-10.0,1,15.514636
-10.0,1,15.515755
10.0,1,15.523764
-10.0,1,15.523764
-10.0,1,15.523764
10.0,1,15.523764
-10.0,1,15.534907
-10.0,1,15.534907
-10.0,1,15.537716
-10.0,1,15.537716
-10.0,1,15.54385
-10.0,1,15.544864
-10.0,1,15.546369
-10.0,1,15.547448
-10.0,1,15.553525
-10.0,1,15.554716
-10.0,1,15.554716
-10.0,1,15.554716
10.0,1,15.563807
-10.0,1,15.56484
-10.0,1,15.56484
-10.0,1,15.56484
-10.0,1,15.574564
-10.0,1,15.575594
-10.0,1,15.575594
-10.0,1,15.57734
-10.0,1,15.584645
-10.0,1,15.585685
-10.0,1,15.585685
-10.0,1,15.585685
-10.0,1,15.59309
-10.0,1,15.59309
-10.0,1,15.59309
-10.0,1,15.59309
-10.0,1,15.604021
-10.0,1,15.605634
-10.0,1,15.605634
10.0,1,15.609141
10.0,1,15.618695
10.0,1,15.622705
-10.0,1,15.622705
-10.0,1,15.62471
-10.0,1,15.631037
-10.0,1,15.632455
-10.0,1,15.634679
-10.0,1,15.634679
-10.0,1,15.640865
-10.0,1,15.643091
-10.0,1,15.643091
-10.0,1,15.645097
-10.0,1,15.652762
-10.0,1,15.652762
-10.0,1,15.652762
-10.0,1,15.656773
-10.0,1,15.664278
-10.0,1,15.664278
-10.0,1,15.664278
-10.0,1,15.664278
-10.0,1,15.674677
10.0,1,15.677873
-10.0,1,15.677873
-10.0,1,15.677873
-10.0,1,15.686115
-10.0,1,15.687242
-10.0,1,15.688747
10.0,1,15.688747
-10.0,1,15.697046
-10.0,1,15.698396
10.0,1,15.700364
-10.0,1,15.700364
-10.0,1,15.708668
-10.0,1,15.710674
-10.0,1,15.710674
-10.0,1,15.710674
-10.0,1,15.718609
-10.0,1,15.719114
-10.0,1,15.72086
-10.0,1,15.72086
-10.0,1,15.731978
-10.0,1,15.7332
-10.0,1,15.7332
-10.0,1,15.735206
-10.0,1,15.740761
3.0,1,15.742951
10.0,1,15.742951
-10.0,1,15.746454
10.0,1,15.754872
-10.0,1,15.754872
10.0,1,15.756877
3.0,1,15.758882
3.0,1,15.765748
-10.0,1,15.765748
-10.0,1,15.767754
-10.0,1,15.768759
-10.0,1,15.774136
-10.0,1,15.776239
10.0,1,15.776239
10.0,1,15.776239
-10.0,1,15.787623
-10.0,1,15.788653
10.0,1,15.788653
-10.0,1,15.788653
-10.0,1,15.799277
-10.0,1,15.800282
-10.0,1,15.800282
-10.0,1,15.802287
-10.0,1,15.808324
-10.0,1,15.809356
-10.0,1,15.81274
-10.0,1,15.81274
-10.0,1,15.819099
-10.0,1,15.820152
-10.0,1,15.820152
-10.0,1,15.823098
-10.0,1,15.828905
-10.0,1,15.828905
-10.0,1,15.83091
-10.0,1,15.832415
-10.0,1,15.842356
10.0,1,15.844362
-10.0,1,15.844362
-10.0,1,15.846366
-10.0,1,15.853729
-10.0,1,15.853729
10.0,1,15.853729
-10.0,1,15.853729
-10.0,1,15.863857
-10.0,1,15.863857
-10.0,1,15.865862
10.0,1,15.867867
-10.0,1,15.874173
-10.0,1,15.875842
-10.0,1,15.875842
-10.0,1,15.875842
-10.0,1,15.884373
-10.0,1,15.886397
10.0,1,15.886397
-10.0,1,15.886397
-10.0,1,15.896953
10.0,1,15.896953
-10.0,1,15.896953
-10.0,1,15.896953
-10.0,1,15.907077
-10.0,1,15.908732
10.0,1,15.910738
-10.0,1,15.911742
-10.0,1,15.918831
-10.0,1,15.919947
-10.0,1,15.922018
10.0,1,15.922018
10.0,1,15.932171
-10.0,1,15.932171
-10.0,1,15.934175
-10.0,1,15.93618
-10.0,1,15.943617
-10.0,1,15.948437
-10.0,1,15.948437
10.0,1,15.948437
-10.0,1,15.956575
10.0,1,15.958859
-10.0,1,15.958859
-10.0,1,15.958859
-10.0,1,15.969236
-10.0,1,15.970255
-10.0,1,15.970255
10.0,1,15.970255
-10.0,1,15.979449
-10.0,1,15.980505
-10.0,1,15.980505
-10.0,1,15.980505
-10.0,1,15.989343
-10.0,1,15.991724
-10.0,1,15.991724
-10.0,1,15.991724
10.0,1,16.002465
-10.0,1,16.004469
-10.0,1,16.004469
10.0,1,16.008219
-10.0,1,16.013747
10.0,1,16.013747
-10.0,1,16.015752
10.0,1,16.015752
-10.0,1,16.023481
10.0,1,16.024495
-10.0,1,16.0265
-10.0,1,16.028504
10.0,1,16.034401
10.0,1,16.037411
-10.0,1,16.037411
-10.0,1,16.039418
-10.0,1,16.046657
-10.0,1,16.046657
-10.0,1,16.048662
3.0,1,16.050667
10.0,1,16.060066
-10.0,1,16.062072
10.0,1,16.062072
-10.0,1,16.064077
-10.0,1,16.071063
-10.0,1,16.073065
-10.0,1,16.073065
-10.0,1,16.075067
10.0,1,16.083079
-10.0,1,16.083079
-10.0,1,16.084822
10.0,1,16.086825
-10.0,1,16.092831
-10.0,1,16.094834
10.0,1,16.0979
-10.0,1,16.0979
10.0,1,16.106916
-10.0,1,16.108919
-10.0,1,16.108919
-10.0,1,16.108919
-10.0,1,16.116668
-10.0,1,16.118674
10.0,1,16.118674
-10.0,1,16.120679
-10.0,1,16.128688
-10.0,1,16.128688
10.0,1,16.132432
10.0,1,16.134436
-10.0,1,16.142498
-10.0,1,16.142498
-10.0,1,16.144503
-10.0,1,16.144503
-10.0,1,16.151683
10.0,1,16.153688
-10.0,1,16.153688
-10.0,1,16.155693
-10.0,1,16.162081
10.0,1,16.163626
10.0,1,16.163626
-10.0,1,16.163626
-10.0,1,16.17699
-10.0,1,16.17699
-10.0,1,16.178995
-10.0,1,16.181001
-10.0,1,16.187109
3.0,1,16.187109
10.0,1,16.19112
-10.0,1,16.19112
-10.0,1,16.198117
-10.0,1,16.20012
-10.0,1,16.20012
-10.0,1,16.20012
-10.0,1,16.207692
10.0,1,16.207692
10.0,1,16.210701
-10.0,1,16.212706
-10.0,1,16.220486
-10.0,1,16.220486
-10.0,1,16.222491
-10.0,1,16.224496
-10.0,1,16.229376
-10.0,1,16.230932
-10.0,1,16.23313
-10.0,1,16.234376
10.0,1,16.241884
3.0,1,16.241884
-10.0,1,16.241884
-10.0,1,16.241884
-10.0,1,16.251677
-10.0,1,16.25323
10.0,1,16.25323
10.0,1,16.257737
-10.0,1,16.265753
-10.0,1,16.266784
10.0,1,16.267994
-10.0,1,16.267994
3.0,1,16.278002
-10.0,1,16.278002
-10.0,1,16.278002
-10.0,1,16.278002
-10.0,1,16.287741
10.0,1,16.291062
-10.0,1,16.291062
-10.0,1,16.291062
-10.0,1,16.299015
-10.0,1,16.300592
10.0,1,16.300592
-10.0,1,16.300592
-10.0,1,16.311598
-10.0,1,16.311598
-10.0,1,16.313525
-10.0,1,16.313525
10.0,1,16.323022
-10.0,1,16.323022
-10.0,1,16.323022
-10.0,1,16.323022
10.0,1,16.333174
-10.0,1,16.335179
10.0,1,16.336925
-10.0,1,16.336925
-10.0,1,16.343348
-10.0,1,16.343348
10.0,1,16.343348
-10.0,1,16.343348
10.0,1,16.355999
-10.0,1,16.355999
-10.0,1,16.355999
-10.0,1,16.359527
-10.0,1,16.366554
-10.0,1,16.367649
-10.0,1,16.368654
10.0,1,16.371789
10.0,1,16.379159
-10.0,1,16.379159
-10.0,1,16.379159
-10.0,1,16.379159
-10.0,1,16.39196
10.0,1,16.394226
10.0,1,16.396781
-10.0,1,16.396781
-10.0,1,16.400791
-10.0,1,16.405603
-10.0,1,16.405603
3.0,1,16.405603
10.0,1,16.415369
-10.0,1,16.417381
-10.0,1,16.417381
-10.0,1,16.417381
-10.0,1,16.427587
-10.0,1,16.427587
10.0,1,16.429592
-10.0,1,16.431597
-10.0,1,16.437258
-10.0,1,16.437258
-10.0,1,16.439264
-10.0,1,16.440769
-10.0,1,16.446739
-10.0,1,16.447832
-10.0,1,16.447832
-10.0,1,16.451812
-10.0,1,16.457967
-10.0,1,16.458988
10.0,1,16.461622
-10.0,1,16.461622
-10.0,1,16.467996
-10.0,1,16.470636
-10.0,1,16.470636
-10.0,1,16.472497
-10.0,1,16.478953
-10.0,1,16.478953
-10.0,1,16.478953
-10.0,1,16.478953
-10.0,1,16.48729
-10.0,1,16.489523
-10.0,1,16.489523
-10.0,1,16.489523
-10.0,1,16.500918
10.0,1,16.504927
-10.0,1,16.504927
-10.0,1,16.506932
-10.0,1,16.514076
10.0,1,16.517102
-10.0,1,16.517102
-10.0,1,16.519106
10.0,1,16.525086
-10.0,1,16.526833
-10.0,1,16.528838
-10.0,1,16.528838
-10.0,1,16.537114
-10.0,1,16.537114
3.0,1,16.54062
10.0,1,16.541641
-10.0,1,16.548607
-10.0,1,16.549972
-10.0,1,16.551976
-10.0,1,16.55398
-10.0,1,16.558744
10.0,1,16.561017
-10.0,1,16.561017
-10.0,1,16.561017
-10.0,1,16.570376
-10.0,1,16.572381
10.0,1,16.572381
-10.0,1,16.574386
-10.0,1,16.581422
-10.0,1,16.583258
10.0,1,16.583258
-10.0,1,16.583258
10.0,1,16.596736
-10.0,1,16.598741
-10.0,1,16.598741
10.0,1,16.600745
-10.0,1,16.606265
-10.0,1,16.606265
-10.0,1,16.606265
-10.0,1,16.613083
-10.0,1,16.618562
-10.0,1,16.619598
-10.0,1,16.621905
-10.0,1,16.622967
10.0,1,16.630781
-10.0,1,16.630781
10.0,1,16.634792
-10.0,1,16.634792
-10.0,1,16.641858
-10.0,1,16.641858
-10.0,1,16.643862
10.0,1,16.645867
-10.0,1,16.653179
10.0,1,16.655184
-10.0,1,16.655184
-10.0,1,16.657189
-10.0,1,16.6638
-10.0,1,16.665254
10.0,1,16.667259
-10.0,1,16.669004
-10.0,1,16.676509
-10.0,1,16.676509
10.0,1,16.676509
-10.0,1,16.676509
-10.0,1,16.68674
-10.0,1,16.68674
-10.0,1,16.688745
-10.0,1,16.69075
10.0,1,16.696828
10.0,1,16.698834
-10.0,1,16.70058
-10.0,1,16.702729
-10.0,1,16.709528
-10.0,1,16.711533
-10.0,1,16.711533
10.0,1,16.713538
-10.0,1,16.723633
-10.0,1,16.724693
10.0,1,16.724693
-10.0,1,16.728147
-10.0,1,16.734215
-10.0,1,16.735457
-10.0,1,16.736705
-10.0,1,16.738292
10.0,1,16.746088
-10.0,1,16.746088
-10.0,1,16.748092
-10.0,1,16.748092
10.0,1,16.759353
-10.0,1,16.759353
-10.0,1,16.759353
10.0,1,16.759353
-10.0,1,16.771288
-10.0,1,16.771288
-10.0,1,16.771288
-10.0,1,16.774456
-10.0,1,16.779809
-10.0,1,16.781815
-10.0,1,16.781815
-10.0,1,16.78382
-10.0,1,16.790982
-10.0,1,16.792987
-10.0,1,16.792987
10.0,1,16.794992
10.0,1,16.802518
-10.0,1,16.802518
-10.0,1,16.804523
-10.0,1,16.804523
-10.0,1,16.81172
-10.0,1,16.813255
10.0,1,16.815599
-10.0,1,16.815599
10.0,1,16.823171
-10.0,1,16.825176
-10.0,1,16.825176
-10.0,1,16.826681
-10.0,1,16.837242
-10.0,1,16.837242
-10.0,1,16.837242
-10.0,1,16.840749
-10.0,1,16.846275
10.0,1,16.84796
10.0,1,16.851653
-10.0,1,16.851653
10.0,1,16.860471
-10.0,1,16.862476
-10.0,1,16.864481
-10.0,1,16.864481
10.0,1,16.871862
-10.0,1,16.873868
-10.0,1,16.875874
-10.0,1,16.875874
-10.0,1,16.882659
-10.0,1,16.883712
10.0,1,16.883712
-10.0,1,16.887221
-10.0,1,16.894423
-10.0,1,16.896428
-10.0,1,16.896428
-10.0,1,16.898433
-10.0,1,16.90432
10.0,1,16.90432
-10.0,1,16.905827
-10.0,1,16.905827
-10.0,1,16.914278
-10.0,1,16.915375
10.0,1,16.915375
10.0,1,16.915375
-10.0,1,16.926749
-10.0,1,16.927869
-10.0,1,16.927869
-10.0,1,16.927869
-10.0,1,16.936421
-10.0,1,16.937426
-10.0,1,16.939029
-10.0,1,16.941033
-10.0,1,16.948224
-10.0,1,16.950229
10.0,1,16.953239
10.0,1,16.955244
-10.0,1,16.961474
-10.0,1,16.96348
10.0,1,16.965485
10.0,1,16.967489
10.0,1,16.974327
-10.0,1,16.974327
-10.0,1,16.974327
-10.0,1,16.974327
3.0,1,16.984136
-10.0,1,16.985141
-10.0,1,16.986224
-10.0,1,16.986224
-10.0,1,16.993483
-10.0,1,16.995215
10.0,1,16.99722
10.0,1,16.999224
10.0,1,17.0056
-10.0,1,17.007606
10.0,1,17.009612
-10.0,1,17.009612
-10.0,1,17.016647
-10.0,1,17.018751
10.0,1,17.020756
-10.0,1,17.02276
10.0,1,17.03249
-10.0,1,17.034496
-10.0,1,17.034496
10.0,1,17.038506
-10.0,1,17.044862
-10.0,1,17.045904
-10.0,1,17.04841
-10.0,1,17.04841
-10.0,1,17.059266
10.0,1,17.06127
-10.0,1,17.063276
-10.0,1,17.06428
-10.0,1,17.070923
-10.0,1,17.070923
-10.0,1,17.072928
-10.0,1,17.072928
-10.0,1,17.081796
-10.0,1,17.081796
-10.0,1,17.083802
10.0,1,17.085806
-10.0,1,17.092102
10.0,1,17.094107
-10.0,1,17.096112
-10.0,1,17.098149
-10.0,1,17.104721
10.0,1,17.106726
-10.0,1,17.106726
-10.0,1,17.108731
-10.0,1,17.118856
-10.0,1,17.120861
-10.0,1,17.122866
-10.0,1,17.122866
10.0,1,17.131732
-10.0,1,17.131732
-10.0,1,17.133737
-10.0,1,17.135742
-10.0,1,17.142582
10.0,1,17.144087
-10.0,1,17.144087
10.0,1,17.144087
-10.0,1,17.154232
10.0,1,17.156237
-10.0,1,17.158243
-10.0,1,17.158243
-10.0,1,17.168315
10.0,1,17.171498
-10.0,1,17.171498
-10.0,1,17.171498
-10.0,1,17.180208
-10.0,1,17.180208
-10.0,1,17.182213
-10.0,1,17.182213
-10.0,1,17.184217
-10.0,1,17.184217
10.0,1,17.1917
-10.0,1,17.1917
10.0,1,17.201708
-10.0,1,17.201708
-10.0,1,17.203714
-10.0,1,17.205718
-10.0,1,17.210741
-10.0,1,17.212679
-10.0,1,17.212679
-10.0,1,17.212679
-10.0,1,17.221665
10.0,1,17.222844
10.0,1,17.222844
-10.0,1,17.226848
10.0,1,17.23471
-10.0,1,17.23471
-10.0,1,17.236721
-10.0,1,17.238726
-10.0,1,17.245434
-10.0,1,17.245434
10.0,1,17.247439
-10.0,1,17.249444
-10.0,1,17.254762
10.0,1,17.258932
-10.0,1,17.258932
-10.0,1,17.260936
-10.0,1,17.267444
-10.0,1,17.26945
-10.0,1,17.270455
-10.0,1,17.270455
10.0,1,17.280745
-10.0,1,17.282751
10.0,1,17.284755
-10.0,1,17.284755
-10.0,1,17.292746
-10.0,1,17.293788
10.0,1,17.296943
-10.0,1,17.296943
-10.0,1,17.304696
-10.0,1,17.304696
-10.0,1,17.30777
-10.0,1,17.30777
-10.0,1,17.315465
10.0,1,17.318235
-10.0,1,17.318235
-10.0,1,17.318235
-10.0,1,17.329054
-10.0,1,17.330079
-10.0,1,17.330079
-10.0,1,17.330079
-10.0,1,17.339419
-10.0,1,17.339924
-10.0,1,17.341429
10.0,1,17.343434
-10.0,1,17.351141
-10.0,1,17.351141
-10.0,1,17.353148
-10.0,1,17.353148
-10.0,1,17.360128
-10.0,1,17.360128
-10.0,1,17.362133
-10.0,1,17.362133
-10.0,1,17.369455
-10.0,1,17.37146
-10.0,1,17.37146
-10.0,1,17.373465
10.0,1,17.381954
-10.0,1,17.381954
-10.0,1,17.387423
-10.0,1,17.387423
-10.0,1,17.394027
-10.0,1,17.394027
10.0,1,17.396031
-10.0,1,17.397778
3.0,1,17.405886
10.0,1,17.407891
-10.0,1,17.409895
-10.0,1,17.409895
-10.0,1,17.416605
-10.0,1,17.416605
-10.0,1,17.41861
-10.0,1,17.41861
-10.0,1,17.425397
-10.0,1,17.425902
-10.0,1,17.427907
-10.0,1,17.429653
10.0,1,17.435263
-10.0,1,17.437268
-10.0,1,17.437268
-10.0,1,17.437268
10.0,1,17.445696
-10.0,1,17.447493
-10.0,1,17.447493
-10.0,1,17.447493
-10.0,1,17.455463
-10.0,1,17.456483
-10.0,1,17.459234
-10.0,1,17.459234
-10.0,1,17.465932
-10.0,1,17.465932
-10.0,1,17.467937
-10.0,1,17.467937
-10.0,1,17.469942
-10.0,1,17.476323
-10.0,1,17.477829
-10.0,1,17.479835
-10.0,1,17.484863
-10.0,1,17.486175
-10.0,1,17.486175
-10.0,1,17.488889
-10.0,1,17.497566
-10.0,1,17.49858
-10.0,1,17.49858
10.0,1,17.49858
-10.0,1,17.509314
-10.0,1,17.509314
10.0,1,17.513324
10.0,1,17.513324
-10.0,1,17.521574
-10.0,1,17.522684
-10.0,1,17.524689
-10.0,1,17.526695
-10.0,1,17.532943
-10.0,1,17.532943
-10.0,1,17.534949
10.0,1,17.534949
-10.0,1,17.543328
-10.0,1,17.544362
10.0,1,17.547099
-10.0,1,17.547099
10.0,1,17.553692
-10.0,1,17.555697
-10.0,1,17.55779
-10.0,1,17.55779
-10.0,1,17.565551
10.0,1,17.565551
10.0,1,17.56917
-10.0,1,17.56917
-10.0,1,17.575308
-10.0,1,17.576334
-10.0,1,17.576334
-10.0,1,17.579517
10.0,1,17.587595
3.0,1,17.587595
-10.0,1,17.589923
10.0,1,17.593021
-10.0,1,17.59983
-10.0,1,17.600859
10.0,1,17.604475
-10.0,1,17.607274
-10.0,1,17.614387
-10.0,1,17.614387
-10.0,1,17.616392
-10.0,1,17.618397
10.0,1,17.623913
-10.0,1,17.623913
10.0,1,17.629513
-10.0,1,17.629513
-10.0,1,17.637151
10.0,1,17.639155
-10.0,1,17.639155
-10.0,1,17.64166
-10.0,1,17.648081
-10.0,1,17.648081
-10.0,1,17.650086
-10.0,1,17.651091
-10.0,1,17.659237
-10.0,1,17.660647
10.0,1,17.660647
10.0,1,17.664921
-10.0,1,17.671513
-10.0,1,17.671513
-10.0,1,17.671513
-10.0,1,17.671513
-10.0,1,17.681345
-10.0,1,17.682387
-10.0,1,17.682387
-10.0,1,17.682387
10.0,1,17.691846
-10.0,1,17.691846
-10.0,1,17.693851
10.0,1,17.695855
-10.0,1,17.702161
-10.0,1,17.702161
-10.0,1,17.704166
-10.0,1,17.704166
-10.0,1,17.711843
-10.0,1,17.711843
-10.0,1,17.713849
-10.0,1,17.713849
-10.0,1,17.727672
-10.0,1,17.727672
-10.0,1,17.729679
10.0,1,17.729679
10.0,1,17.737847
-10.0,1,17.739852
-10.0,1,17.739852
-10.0,1,17.741857
10.0,1,17.748612
-10.0,1,17.750029
-10.0,1,17.750029
-10.0,1,17.750029
-10.0,1,17.760358
-10.0,1,17.761863
-10.0,1,17.762868
-10.0,1,17.762868
-10.0,1,17.771834
-10.0,1,17.771834
-10.0,1,17.771834
-10.0,1,17.771834
-10.0,1,17.78222
-10.0,1,17.783263
10.0,1,17.783263
-10.0,1,17.783263
-10.0,1,17.792482
10.0,1,17.796235
-10.0,1,17.796235
-10.0,1,17.798239
-10.0,1,17.805106
10.0,1,17.807112
10.0,1,17.809116
-10.0,1,17.811121
-10.0,1,17.817887
-10.0,1,17.817887
-10.0,1,17.819892
-10.0,1,17.819892
10.0,1,17.829422
-10.0,1,17.831427
-10.0,1,17.831427
-10.0,1,17.833433
-10.0,1,17.84216
-10.0,1,17.84216
10.0,1,17.84617
-10.0,1,17.848176
10.0,1,17.855597
-10.0,1,17.855597
-10.0,1,17.857102
-10.0,1,17.858353
-10.0,1,17.866017
-10.0,1,17.867631
-10.0,1,17.86924
10.0,1,17.871926
-10.0,1,17.877401
-10.0,1,17.879407
-10.0,1,17.879407
-10.0,1,17.879407
-10.0,1,17.888071
-10.0,1,17.888071
10.0,1,17.888071
-10.0,1,17.892145
-10.0,1,17.900515
-10.0,1,17.90252
10.0,1,17.904025
10.0,1,17.906029
-10.0,1,17.912606
10.0,1,17.915744
-10.0,1,17.915744
-10.0,1,17.917748
-10.0,1,17.924161
-10.0,1,17.924161
-10.0,1,17.926166
-10.0,1,17.926166
-10.0,1,17.933654
-10.0,1,17.934675
-10.0,1,17.935679
-10.0,1,17.937105
-10.0,1,17.948843
-10.0,1,17.949865
-10.0,1,17.951612
-10.0,1,17.951612
-10.0,1,17.961172
-10.0,1,17.961172
-10.0,1,17.961172
10.0,1,17.961172
-10.0,1,17.97181
10.0,1,17.974993
-10.0,1,17.974993
10.0,1,17.978698
10.0,1,17.986132
-10.0,1,17.986132
-10.0,1,17.986132
10.0,1,17.992028
-10.0,1,17.997745
-10.0,1,17.997745
-10.0,1,17.999491
10.0,1,18.001496
10.0,1,18.007884
-10.0,1,18.009889
10.0,1,18.011894
-10.0,1,18.011894
-10.0,1,18.021662
-10.0,1,18.021662
-10.0,1,18.023666
-10.0,1,18.025671
-10.0,1,18.033635
-10.0,1,18.033635
10.0,1,18.03564
-10.0,1,18.037646
-10.0,1,18.043743
-10.0,1,18.043743
-10.0,1,18.045748
-10.0,1,18.047494
10.0,1,18.058014
-10.0,1,18.058014
10.0,1,18.058014
-10.0,1,18.058014
-10.0,1,18.068004
-10.0,1,18.070009
-10.0,1,18.070009
-10.0,1,18.072013
10.0,1,18.07948
-10.0,1,18.081485
10.0,1,18.081485
10.0,1,18.08349
-10.0,1,18.091069
-10.0,1,18.091069
-10.0,1,18.093074
-10.0,1,18.093074
-10.0,1,18.10138
-10.0,1,18.102412
-10.0,1,18.104417
-10.0,1,18.104417
10.0,1,18.112332
-10.0,1,18.114337
-10.0,1,18.114337
10.0,1,18.116342
-10.0,1,18.122192
-10.0,1,18.122192
-10.0,1,18.124197
-10.0,1,18.126202
-10.0,1,18.132742
-10.0,1,18.133826
-10.0,1,18.135832
-10.0,1,18.135832
10.0,1,18.144667
-10.0,1,18.144667
-10.0,1,18.144667
-10.0,1,18.147413
-10.0,1,18.154106
-10.0,1,18.155141
-10.0,1,18.155141
10.0,1,18.158263
10.0,1,18.167917
-10.0,1,18.167917
-10.0,1,18.167917
-10.0,1,18.167917
-10.0,1,18.177045
-10.0,1,18.179051
-10.0,1,18.179051
-10.0,1,18.181056
-10.0,1,18.191373
-10.0,1,18.192623
-10.0,1,18.194628
10.0,1,18.196633
-10.0,1,18.203317
10.0,1,18.204384
10.0,1,18.204384
-10.0,1,18.207896
-10.0,1,18.214563
10.0,1,18.214563
-10.0,1,18.214563
3.0,1,18.21833
-10.0,1,18.22453
-10.0,1,18.225621
10.0,1,18.228526
-10.0,1,18.228526
-10.0,1,18.235478
-10.0,1,18.236528
-10.0,1,18.236528
-10.0,1,18.239553
-10.0,1,18.246437
10.0,1,18.249036
-10.0,1,18.249036
10.0,1,18.252261
-10.0,1,18.258228
10.0,1,18.261266
10.0,1,18.261266
-10.0,1,18.263271
-10.0,1,18.268672
-10.0,1,18.269971
-10.0,1,18.271477
-10.0,1,18.275885
-10.0,1,18.28257
10.0,1,18.286579
-10.0,1,18.287584
-10.0,1,18.289588
-10.0,1,18.294924
10.0,1,18.295984
-10.0,1,18.295984
3.0,1,18.295984
3.0,1,18.307352
-10.0,1,18.307352
-10.0,1,18.309357
10.0,1,18.311362
-10.0,1,18.318932
-10.0,1,18.318932
10.0,1,18.320939
-10.0,1,18.322943
-10.0,1,18.32869
-10.0,1,18.329915
-10.0,1,18.329915
10.0,1,18.329915
-10.0,1,18.340695
-10.0,1,18.3422
-10.0,1,18.3422
-10.0,1,18.345319
-10.0,1,18.350087
10.0,1,18.352193
-10.0,1,18.352193
-10.0,1,18.352193
10.0,1,18.362938
-10.0,1,18.363952
3.0,1,18.365958
-10.0,1,18.365958
-10.0,1,18.373693
-10.0,1,18.375698
-10.0,1,18.377702
-10.0,1,18.377702
10.0,1,18.390586
-10.0,1,18.390586
-10.0,1,18.390586
-10.0,1,18.390586
-10.0,1,18.397573
-10.0,1,18.401122
-10.0,1,18.403235
10.0,1,18.403235
-10.0,1,18.412152
-10.0,1,18.413658
-10.0,1,18.413658
-10.0,1,18.41627
-10.0,1,18.422157
-10.0,1,18.422157
-10.0,1,18.424162
10.0,1,18.426167
-10.0,1,18.433438
-10.0,1,18.434505
-10.0,1,18.434505
-10.0,1,18.434505
-10.0,1,18.442219
-10.0,1,18.445797
-10.0,1,18.445797
-10.0,1,18.445797
-10.0,1,18.453969
-10.0,1,18.455012
-10.0,1,18.455012
-10.0,1,18.458088
-10.0,1,18.464706
-10.0,1,18.46646
10.0,1,18.468465
10.0,1,18.47047
-10.0,1,18.479834
-10.0,1,18.479834
-10.0,1,18.481839
-10.0,1,18.483844
-10.0,1,18.490398
-10.0,1,18.490398
10.0,1,18.493408
10.0,1,18.493408
-10.0,1,18.504678
-10.0,1,18.506683
10.0,1,18.508689
10.0,1,18.508689
-10.0,1,18.515624
-10.0,1,18.517025
10.0,1,18.517025
-10.0,1,18.520457
-10.0,1,18.528088
-10.0,1,18.528088
-10.0,1,18.528088
3.0,1,18.528088
3.0,1,18.538158
10.0,1,18.540672
10.0,1,18.542179
-10.0,1,18.542179
-10.0,1,18.550501
-10.0,1,18.552506
-10.0,1,18.554512
10.0,1,18.556257
-10.0,1,18.562614
-10.0,1,18.562614
10.0,1,18.564619
-10.0,1,18.566624
-10.0,1,18.572376
-10.0,1,18.572376
-10.0,1,18.574381
-10.0,1,18.576386
10.0,1,18.582765
-10.0,1,18.58477
-10.0,1,18.58477
-10.0,1,18.586775
-10.0,1,18.593766
-10.0,1,18.594803
-10.0,1,18.594803
-10.0,1,18.594803
-10.0,1,18.603638
-10.0,1,18.608178
-10.0,1,18.610239
-10.0,1,18.610239
-10.0,1,18.617072
-10.0,1,18.619077
3.0,1,18.619077
10.0,1,18.623086
10.0,1,18.630594
-10.0,1,18.630594
-10.0,1,18.634945
-10.0,1,18.636204
-10.0,1,18.642244
-10.0,1,18.644248
10.0,1,18.646254
-10.0,1,18.646254
-10.0,1,18.652946
-10.0,1,18.652946
10.0,1,18.654951
10.0,1,18.656956
10.0,1,18.665375
10.0,1,18.666879
-10.0,1,18.668884
-10.0,1,18.668884
-10.0,1,18.675586
-10.0,1,18.676932
10.0,1,18.680595
10.0,1,18.68361
-10.0,1,18.69023
3.0,1,18.692235
-10.0,1,18.692235
-10.0,1,18.69424
-10.0,1,18.699647
10.0,1,18.70382
-10.0,1,18.70382
-10.0,1,18.705825
-10.0,1,18.712551
-10.0,1,18.713576
-10.0,1,18.715658
-10.0,1,18.715658
-10.0,1,18.725827
-10.0,1,18.725827
-10.0,1,18.727832
-10.0,1,18.729836
-10.0,1,18.738022
-10.0,1,18.739051
10.0,1,18.739051
10.0,1,18.742558
-10.0,1,18.74837
-10.0,1,18.74837
-10.0,1,18.750375
-10.0,1,18.75238
-10.0,1,18.75861
10.0,1,18.760615
10.0,1,18.76162
-10.0,1,18.763625
10.0,1,18.771709
-10.0,1,18.772724
-10.0,1,18.772724
-10.0,1,18.772724
-10.0,1,18.781943
-10.0,1,18.781943
-10.0,1,18.783947
-10.0,1,18.785952
-10.0,1,18.79087
-10.0,1,18.793369
-10.0,1,18.794427
-10.0,1,18.794427
-10.0,1,18.801746
10.0,1,18.802774
-10.0,1,18.804779
-10.0,1,18.804779
-10.0,1,18.811149
-10.0,1,18.813154
10.0,1,18.813154
10.0,1,18.817164
-10.0,1,18.822827
-10.0,1,18.82427
-10.0,1,18.82427
-10.0,1,18.82427
-10.0,1,18.836709
-10.0,1,18.836709
-10.0,1,18.838715
-10.0,1,18.84022
10.0,1,18.84892
10.0,1,18.84892
10.0,1,18.850925
-10.0,1,18.852931
-10.0,1,18.855942
-10.0,1,18.861362
-10.0,1,18.861362
10.0,1,18.866042
-10.0,1,18.871901
-10.0,1,18.871901
-10.0,1,18.871901
-10.0,1,18.871901
10.0,1,18.88289
-10.0,1,18.884896
-10.0,1,18.884896
-10.0,1,18.8869
10.0,1,18.896009
-10.0,1,18.896009
-10.0,1,18.896009
10.0,1,18.898015
-10.0,1,18.904923
-10.0,1,18.906928
-10.0,1,18.906928
-10.0,1,18.908933
-10.0,1,18.915155
-10.0,1,18.915155
-10.0,1,18.917161
-10.0,1,18.921171
10.0,1,18.927377
-10.0,1,18.929382
3.0,1,18.929382
-10.0,1,18.931387
10.0,1,18.942563
-10.0,1,18.944567
-10.0,1,18.944567
10.0,1,18.946572
-10.0,1,18.952505
-10.0,1,18.95451
-10.0,1,18.95562
-10.0,1,18.95562
10.0,1,18.966847
10.0,1,18.966847
-10.0,1,18.968755
-10.0,1,18.968755
10.0,1,18.976956
-10.0,1,18.976956
-10.0,1,18.976956
-10.0,1,18.976956
-10.0,1,18.986619
-10.0,1,18.986619
-10.0,1,18.988624
10.0,1,18.990629
-10.0,1,18.998778
-10.0,1,18.999782
-10.0,1,18.999782
-10.0,1,18.999782
-10.0,1,19.009703
-10.0,1,19.009703
-10.0,1,19.011708
-10.0,1,19.013713
-10.0,1,19.020896
10.0,1,19.020896
-10.0,1,19.020896
-10.0,1,19.020896
-10.0,1,19.032315
-10.0,1,19.032315
-10.0,1,19.035302
-10.0,1,19.036758
-10.0,1,19.044668
-10.0,1,19.047989
-10.0,1,19.047989
-10.0,1,19.047989
10.0,1,19.058037
-10.0,1,19.059078
-10.0,1,19.059078
-10.0,1,19.062087
-10.0,1,19.067669
-10.0,1,19.06871
-10.0,1,19.06871
3.0,1,19.071611
10.0,1,19.079347
-10.0,1,19.079347
10.0,1,19.079347
-10.0,1,19.079347
-10.0,1,19.091368
-10.0,1,19.091368
-10.0,1,19.093374
-10.0,1,19.095378
-10.0,1,19.101438
-10.0,1,19.103443
-10.0,1,19.103443
-10.0,1,19.105448
-10.0,1,19.112839
-10.0,1,19.112839
-10.0,1,19.112839
-10.0,1,19.112839
-10.0,1,19.123398
-10.0,1,19.123398
-10.0,1,19.125144
-10.0,1,19.125144
-10.0,1,19.131512
-10.0,1,19.132537
-10.0,1,19.132537
10.0,1,19.132537
3.0,1,19.142852
-10.0,1,19.142852
-10.0,1,19.144856
10.0,1,19.14686
-10.0,1,19.154238
-10.0,1,19.15528
-10.0,1,19.15528
10.0,1,19.156785
-10.0,1,19.167646
-10.0,1,19.167646
-10.0,1,19.169651
10.0,1,19.171656
10.0,1,19.180165
-10.0,1,19.180165
10.0,1,19.18217
-10.0,1,19.18217
10.0,1,19.19068
10.0,1,19.192685
-10.0,1,19.192685
-10.0,1,19.19469
-10.0,1,19.201368
-10.0,1,19.201368
10.0,1,19.205378
-10.0,1,19.207384
-10.0,1,19.21365
10.0,1,19.217661
-10.0,1,19.217661
10.0,1,19.221413
-10.0,1,19.227826
-10.0,1,19.228986
-10.0,1,19.228986
-10.0,1,19.230992
10.0,1,19.237972
-10.0,1,19.239978
10.0,1,19.241983
10.0,1,19.242988
-10.0,1,19.250312
10.0,1,19.253322
-10.0,1,19.253322
-10.0,1,19.255327
-10.0,1,19.255327
-10.0,1,19.262679
-10.0,1,19.262679
-10.0,1,19.265417
-10.0,1,19.273897
-10.0,1,19.275902
-10.0,1,19.277907
-10.0,1,19.279912
-10.0,1,19.286577
-10.0,1,19.286577
-10.0,1,19.286577
-10.0,1,19.286577
-10.0,1,19.295161
-10.0,1,19.297166
-10.0,1,19.297166
-10.0,1,19.299171
3.0,1,19.307508
-10.0,1,19.307508
-10.0,1,19.309513
-10.0,1,19.309513
-10.0,1,19.315242
-10.0,1,19.315242
-10.0,1,19.315242
-10.0,1,19.315242
-10.0,1,19.329411
-10.0,1,19.329411
-10.0,1,19.33225
10.0,1,19.335026
-10.0,1,19.342243
-10.0,1,19.343249
-10.0,1,19.343249
-10.0,1,19.343249
-10.0,1,19.351471
-10.0,1,19.353182
-10.0,1,19.355186
-10.0,1,19.357191
10.0,1,19.363189
10.0,1,19.365193
-10.0,1,19.365193
-10.0,1,19.367199
10.0,1,19.374135
-10.0,1,19.37614
-10.0,1,19.378145
-10.0,1,19.37915
-10.0,1,19.390473
-10.0,1,19.390473
-10.0,1,19.390473
-10.0,1,19.392478
10.0,1,19.399459
-10.0,1,19.401464
10.0,1,19.403469
-10.0,1,19.405474
-10.0,1,19.413771
-10.0,1,19.413771
-10.0,1,19.413771
-10.0,1,19.415776
-10.0,1,19.420311
-10.0,1,19.424064
-10.0,1,19.426069
-10.0,1,19.426069
-10.0,1,19.434127
10.0,1,19.43529
3.0,1,19.43529
10.0,1,19.43529
-10.0,1,19.445096
-10.0,1,19.446111
-10.0,1,19.446111
-10.0,1,19.446111
-10.0,1,19.454132
10.0,1,19.456136
-10.0,1,19.457886
-10.0,1,19.457886
-10.0,1,19.467292
-10.0,1,19.467292
-10.0,1,19.467292
-10.0,1,19.467292
10.0,1,19.477467
-10.0,1,19.477467
-10.0,1,19.477467
-10.0,1,19.477467
-10.0,1,19.488493
-10.0,1,19.489497
3.0,1,19.489497
-10.0,1,19.489497
-10.0,1,19.501625
-10.0,1,19.50363
10.0,1,19.505376
-10.0,1,19.507381
-10.0,1,19.514591
-10.0,1,19.514591
-10.0,1,19.514591
10.0,1,19.514591
-10.0,1,19.525432
-10.0,1,19.525432
-10.0,1,19.52687
-10.0,1,19.52687
-10.0,1,19.535291
3.0,1,19.537037
-10.0,1,19.537037
-10.0,1,19.539042
-10.0,1,19.546914
-10.0,1,19.546914
-10.0,1,19.546914
-10.0,1,19.546914
-10.0,1,19.552921
-10.0,1,19.558624
-10.0,1,19.558624
-10.0,1,19.558624
-10.0,1,19.568938
-10.0,1,19.57035
10.0,1,19.573424
10.0,1,19.575865
-10.0,1,19.582345
10.0,1,19.58485
-10.0,1,19.58485
10.0,1,19.58485
-10.0,1,19.594575
-10.0,1,19.594575
-10.0,1,19.59658
-10.0,1,19.598585
-10.0,1,19.608308
-10.0,1,19.609854
-10.0,1,19.611859
10.0,1,19.611859
-10.0,1,19.62019
-10.0,1,19.62019
-10.0,1,19.62019
10.0,1,19.62019
-10.0,1,19.63246
-10.0,1,19.63246
-10.0,1,19.63246
10.0,1,19.63246
-10.0,1,19.644841
-10.0,1,19.644841
10.0,1,19.646846
-10.0,1,19.648351
-10.0,1,19.654971
-10.0,1,19.654971
-10.0,1,19.654971
-10.0,1,19.654971
-10.0,1,19.66404
10.0,1,19.666987
-10.0,1,19.668992
-10.0,1,19.668992
-10.0,1,19.678501
-10.0,1,19.680007
-10.0,1,19.680007
10.0,1,19.682013
10.0,1,19.689304
-10.0,1,19.69131
10.0,1,19.693315
10.0,1,19.695325
-10.0,1,19.701399
-10.0,1,19.701399
-10.0,1,19.703404
-10.0,1,19.703404
10.0,1,19.711857
-10.0,1,19.715407
-10.0,1,19.717412
-10.0,1,19.719417
10.0,1,19.726528
-10.0,1,19.727679
-10.0,1,19.727679
-10.0,1,19.727679
-10.0,1,19.738682
-10.0,1,19.738682
-10.0,1,19.740687
-10.0,1,19.742433
-10.0,1,19.749434
-10.0,1,19.749434
-10.0,1,19.749434
-10.0,1,19.749434
-10.0,1,19.758072
-10.0,1,19.758072
-10.0,1,19.760077
-10.0,1,19.760077
-10.0,1,19.767548
10.0,1,19.768624
10.0,1,19.768624
-10.0,1,19.768624
-10.0,1,19.778705
-10.0,1,19.779739
-10.0,1,19.779739
-10.0,1,19.779739
-10.0,1,19.788123
-10.0,1,19.789256
-10.0,1,19.789256
-10.0,1,19.789256
-10.0,1,19.798115
-10.0,1,19.799151
-10.0,1,19.799151
-10.0,1,19.801933
10.0,1,19.807974
-10.0,1,19.809979
-10.0,1,19.811984
10.0,1,19.813989
-10.0,1,19.821117
-10.0,1,19.822188
-10.0,1,19.822188
-10.0,1,19.822188
-10.0,1,19.834737
-10.0,1,19.834737
10.0,1,19.838252
-10.0,1,19.838252
-10.0,1,19.846129
-10.0,1,19.84715
-10.0,1,19.84715
-10.0,1,19.84715
-10.0,1,19.85557
-10.0,1,19.85672
-10.0,1,19.85672
-10.0,1,19.85672
10.0,1,19.867395
-10.0,1,19.869141
-10.0,1,19.869141
10.0,1,19.871146
-10.0,1,19.879614
-10.0,1,19.881619
10.0,1,19.883624
-10.0,1,19.885128
-10.0,1,19.890436
10.0,1,19.892442
-10.0,1,19.894447
-10.0,1,19.896452
-10.0,1,19.901167
-10.0,1,19.901167
-10.0,1,19.901167
10.0,1,19.901167
-10.0,1,19.913236
-10.0,1,19.913236
-10.0,1,19.915242
-10.0,1,19.916988
-10.0,1,19.924725
-10.0,1,19.925754
-10.0,1,19.926792
-10.0,1,19.928408
10.0,1,19.938492
-10.0,1,19.940405
-10.0,1,19.94241
-10.0,1,19.943414
-10.0,1,19.95061
-10.0,1,19.951972
10.0,1,19.951972
-10.0,1,19.955661
-10.0,1,19.962681
-10.0,1,19.963723
-10.0,1,19.964808
10.0,1,19.965987
10.0,1,19.971914
10.0,1,19.973466
-10.0,1,19.975494
-10.0,1,19.975494
10.0,1,19.986447
-10.0,1,19.986447
-10.0,1,19.988557
3.0,1,19.988557
-10.0,1,19.995316
-10.0,1,19.996323
10.0,1,19.998328
-10.0,1,20.000333
-10.0,1,20.006833
-10.0,1,20.006833
-10.0,1,20.008839
10.0,1,20.008839
-10.0,1,20.017093
-10.0,1,20.017093
-10.0,1,20.017093
-10.0,1,20.017093
-10.0,1,20.027588
10.0,1,20.027588
-10.0,1,20.027588
10.0,1,20.027588
-10.0,1,20.038825
-10.0,1,20.038825
10.0,1,20.04083
-10.0,1,20.043343
-10.0,1,20.05344
-10.0,1,20.05344
-10.0,1,20.05344
-10.0,1,20.056492
-10.0,1,20.062899
-10.0,1,20.063934
10.0,1,20.067018
3.0,1,20.067018
-10.0,1,20.074234
-10.0,1,20.075875
-10.0,1,20.07802
-10.0,1,20.07802
10.0,1,20.087319
10.0,1,20.090329
-10.0,1,20.092334
-10.0,1,20.092334
-10.0,1,20.099632
-10.0,1,20.099632
-10.0,1,20.101637
10.0,1,20.103642
10.0,1,20.110187
10.0,1,20.112192
-10.0,1,20.114197
-10.0,1,20.114197
10.0,1,20.122239
-10.0,1,20.124244
10.0,1,20.124244
-10.0,1,20.126249
-10.0,1,20.133513
-10.0,1,20.134548
-10.0,1,20.134548
-10.0,1,20.134548
-10.0,1,20.142045
-10.0,1,20.143549
10.0,1,20.143549
10.0,1,20.148087
-10.0,1,20.158028
10.0,1,20.158028
-10.0,1,20.160034
-10.0,1,20.162039
-10.0,1,20.168195
-10.0,1,20.169941
-10.0,1,20.169941
10.0,1,20.171947
-10.0,1,20.17629
10.0,1,20.17629
10.0,1,20.17629
-10.0,1,20.17629
-10.0,1,20.19075
10.0,1,20.191786
10.0,1,20.195401
10.0,1,20.197909
-10.0,1,20.201811
10.0,1,20.204598
-10.0,1,20.20656
10.0,1,20.209864
-10.0,1,20.216075
10.0,1,20.217141
-10.0,1,20.217141
10.0,1,20.222455
-10.0,1,20.229542
-10.0,1,20.229542
-10.0,1,20.233558
-10.0,1,20.233558
-10.0,1,20.242431
-10.0,1,20.243436
10.0,1,20.246518
-10.0,1,20.246518
-10.0,1,20.255375
-10.0,1,20.255375
-10.0,1,20.255375
-10.0,1,20.255375
-10.0,1,20.269125
-10.0,1,20.269125
10.0,1,20.27113
-10.0,1,20.273135
-10.0,1,20.27898
-10.0,1,20.280985
10.0,1,20.283691
-10.0,1,20.283691
-10.0,1,20.289968
-10.0,1,20.291208
-10.0,1,20.291208
-10.0,1,20.291208
-10.0,1,20.300539
10.0,1,20.303127
-10.0,1,20.303127
-10.0,1,20.303127
-10.0,1,20.313198
-10.0,1,20.313198
-10.0,1,20.313198
-10.0,1,20.313198
-10.0,1,20.321984
10.0,1,20.325683
-10.0,1,20.325683
10.0,1,20.328388
-10.0,1,20.334724
-10.0,1,20.335764
10.0,1,20.339209
-10.0,1,20.339209
-10.0,1,20.346615
10.0,1,20.348621
-10.0,1,20.350626
-10.0,1,20.350626
10.0,1,20.359763
-10.0,1,20.361768
-10.0,1,20.361768
10.0,1,20.363773
-10.0,1,20.370851
-10.0,1,20.372857
-10.0,1,20.374861
-10.0,1,20.375866
-10.0,1,20.384417
-10.0,1,20.385636
-10.0,1,20.385636
-10.0,1,20.385636
-10.0,1,20.394044
-10.0,1,20.395526
10.0,1,20.395526
-10.0,1,20.395526
-10.0,1,20.404708
10.0,1,20.407718
10.0,1,20.409724
-10.0,1,20.409724
10.0,1,20.417255
10.0,1,20.419261
-10.0,1,20.419261
-10.0,1,20.421265
10.0,1,20.4273
-10.0,1,20.429306
-10.0,1,20.429306
10.0,1,20.433315
10.0,1,20.439474
-10.0,1,20.439474
10.0,1,20.439474
-10.0,1,20.444058
-10.0,1,20.449949
-10.0,1,20.451955
-10.0,1,20.451955
-10.0,1,20.453959
-10.0,1,20.462519
-10.0,1,20.462519
10.0,1,20.462519
10.0,1,20.46818
-10.0,1,20.474372
-10.0,1,20.474372
10.0,1,20.478381
-10.0,1,20.478381
-10.0,1,20.486478
-10.0,1,20.491472
10.0,1,20.491472
-10.0,1,20.49357
-10.0,1,20.501424
-10.0,1,20.50243
-10.0,1,20.504436
10.0,1,20.504436
-10.0,1,20.512262
10.0,1,20.514267
-10.0,1,20.516271
-10.0,1,20.518276
-10.0,1,20.524963
3.0,1,20.524963
10.0,1,20.526968
10.0,1,20.528972
-10.0,1,20.537462
-10.0,1,20.539467
-10.0,1,20.539467
10.0,1,20.541471
-10.0,1,20.547923
-10.0,1,20.54898
-10.0,1,20.551033
-10.0,1,20.551033
-10.0,1,20.558068
-10.0,1,20.558068
-10.0,1,20.560072
-10.0,1,20.562077
10.0,1,20.569341
10.0,1,20.571346
10.0,1,20.571346
10.0,1,20.573351
-10.0,1,20.579837
-10.0,1,20.581902
-10.0,1,20.582908
-10.0,1,20.582908
-10.0,1,20.590792
-10.0,1,20.590792
10.0,1,20.590792
-10.0,1,20.590792
-10.0,1,20.606003
-10.0,1,20.606003
-10.0,1,20.606003
10.0,1,20.606003
-10.0,1,20.6185
-10.0,1,20.6185
-10.0,1,20.620788
-10.0,1,20.620788
-10.0,1,20.627908
-10.0,1,20.629654
-10.0,1,20.631659
-10.0,1,20.631659
-10.0,1,20.638793
10.0,1,20.641992
-10.0,1,20.641992
10.0,1,20.643998
-10.0,1,20.651109
-10.0,1,20.652162
-10.0,1,20.65384
-10.0,1,20.65384
-10.0,1,20.660979
-10.0,1,20.660979
-10.0,1,20.662984
-10.0,1,20.662984
-10.0,1,20.668234
-10.0,1,20.671272
10.0,1,20.671272
10.0,1,20.676966
-10.0,1,20.68365
-10.0,1,20.68365
-10.0,1,20.686111
-10.0,1,20.686111
10.0,1,20.694293
-10.0,1,20.694293
-10.0,1,20.694293
-10.0,1,20.698548
-10.0,1,20.705824
-10.0,1,20.705824
-10.0,1,20.705824
10.0,1,20.70883
-10.0,1,20.719539
-10.0,1,20.720563
-10.0,1,20.722568
-10.0,1,20.722568
-10.0,1,20.729969
-10.0,1,20.73108
10.0,1,20.73108
-10.0,1,20.73108
-10.0,1,20.738679
-10.0,1,20.739736
10.0,1,20.742277
10.0,1,20.744281
10.0,1,20.750641
3.0,1,20.752646
-10.0,1,20.754651
3.0,1,20.757099
-10.0,1,20.762939
-10.0,1,20.764944
-10.0,1,20.764944
-10.0,1,20.766949
-10.0,1,20.77291
10.0,1,20.774915
-10.0,1,20.774915
-10.0,1,20.77692
-10.0,1,20.782773
10.0,1,20.784777
-10.0,1,20.786783
-10.0,1,20.786783
-10.0,1,20.793413
10.0,1,20.795417
-10.0,1,20.795417
-10.0,1,20.797422
-10.0,1,20.804925
10.0,1,20.806931
-10.0,1,20.806931
-10.0,1,20.808935
-10.0,1,20.81505
-10.0,1,20.816065
-10.0,1,20.817767
-10.0,1,20.818774
-10.0,1,20.829942
10.0,1,20.831829
10.0,1,20.833835
-10.0,1,20.834839
-10.0,1,20.84127
-10.0,1,20.84127
-10.0,1,20.843276
3.0,1,20.844281
-10.0,1,20.852249
-10.0,1,20.854254
-10.0,1,20.854254
-10.0,1,20.856259
-10.0,1,20.863312
-10.0,1,20.864378
-10.0,1,20.864378
-10.0,1,20.866385
-10.0,1,20.873426
10.0,1,20.873426
10.0,1,20.875432
10.0,1,20.877436
-10.0,1,20.884752
-10.0,1,20.885788
-10.0,1,20.885788
-10.0,1,20.885788
-10.0,1,20.896309
-10.0,1,20.896309
-10.0,1,20.898317
10.0,1,20.898317
-10.0,1,20.907161
-10.0,1,20.90836
-10.0,1,20.909769
-10.0,1,20.909769
-10.0,1,20.918249
-10.0,1,20.920254
10.0,1,20.922259
-10.0,1,20.922259
-10.0,1,20.929317
-10.0,1,20.930322
10.0,1,20.930829
-10.0,1,20.936091
-10.0,1,20.942369
-10.0,1,20.944551
-10.0,1,20.944551
-10.0,1,20.946296
10.0,1,20.952797
-10.0,1,20.954802
-10.0,1,20.954802
-10.0,1,20.956807
10.0,1,20.962151
-10.0,1,20.962151
-10.0,1,20.962151
-10.0,1,20.962151
10.0,1,20.974694
-10.0,1,20.974694
-10.0,1,20.974694
-10.0,1,20.978201
-10.0,1,20.980876
-10.0,1,20.980876
-10.0,1,20.980876
10.0,1,20.980876
-10.0,1,20.99575
-10.0,1,20.997755
3.0,1,20.997755
-10.0,1,20.99976
-10.0,1,21.007425
10.0,1,21.008543
-10.0,1,21.010797
-10.0,1,21.010797
-10.0,1,21.020409
-10.0,1,21.020409
10.0,1,21.020409
-10.0,1,21.020409
-10.0,1,21.032182
-10.0,1,21.032182
10.0,1,21.035914
10.0,1,21.035914
-10.0,1,21.044644
-10.0,1,21.046649
-10.0,1,21.046649
-10.0,1,21.048653
-10.0,1,21.054658
10.0,1,21.059546
-10.0,1,21.059546
-10.0,1,21.061552
10.0,1,21.073542
-10.0,1,21.073542
-10.0,1,21.073542
10.0,1,21.073542
-10.0,1,21.084606
-10.0,1,21.084606
-10.0,1,21.086611
-10.0,1,21.088616
-10.0,1,21.094771
-10.0,1,21.096022
-10.0,1,21.098027
10.0,1,21.100032
-10.0,1,21.106222
-10.0,1,21.108227
-10.0,1,21.108227
-10.0,1,21.110232
-10.0,1,21.117582
-10.0,1,21.118615
-10.0,1,21.120021
-10.0,1,21.121027
-10.0,1,21.128261
-10.0,1,21.128261
-10.0,1,21.130266
-10.0,1,21.130266
-10.0,1,21.13704
-10.0,1,21.13704
-10.0,1,21.13704
10.0,1,21.13704
-10.0,1,21.150706
-10.0,1,21.150706
10.0,1,21.152713
-10.0,1,21.152713
-10.0,1,21.163508
10.0,1,21.163508
-10.0,1,21.163508
-10.0,1,21.168516
-10.0,1,21.175313
-10.0,1,21.176332
-10.0,1,21.178338
-10.0,1,21.178338
-10.0,1,21.18645
-10.0,1,21.187994
-10.0,1,21.189999
-10.0,1,21.189999
-10.0,1,21.197877
-10.0,1,21.198897
-10.0,1,21.198897
-10.0,1,21.201498
-10.0,1,21.208507
-10.0,1,21.209712
-10.0,1,21.209712
-10.0,1,21.213271
10.0,1,21.219763
10.0,1,21.221767
-10.0,1,21.223773
10.0,1,21.223773
-10.0,1,21.231398
-10.0,1,21.232991
10.0,1,21.235794
-10.0,1,21.235794
10.0,1,21.244678
-10.0,1,21.244678
-10.0,1,21.246683
-10.0,1,21.246683
-10.0,1,21.255644
-10.0,1,21.257649
-10.0,1,21.257649
10.0,1,21.259654
-10.0,1,21.26982
-10.0,1,21.26982
-10.0,1,21.273829
-10.0,1,21.273829
-10.0,1,21.281459
10.0,1,21.283465
3.0,1,21.283465
-10.0,1,21.28547
-10.0,1,21.291644
-10.0,1,21.293649
-10.0,1,21.293649
-10.0,1,21.293649
-10.0,1,21.303164
10.0,1,21.304204
-10.0,1,21.304204
-10.0,1,21.304204
-10.0,1,21.313347
-10.0,1,21.315353
-10.0,1,21.317358
-10.0,1,21.317358
10.0,1,21.325429
10.0,1,21.325429
-10.0,1,21.325429
-10.0,1,21.330028
-10.0,1,21.337335
-10.0,1,21.337335
-10.0,1,21.337335
-10.0,1,21.340843
-10.0,1,21.347141
-10.0,1,21.349146
10.0,1,21.35115
-10.0,1,21.353155
-10.0,1,21.359504
-10.0,1,21.362044
-10.0,1,21.363396
10.0,1,21.363396
-10.0,1,21.3713
10.0,1,21.372806
-10.0,1,21.377507
-10.0,1,21.377507
10.0,1,21.385463
-10.0,1,21.385463
-10.0,1,21.385463
-10.0,1,21.38847
-10.0,1,21.38847
-10.0,1,21.397074
-10.0,1,21.397074
10.0,1,21.401036
-10.0,1,21.407341
-10.0,1,21.409345
-10.0,1,21.409345
-10.0,1,21.41135
10.0,1,21.416768
-10.0,1,21.418773
10.0,1,21.422283
-10.0,1,21.422283
-10.0,1,21.431095
-10.0,1,21.431095
-10.0,1,21.431095
-10.0,1,21.431095
10.0,1,21.441494
-10.0,1,21.442622
-10.0,1,21.445128
-10.0,1,21.445128
-10.0,1,21.452254
-10.0,1,21.452254
-10.0,1,21.452254
-10.0,1,21.452254
-10.0,1,21.462722
-10.0,1,21.464727
-10.0,1,21.464727
-10.0,1,21.466732
-10.0,1,21.474537
-10.0,1,21.475569
-10.0,1,21.477574
-10.0,1,21.477574
-10.0,1,21.484166
10.0,1,21.488074
-10.0,1,21.490078
-10.0,1,21.490078
10.0,1,21.497744
-10.0,1,21.499749
-10.0,1,21.501755
-10.0,1,21.501755
-10.0,1,21.51048
-10.0,1,21.51048
-10.0,1,21.51048
10.0,1,21.514919
10.0,1,21.521376
-10.0,1,21.523381
-10.0,1,21.525386
-10.0,1,21.525386
-10.0,1,21.532766
10.0,1,21.536776
-10.0,1,21.536776
3.0,1,21.538782
-10.0,1,21.544997
-10.0,1,21.546868
-10.0,1,21.546868
-10.0,1,21.549433
10.0,1,21.555734
-10.0,1,21.557739
-10.0,1,21.559743
-10.0,1,21.559743
-10.0,1,21.563763
10.0,1,21.563763
-10.0,1,21.563763
10.0,1,21.563763
-10.0,1,21.578748
3.0,1,21.579753
-10.0,1,21.579753
-10.0,1,21.579753
-10.0,1,21.589996
-10.0,1,21.591097
-10.0,1,21.593102
-10.0,1,21.594849
-10.0,1,21.605929
-10.0,1,21.605929
-10.0,1,21.607934
-10.0,1,21.60994
-10.0,1,21.617473
10.0,1,21.617473
-10.0,1,21.617473
-10.0,1,21.621906
10.0,1,21.62932
-10.0,1,21.63037
10.0,1,21.63037
-10.0,1,21.63037
10.0,1,21.642481
-10.0,1,21.642481
10.0,1,21.645065
10.0,1,21.645065
-10.0,1,21.653307
-10.0,1,21.655312
-10.0,1,21.655312
-10.0,1,21.658321
10.0,1,21.664653
-10.0,1,21.666657
-10.0,1,21.666657
-10.0,1,21.668663
3.0,1,21.675783
-10.0,1,21.675783
-10.0,1,21.675783
-10.0,1,21.675783
10.0,1,21.687387
-10.0,1,21.687387
-10.0,1,21.687387
10.0,1,21.690393
-10.0,1,21.697776
-10.0,1,21.697776
-10.0,1,21.699781
-10.0,1,21.699781
-10.0,1,21.706239
-10.0,1,21.710367
-10.0,1,21.710367
-10.0,1,21.710367
10.0,1,21.721233
-10.0,1,21.722239
-10.0,1,21.723246
10.0,1,21.723246
10.0,1,21.731764
-10.0,1,21.733769
-10.0,1,21.733769
-10.0,1,21.735774
10.0,1,21.742721
-10.0,1,21.742721
-10.0,1,21.745226
-10.0,1,21.745226
10.0,1,21.754131
-10.0,1,21.754131
-10.0,1,21.756137
-10.0,1,21.756137
-10.0,1,21.765262
-10.0,1,21.765262
-10.0,1,21.765262
-10.0,1,21.765262
-10.0,1,21.775593
10.0,1,21.775593
-10.0,1,21.775593
10.0,1,21.775593
-10.0,1,21.788077
-10.0,1,21.788077
10.0,1,21.788077
-10.0,1,21.788077
10.0,1,21.7996
10.0,1,21.801679
10.0,1,21.804488
-10.0,1,21.804488
-10.0,1,21.812419
-10.0,1,21.812419
3.0,1,21.812419
-10.0,1,21.812419
10.0,1,21.825796
-10.0,1,21.825796
10.0,1,21.825796
-10.0,1,21.825796
-10.0,1,21.836304
-10.0,1,21.836304
10.0,1,21.838311
-10.0,1,21.840315
-10.0,1,21.847777
-10.0,1,21.849282
10.0,1,21.851287
-10.0,1,21.851287
-10.0,1,21.858731
-10.0,1,21.860735
-10.0,1,21.862741
-10.0,1,21.862741
-10.0,1,21.869987
10.0,1,21.871992
-10.0,1,21.871992
10.0,1,21.873997
-10.0,1,21.881542
-10.0,1,21.881542
-10.0,1,21.883547
10.0,1,21.885552
10.0,1,21.889615
-10.0,1,21.894771
-10.0,1,21.896519
-10.0,1,21.896519
10.0,1,21.905832
-10.0,1,21.907837
-10.0,1,21.909842
10.0,1,21.909842
-10.0,1,21.916804
-10.0,1,21.917819
-10.0,1,21.917819
-10.0,1,21.920752
-10.0,1,21.927054
-10.0,1,21.931073
-10.0,1,21.933078
-10.0,1,21.933078
-10.0,1,21.94016
10.0,1,21.942165
-10.0,1,21.943171
-10.0,1,21.943171
-10.0,1,21.951487
-10.0,1,21.951487
-10.0,1,21.953492
-10.0,1,21.955497
-10.0,1,21.960635
-10.0,1,21.961863
10.0,1,21.961863
10.0,1,21.967155
-10.0,1,21.972522
-10.0,1,21.97356
-10.0,1,21.975306
-10.0,1,21.976772
-10.0,1,21.983943
10.0,1,21.985948
-10.0,1,21.987953
-10.0,1,21.987953
10.0,1,21.996156
-10.0,1,21.996156
-10.0,1,21.996156
10.0,1,21.996156
3.0,1,22.006114
-10.0,1,22.00718
10.0,1,22.010059
-10.0,1,22.010059
-10.0,1,22.018091
-10.0,1,22.020097
-10.0,1,22.020097
10.0,1,22.021843
3.0,1,22.02998
-10.0,1,22.031985
10.0,1,22.031985
-10.0,1,22.033991
-10.0,1,22.042489
-10.0,1,22.043694
-10.0,1,22.0452
3.0,1,22.0452
-10.0,1,22.053684
10.0,1,22.054687
-10.0,1,22.05666
-10.0,1,22.05666
-10.0,1,22.065015
-10.0,1,22.065015
-10.0,1,22.065015
-10.0,1,22.065015
10.0,1,22.074503
-10.0,1,22.074503
-10.0,1,22.074503
10.0,1,22.074503
-10.0,1,22.085618
10.0,1,22.089278
-10.0,1,22.089278
-10.0,1,22.091534
-10.0,1,22.098883
3.0,1,22.099936
10.0,1,22.102688
-10.0,1,22.102688
-10.0,1,22.111289
-10.0,1,22.111289
-10.0,1,22.111289
-10.0,1,22.111289
-10.0,1,22.121451
10.0,1,22.121451
-10.0,1,22.123457
-10.0,1,22.123457
-10.0,1,22.130569
3.0,1,22.131962
-10.0,1,22.133709
3.0,1,22.134794
-10.0,1,22.138998
-10.0,1,22.142565
-10.0,1,22.142565
-10.0,1,22.145576
-10.0,1,22.154852
-10.0,1,22.156857
-10.0,1,22.156857
10.0,1,22.158862
-10.0,1,22.165693
10.0,1,22.167698
-10.0,1,22.169704
-10.0,1,22.169704
-10.0,1,22.178307
-10.0,1,22.179368
10.0,1,22.181745
-10.0,1,22.181745
10.0,1,22.190768
-10.0,1,22.190768
10.0,1,22.190768
-10.0,1,22.190768
-10.0,1,22.201471
10.0,1,22.203811
-10.0,1,22.203811
10.0,1,22.203811
10.0,1,22.215536
-10.0,1,22.215536
10.0,1,22.215536
-10.0,1,22.215536
-10.0,1,22.225354
-10.0,1,22.225354
-10.0,1,22.227465
10.0,1,22.230236
-10.0,1,22.236688
-10.0,1,22.236688
-10.0,1,22.238693
-10.0,1,22.238693
-10.0,1,22.24534
10.0,1,22.247345
-10.0,1,22.24935
10.0,1,22.251355
-10.0,1,22.256506
-10.0,1,22.257591
-10.0,1,22.257591
-10.0,1,22.260539
-10.0,1,22.269304
10.0,1,22.271309
-10.0,1,22.273314
-10.0,1,22.275318
-10.0,1,22.281555
-10.0,1,22.281555
10.0,1,22.28356
10.0,1,22.285564
10.0,1,22.292395
-10.0,1,22.2944
-10.0,1,22.2944
10.0,1,22.296405
-10.0,1,22.303055
-10.0,1,22.304097
-10.0,1,22.304097
-10.0,1,22.304097
10.0,1,22.312656
-10.0,1,22.315136
10.0,1,22.317201
-10.0,1,22.317201
-10.0,1,22.325111
10.0,1,22.327117
-10.0,1,22.329122
-10.0,1,22.331126
10.0,1,22.337047
-10.0,1,22.339052
-10.0,1,22.340057
-10.0,1,22.342063
10.0,1,22.349982
-10.0,1,22.349982
-10.0,1,22.351986
-10.0,1,22.351986
-10.0,1,22.361196
-10.0,1,22.361196
-10.0,1,22.361196
-10.0,1,22.361196
-10.0,1,22.369765
-10.0,1,22.371813
-10.0,1,22.371813
-10.0,1,22.371813
-10.0,1,22.383014
-10.0,1,22.385216
10.0,1,22.385216
-10.0,1,22.387722
10.0,1,22.3945
-10.0,1,22.396505
10.0,1,22.39851
-10.0,1,22.39851
-10.0,1,22.407652
-10.0,1,22.407652
-10.0,1,22.409657
-10.0,1,22.411662
-10.0,1,22.418056
10.0,1,22.419561
-10.0,1,22.421566
-10.0,1,22.423572
10.0,1,22.431102
-10.0,1,22.431102
10.0,1,22.431102
10.0,1,22.438116
-10.0,1,22.443452
-10.0,1,22.444503
3.0,1,22.445508
10.0,1,22.44945
10.0,1,22.456136
-10.0,1,22.457165
-10.0,1,22.457165
-10.0,1,22.460419
-10.0,1,22.467376
-10.0,1,22.469255
-10.0,1,22.469255
-10.0,1,22.471784
-10.0,1,22.477661
-10.0,1,22.478823
10.0,1,22.480772
-10.0,1,22.480772
-10.0,1,22.490335
10.0,1,22.49234
-10.0,1,22.494345
-10.0,1,22.494345
-10.0,1,22.502077
10.0,1,22.504082
-10.0,1,22.504082
-10.0,1,22.506087
-10.0,1,22.514127
10.0,1,22.516198
10.0,1,22.516198
-10.0,1,22.516198
-10.0,1,22.525851
-10.0,1,22.527374
-10.0,1,22.527374
-10.0,1,22.529904
-10.0,1,22.535554
-10.0,1,22.535554
-10.0,1,22.535554
-10.0,1,22.535554
-10.0,1,22.548179
-10.0,1,22.548179
-10.0,1,22.548179
-10.0,1,22.548179
-10.0,1,22.558803
-10.0,1,22.560385
-10.0,1,22.561417
-10.0,1,22.561417
-10.0,1,22.571001
-10.0,1,22.571001
-10.0,1,22.573007
-10.0,1,22.575011
3.0,1,22.58112
-10.0,1,22.583126
10.0,1,22.583126
10.0,1,22.58513
-10.0,1,22.591636
-10.0,1,22.593383
-10.0,1,22.593383
-10.0,1,22.593383
10.0,1,22.606194
-10.0,1,22.606194
-10.0,1,22.609201
10.0,1,22.612017
-10.0,1,22.619059
-10.0,1,22.620508
-10.0,1,22.620508
-10.0,1,22.620508
-10.0,1,22.631087
-10.0,1,22.633092
10.0,1,22.635097
-10.0,1,22.635097
10.0,1,22.641048
-10.0,1,22.645708
-10.0,1,22.645708
-10.0,1,22.647713
-10.0,1,22.654294
-10.0,1,22.654294
-10.0,1,22.6563
10.0,1,22.658304
10.0,1,22.664295
-10.0,1,22.6663
-10.0,1,22.6663
-10.0,1,22.668305
-10.0,1,22.675427
-10.0,1,22.675427
-10.0,1,22.677432
-10.0,1,22.679437
-10.0,1,22.685381
-10.0,1,22.685381
-10.0,1,22.687387
-10.0,1,22.689392
-10.0,1,22.695828
10.0,1,22.696856
10.0,1,22.698861
-10.0,1,22.700866
10.0,1,22.711467
10.0,1,22.71507
-10.0,1,22.716168
-10.0,1,22.716168
-10.0,1,22.723648
-10.0,1,22.725652
-10.0,1,22.725652
10.0,1,22.727658
10.0,1,22.736012
-10.0,1,22.738018
-10.0,1,22.738018
-10.0,1,22.740022
-10.0,1,22.747064
3.0,1,22.747064
10.0,1,22.751868
-10.0,1,22.751868
-10.0,1,22.759247
-10.0,1,22.761253
-10.0,1,22.761253
10.0,1,22.763257
-10.0,1,22.770267
-10.0,1,22.770267
-10.0,1,22.770267
-10.0,1,22.770267
-10.0,1,22.779804
-10.0,1,22.78131
10.0,1,22.782563
-10.0,1,22.782563
-10.0,1,22.791507
-10.0,1,22.792535
10.0,1,22.792535
10.0,1,22.798025
-10.0,1,22.805274
-10.0,1,22.807278
10.0,1,22.809282
-10.0,1,22.811287
-10.0,1,22.822862
10.0,1,22.822862
-10.0,1,22.824867
-10.0,1,22.824867
10.0,1,22.834334
-10.0,1,22.834334
10.0,1,22.834334
-10.0,1,22.837579
-10.0,1,22.844037
-10.0,1,22.845884
-10.0,1,22.847888
-10.0,1,22.849893
-10.0,1,22.856627
10.0,1,22.856627
-10.0,1,22.856627
-10.0,1,22.860152
10.0,1,22.863214
10.0,1,22.863214
10.0,1,22.870382
-10.0,1,22.870382
-10.0,1,22.878775
-10.0,1,22.879793
10.0,1,22.879793
-10.0,1,22.882277
-10.0,1,22.888161
10.0,1,22.889319
-10.0,1,22.891826
10.0,1,22.891826
-10.0,1,22.899943
-10.0,1,22.900969
10.0,1,22.900969
-10.0,1,22.900969
-10.0,1,22.91193
-10.0,1,22.91193
-10.0,1,22.913935
-10.0,1,22.913935
10.0,1,22.921403
-10.0,1,22.923149
-10.0,1,22.927852
-10.0,1,22.927852
-10.0,1,22.934735
-10.0,1,22.934735
-10.0,1,22.936741
-10.0,1,22.936741
-10.0,1,22.94308
-10.0,1,22.944263
-10.0,1,22.945768
-10.0,1,22.945768
-10.0,1,22.954575
-10.0,1,22.954575
-10.0,1,22.957069
-10.0,1,22.957069
-10.0,1,22.965126
-10.0,1,22.965126
10.0,1,22.965126
-10.0,1,22.965126
10.0,1,22.976445
-10.0,1,22.977926
-10.0,1,22.977926
-10.0,1,22.977926
10.0,1,22.98872
10.0,1,22.990725
10.0,1,22.99273
-10.0,1,22.994735
-10.0,1,23.000793
-10.0,1,23.001826
-10.0,1,23.001826
-10.0,1,23.001826
-10.0,1,23.010645
10.0,1,23.014657
-10.0,1,23.014657
-10.0,1,23.014657
-10.0,1,23.023532
-10.0,1,23.02458
10.0,1,23.02458
-10.0,1,23.02458
-10.0,1,23.037591
10.0,1,23.037591
10.0,1,23.041602
10.0,1,23.043607
10.0,1,23.051645
10.0,1,23.05365
-10.0,1,23.05365
10.0,1,23.055655
10.0,1,23.062562
-10.0,1,23.065572
-10.0,1,23.065572
-10.0,1,23.067577
-10.0,1,23.073022
-10.0,1,23.076001
-10.0,1,23.076001
-10.0,1,23.076001
-10.0,1,23.086208
10.0,1,23.088212
-10.0,1,23.088212
10.0,1,23.090217
10.0,1,23.099111
-10.0,1,23.101116
10.0,1,23.103121
-10.0,1,23.103121
-10.0,1,23.110683
-10.0,1,23.110683
10.0,1,23.11319
-10.0,1,23.11319
-10.0,1,23.122044
-10.0,1,23.122044
-10.0,1,23.12405
10.0,1,23.126054
-10.0,1,23.131254
-10.0,1,23.132823
-10.0,1,23.135178
10.0,1,23.137191
10.0,1,23.144077
-10.0,1,23.145588
-10.0,1,23.146593
-10.0,1,23.146593
10.0,1,23.157827
-10.0,1,23.157827
-10.0,1,23.160835
10.0,1,23.160835
10.0,1,23.169234
-10.0,1,23.171239
-10.0,1,23.171239
-10.0,1,23.173245
-10.0,1,23.180226
-10.0,1,23.180226
-10.0,1,23.182231
-10.0,1,23.182231
10.0,1,23.190162
-10.0,1,23.192168
-10.0,1,23.192168
-10.0,1,23.194172
-10.0,1,23.200109
10.0,1,23.201139
-10.0,1,23.201139
-10.0,1,23.201139
10.0,1,23.212735
-10.0,1,23.21474
10.0,1,23.216745
-10.0,1,23.21875
-10.0,1,23.224047
10.0,1,23.228398
-10.0,1,23.230403
-10.0,1,23.230403
-10.0,1,23.237791
-10.0,1,23.237791
3.0,1,23.239796
-10.0,1,23.241802
10.0,1,23.247889
-10.0,1,23.248913
3.0,1,23.248913
-10.0,1,23.251806
-10.0,1,23.260094
-10.0,1,23.261558
-10.0,1,23.263808
-10.0,1,23.263808
-10.0,1,23.271495
-10.0,1,23.273501
10.0,1,23.275506
-10.0,1,23.27751
-10.0,1,23.283114
-10.0,1,23.283114
10.0,1,23.28512
-10.0,1,23.287124
-10.0,1,23.296512
-10.0,1,23.298517
-10.0,1,23.298517
10.0,1,23.300521
-10.0,1,23.306994
-10.0,1,23.309
-10.0,1,23.311004
10.0,1,23.313009
10.0,1,23.319587
-10.0,1,23.321593
10.0,1,23.323598
10.0,1,23.325603
-10.0,1,23.331945
10.0,1,23.33395
-10.0,1,23.33395
-10.0,1,23.335955
-10.0,1,23.342346
-10.0,1,23.344352
-10.0,1,23.345356
-10.0,1,23.345356
10.0,1,23.353002
-10.0,1,23.355006
-10.0,1,23.355006
-10.0,1,23.357011
10.0,1,23.363626
-10.0,1,23.365632
-10.0,1,23.365632
-10.0,1,23.365632
10.0,1,23.379629
-10.0,1,23.381376
-10.0,1,23.383381
-10.0,1,23.385386
-10.0,1,23.390601
-10.0,1,23.391994
-10.0,1,23.391994
-10.0,1,23.391994
-10.0,1,23.402374
-10.0,1,23.40365
-10.0,1,23.405655
-10.0,1,23.405655
-10.0,1,23.41284
-10.0,1,23.41284
-10.0,1,23.41284
-10.0,1,23.416862
-10.0,1,23.424304
-10.0,1,23.424304
-10.0,1,23.424304
-10.0,1,23.424304
-10.0,1,23.433941
10.0,1,23.434959
-10.0,1,23.4371
-10.0,1,23.4371
-10.0,1,23.443978
-10.0,1,23.445564
-10.0,1,23.445564
-10.0,1,23.445564
-10.0,1,23.453732
10.0,1,23.456768
10.0,1,23.456768
-10.0,1,23.459798
-10.0,1,23.466486
-10.0,1,23.467523
10.0,1,23.471039
-10.0,1,23.471039
10.0,1,23.481568
10.0,1,23.483573
10.0,1,23.487583
-10.0,1,23.487583
10.0,1,23.494514
-10.0,1,23.496519
-10.0,1,23.496519
-10.0,1,23.498524
10.0,1,23.504906
10.0,1,23.506911
10.0,1,23.508915
3.0,1,23.51092
-10.0,1,23.517278
-10.0,1,23.517278
-10.0,1,23.519282
-10.0,1,23.521287
-10.0,1,23.527289
-10.0,1,23.528482
-10.0,1,23.528482
10.0,1,23.528482
10.0,1,23.539779
-10.0,1,23.5408
-10.0,1,23.5408
-10.0,1,23.5408
-10.0,1,23.550289
-10.0,1,23.550289
10.0,1,23.554041
-10.0,1,23.554041
-10.0,1,23.561433
-10.0,1,23.563439
10.0,1,23.565443
10.0,1,23.567448
10.0,1,23.572167
10.0,1,23.572167
-10.0,1,23.572167
-10.0,1,23.572167
10.0,1,23.585721
-10.0,1,23.585721
-10.0,1,23.585721
3.0,1,23.585721
-10.0,1,23.600369
-10.0,1,23.601375
-10.0,1,23.60338
10.0,1,23.605385
-10.0,1,23.611878
10.0,1,23.613883
-10.0,1,23.613883
10.0,1,23.615888
10.0,1,23.624652
-10.0,1,23.624652
-10.0,1,23.624652
-10.0,1,23.624652
-10.0,1,23.6358
-10.0,1,23.636837
-10.0,1,23.638659
-10.0,1,23.640095
-10.0,1,23.647465
10.0,1,23.648595
10.0,1,23.648595
-10.0,1,23.648595
-10.0,1,23.659877
10.0,1,23.661881
-10.0,1,23.663886
10.0,1,23.665891
-10.0,1,23.672726
-10.0,1,23.67378
-10.0,1,23.67378
-10.0,1,23.677965
-10.0,1,23.683392
-10.0,1,23.684445
-10.0,1,23.684445
-10.0,1,23.684445
-10.0,1,23.693615
-10.0,1,23.695364
-10.0,1,23.695364
-10.0,1,23.700901
-10.0,1,23.706686
-10.0,1,23.708693
-10.0,1,23.711201
10.0,1,23.712209
-10.0,1,23.719501
-10.0,1,23.719501
-10.0,1,23.722009
-10.0,1,23.722009
-10.0,1,23.728685
-10.0,1,23.73069
-10.0,1,23.73069
-10.0,1,23.732695
-10.0,1,23.73927
-10.0,1,23.741275
10.0,1,23.743021
-10.0,1,23.745027
-10.0,1,23.751279
10.0,1,23.753284
10.0,1,23.755289
10.0,1,23.757293
-10.0,1,23.763682
-10.0,1,23.765687
-10.0,1,23.765687
-10.0,1,23.765687
-10.0,1,23.774188
-10.0,1,23.776198
-10.0,1,23.778202
10.0,1,23.782211
-10.0,1,23.790149
-10.0,1,23.790149
-10.0,1,23.790149
10.0,1,23.790149
10.0,1,23.790149
-10.0,1,23.790149
-10.0,1,23.805896
-10.0,1,23.805896
-10.0,1,23.805896
10.0,1,23.805896
-10.0,1,23.805896
-10.0,1,23.821817
-10.0,1,23.828047
-10.0,1,23.829373
10.0,1,23.829373
-10.0,1,23.829373
-10.0,1,23.838815
-10.0,1,23.839926
-10.0,1,23.839926
-10.0,1,23.839926
10.0,1,23.848621
10.0,1,23.850626
-10.0,1,23.852631
10.0,1,23.855641
10.0,1,23.860987
-10.0,1,23.863437
10.0,1,23.865443
-10.0,1,23.867448
-10.0,1,23.876072
-10.0,1,23.876072
-10.0,1,23.876072
10.0,1,23.876072
10.0,1,23.887675
-10.0,1,23.887675
10.0,1,23.890124
3.0,1,23.891401
-10.0,1,23.898481
-10.0,1,23.899575
-10.0,1,23.90132
-10.0,1,23.902413
-10.0,1,23.909309
-10.0,1,23.910355
-10.0,1,23.910355
-10.0,1,23.910355
10.0,1,23.923368
-10.0,1,23.923368
10.0,1,23.927185
10.0,1,23.927185
-10.0,1,23.935494
-10.0,1,23.937499
-10.0,1,23.939505
-10.0,1,23.939505
10.0,1,23.947101
3.0,1,23.948117
-10.0,1,23.950002
-10.0,1,23.950002
-10.0,1,23.95826
10.0,1,23.95826
-10.0,1,23.95826
-10.0,1,23.95826
-10.0,1,23.969232
-10.0,1,23.970354
-10.0,1,23.970354
-10.0,1,23.970354
-10.0,1,23.979519
10.0,1,23.987513
-10.0,1,23.987513
-10.0,1,23.989025
-10.0,1,23.995459
10.0,1,23.995459
-10.0,1,23.995459
10.0,1,23.995459
-10.0,1,24.007202
-10.0,1,24.007202
-10.0,1,24.009207
-10.0,1,24.011212
-10.0,1,24.018954
-10.0,1,24.018954
-10.0,1,24.02137
-10.0,1,24.02137
-10.0,1,24.031415
-10.0,1,24.032446
-10.0,1,24.032446
10.0,1,24.036855
10.0,1,24.042919
10.0,1,24.04593
-10.0,1,24.04593
-10.0,1,24.047935
-10.0,1,24.05473
-10.0,1,24.05473
3.0,1,24.05473
-10.0,1,24.05473
10.0,1,24.066205
10.0,1,24.066205
-10.0,1,24.068443
-10.0,1,24.068443
-10.0,1,24.074688
-10.0,1,24.076798
10.0,1,24.078875
-10.0,1,24.080041
-10.0,1,24.087178
-10.0,1,24.087178
-10.0,1,24.088998
10.0,1,24.090746
-10.0,1,24.097282
-10.0,1,24.097282
10.0,1,24.101132
-10.0,1,24.101132
-10.0,1,24.10675
10.0,1,24.108854
-10.0,1,24.108854
10.0,1,24.108854
-10.0,1,24.120633
-10.0,1,24.120633
10.0,1,24.124643
-10.0,1,24.124643
-10.0,1,24.131549
10.0,1,24.133554
-10.0,1,24.13556
-10.0,1,24.13556
10.0,1,24.145815
10.0,1,24.146872
-10.0,1,24.149032
-10.0,1,24.149032
-10.0,1,24.156626
10.0,1,24.157642
-10.0,1,24.157642
-10.0,1,24.157642
-10.0,1,24.167408
-10.0,1,24.168496
-10.0,1,24.170503
-10.0,1,24.171509
-10.0,1,24.177361
-10.0,1,24.179367
-10.0,1,24.181372
10.0,1,24.183377
-10.0,1,24.189899
3.0,1,24.190936
3.0,1,24.190936
-10.0,1,24.190936
-10.0,1,24.20118
-10.0,1,24.202186
10.0,1,24.205186
-10.0,1,24.205186
-10.0,1,24.211759
-10.0,1,24.212811
-10.0,1,24.215504
-10.0,1,24.215504
-10.0,1,24.22244
-10.0,1,24.22244
-10.0,1,24.224445
10.0,1,24.22645
10.0,1,24.232227
-10.0,1,24.233974
-10.0,1,24.235979
10.0,1,24.237984
-10.0,1,24.244197
10.0,1,24.245702
-10.0,1,24.245702
3.0,1,24.247707
10.0,1,24.258912
10.0,1,24.26062
10.0,1,24.265671
10.0,1,24.265671
-10.0,1,24.272091
10.0,1,24.272091
10.0,1,24.272091
-10.0,1,24.272091
-10.0,1,24.286507
-10.0,1,24.286507
10.0,1,24.288513
10.0,1,24.292522
-10.0,1,24.297499
-10.0,1,24.299808
-10.0,1,24.299808
10.0,1,24.302447
10.0,1,24.310112
10.0,1,24.312116
10.0,1,24.313621
-10.0,1,24.313621
-10.0,1,24.321037
-10.0,1,24.321037
-10.0,1,24.323041
10.0,1,24.325047
10.0,1,24.33272
-10.0,1,24.333744
10.0,1,24.335644
-10.0,1,24.336895
-10.0,1,24.343088
-10.0,1,24.343088
10.0,1,24.345599
-10.0,1,24.347603
-10.0,1,24.353816
-10.0,1,24.354961
-10.0,1,24.356552
-10.0,1,24.356552
-10.0,1,24.368568
-10.0,1,24.370072
-10.0,1,24.370072
-10.0,1,24.370072
-10.0,1,24.380447
-10.0,1,24.382452
-10.0,1,24.384457
-10.0,1,24.386462
-10.0,1,24.39291
10.0,1,24.394344
-10.0,1,24.394344
-10.0,1,24.394344
-10.0,1,24.406157
10.0,1,24.406157
10.0,1,24.40893
10.0,1,24.412648
10.0,1,24.417775
-10.0,1,24.41978
10.0,1,24.421784
-10.0,1,24.423789
-10.0,1,24.43006
-10.0,1,24.43006
10.0,1,24.432065
-10.0,1,24.434071
10.0,1,24.440741
-10.0,1,24.441746
-10.0,1,24.443246
-10.0,1,24.443246
-10.0,1,24.450978
-10.0,1,24.452111
10.0,1,24.455381
-10.0,1,24.456387
10.0,1,24.462822
-10.0,1,24.463882
-10.0,1,24.465734
10.0,1,24.465734
-10.0,1,24.473216
10.0,1,24.478522
10.0,1,24.478522
-10.0,1,24.478522
-10.0,1,24.487465
3.0,1,24.487465
-10.0,1,24.487465
10.0,1,24.49188
-10.0,1,24.498876
-10.0,1,24.499953
-10.0,1,24.499953
-10.0,1,24.499953
-10.0,1,24.507524
-10.0,1,24.508581
10.0,1,24.510421
3.0,1,24.510421
-10.0,1,24.517744
-10.0,1,24.520643
10.0,1,24.522884
-10.0,1,24.522884
-10.0,1,24.52958
-10.0,1,24.530666
10.0,1,24.530666
-10.0,1,24.534672
-10.0,1,24.541228
-10.0,1,24.541228
-10.0,1,24.541228
10.0,1,24.541228
-10.0,1,24.551786
-10.0,1,24.551786
-10.0,1,24.551786
10.0,1,24.555746
-10.0,1,24.562925
-10.0,1,24.562925
10.0,1,24.566435
-10.0,1,24.566435
-10.0,1,24.574713
-10.0,1,24.574713
-10.0,1,24.576855
-10.0,1,24.576855
10.0,1,24.586799
-10.0,1,24.588804
10.0,1,24.590808
-10.0,1,24.592813
10.0,1,24.601662
-10.0,1,24.601662
-10.0,1,24.603667
-10.0,1,24.605671
10.0,1,24.612462
-10.0,1,24.615853
-10.0,1,24.615853
10.0,1,24.61948
-10.0,1,24.627229
-10.0,1,24.628273
-10.0,1,24.630283
-10.0,1,24.630283
10.0,1,24.638416
-10.0,1,24.640421
-10.0,1,24.642426
-10.0,1,24.642426
-10.0,1,24.649591
10.0,1,24.651596
10.0,1,24.653601
-10.0,1,24.655606
-10.0,1,24.661605
-10.0,1,24.663609
-10.0,1,24.663609
-10.0,1,24.663609
-10.0,1,24.671486
-10.0,1,24.672527
-10.0,1,24.675786
-10.0,1,24.675786
10.0,1,24.684555
10.0,1,24.686962
-10.0,1,24.688769
-10.0,1,24.688769
10.0,1,24.698917
-10.0,1,24.698917
-10.0,1,24.698917
10.0,1,24.698917
10.0,1,24.711399
10.0,1,24.715409
-10.0,1,24.715409
-10.0,1,24.717413
-10.0,1,24.725011
-10.0,1,24.726066
-10.0,1,24.726066
-10.0,1,24.726066
-10.0,1,24.734001
10.0,1,24.737442
-10.0,1,24.737442
10.0,1,24.73919
-10.0,1,24.745913
-10.0,1,24.747573
3.0,1,24.748866
-10.0,1,24.748866
10.0,1,24.757759
-10.0,1,24.759764
10.0,1,24.761769
10.0,1,24.763776
10.0,1,24.77094
3.0,1,24.77094
-10.0,1,24.774698
10.0,1,24.777521
-10.0,1,24.782852
10.0,1,24.783919
-10.0,1,24.786806
-10.0,1,24.786806
10.0,1,24.794411
-10.0,1,24.794411
10.0,1,24.797068
-10.0,1,24.797068
-10.0,1,24.807534
-10.0,1,24.807534
10.0,1,24.807534
-10.0,1,24.807534
-10.0,1,24.820649
-10.0,1,24.820649
-10.0,1,24.822654
-10.0,1,24.822654
10.0,1,24.832147
-10.0,1,24.832147
-10.0,1,24.832147
-10.0,1,24.834654
-10.0,1,24.842035
-10.0,1,24.84404
3.0,1,24.84404
-10.0,1,24.846045
-10.0,1,24.850729
-10.0,1,24.852796
-10.0,1,24.852796
-10.0,1,24.85576
10.0,1,24.863932
-10.0,1,24.865937
-10.0,1,24.865937
10.0,1,24.867943
3.0,1,24.874888
-10.0,1,24.874888
10.0,1,24.876893
-10.0,1,24.878898
10.0,1,24.886255
-10.0,1,24.886255
-10.0,1,24.886255
-10.0,1,24.888727
-10.0,1,24.894984
-10.0,1,24.896037
-10.0,1,24.897783
-10.0,1,24.898956
10.0,1,24.905688
-10.0,1,24.907694
10.0,1,24.909698
10.0,1,24.911703
10.0,1,24.923548
10.0,1,24.924715
-10.0,1,24.924715
10.0,1,24.924715
-10.0,1,24.935722
10.0,1,24.936757
-10.0,1,24.936757
-10.0,1,24.936757
-10.0,1,24.945341
-10.0,1,24.946847
10.0,1,24.948667
10.0,1,24.948667
-10.0,1,24.95649
-10.0,1,24.95649
-10.0,1,24.958494
10.0,1,24.960499
-10.0,1,24.967286
10.0,1,24.970296
-10.0,1,24.970296
10.0,1,24.970296
-10.0,1,24.978858
-10.0,1,24.980195
-10.0,1,24.980195
-10.0,1,24.980195
-10.0,1,24.988154
10.0,1,24.989357
-10.0,1,24.989357
-10.0,1,24.993429
-10.0,1,24.998633
10.0,1,24.999656
-10.0,1,25.001364
-10.0,1,25.001364
-10.0,1,25.011144
-10.0,1,25.011144
-10.0,1,25.011144
10.0,1,25.011144
-10.0,1,25.022573
-10.0,1,25.022573
-10.0,1,25.024319
-10.0,1,25.028717
-10.0,1,25.034667
-10.0,1,25.036632
-10.0,1,25.036632
-10.0,1,25.040156
-10.0,1,25.046247
10.0,1,25.048643
10.0,1,25.048643
-10.0,1,25.048643
10.0,1,25.05888
-10.0,1,25.05888
10.0,1,25.05888
-10.0,1,25.061992
3.0,1,25.069814
-10.0,1,25.070869
10.0,1,25.071874
10.0,1,25.071874
-10.0,1,25.080788
-10.0,1,25.082794
10.0,1,25.084799
-10.0,1,25.084799
10.0,1,25.09359
-10.0,1,25.09359
-10.0,1,25.096153
-10.0,1,25.097367
10.0,1,25.1052
10.0,1,25.1052
-10.0,1,25.107807
-10.0,1,25.107807
-10.0,1,25.116169
-10.0,1,25.116169
-10.0,1,25.118676
10.0,1,25.120326
-10.0,1,25.127642
-10.0,1,25.129647
-10.0,1,25.129647
-10.0,1,25.131652
10.0,1,25.141517
-10.0,1,25.141517
-10.0,1,25.141517
10.0,1,25.146524
-10.0,1,25.153442
10.0,1,25.154455
3.0,1,25.156443
-10.0,1,25.156443
-10.0,1,25.164314
10.0,1,25.168064
-10.0,1,25.168064
10.0,1,25.170069
-10.0,1,25.178754
-10.0,1,25.178754
-10.0,1,25.181761
-10.0,1,25.181761
-10.0,1,25.18978
-10.0,1,25.18978
-10.0,1,25.191785
-10.0,1,25.19379
-10.0,1,25.199879
10.0,1,25.201884
10.0,1,25.203889
-10.0,1,25.205894
-10.0,1,25.212552
-10.0,1,25.21367
-10.0,1,25.215043
-10.0,1,25.215043
-10.0,1,25.222557
3.0,1,25.223639
10.0,1,25.223639
-10.0,1,25.226721
3.0,1,25.234706
10.0,1,25.234706
-10.0,1,25.234706
-10.0,1,25.234706
-10.0,1,25.244233
-10.0,1,25.248655
-10.0,1,25.249813
-10.0,1,25.25106
10.0,1,25.258624
-10.0,1,25.259128
-10.0,1,25.259128
-10.0,1,25.261132
10.0,1,25.269186
10.0,1,25.269186
-10.0,1,25.269186
-10.0,1,25.269186
10.0,1,25.281462
10.0,1,25.283467
10.0,1,25.287476
-10.0,1,25.287476
-10.0,1,25.29335
10.0,1,25.29335
10.0,1,25.299185
10.0,1,25.299185
-10.0,1,25.306548
-10.0,1,25.307691
-10.0,1,25.308696
10.0,1,25.309821
-10.0,1,25.316685
-10.0,1,25.317754
-10.0,1,25.317754
-10.0,1,25.317754
10.0,1,25.325615
-10.0,1,25.327618
10.0,1,25.32962
-10.0,1,25.32962
-10.0,1,25.338079
-10.0,1,25.339127
-10.0,1,25.341876
-10.0,1,25.341876
-10.0,1,25.346723
-10.0,1,25.349237
-10.0,1,25.3514
-10.0,1,25.3514
-10.0,1,25.36113
-10.0,1,25.363134
10.0,1,25.363134
10.0,1,25.36514
-10.0,1,25.374062
-10.0,1,25.376613
10.0,1,25.376613
3.0,1,25.376613
10.0,1,25.388354
-10.0,1,25.499032
-10.0,1,25.499032
-10.0,1,25.499032
10.0,1,25.516052
-10.0,1,25.516052
-10.0,1,25.516052
-10.0,1,25.516052
10.0,1,25.527884
-10.0,1,25.527884
-10.0,1,25.527884
-10.0,1,25.529637
-10.0,1,25.535885
-10.0,1,25.535885
-10.0,1,25.538728
10.0,1,25.541717
-10.0,1,25.54896
-10.0,1,25.54896
-10.0,1,25.551295
-10.0,1,25.551295
-10.0,1,25.562292
-10.0,1,25.562292
-10.0,1,25.564298
-10.0,1,25.566303
-10.0,1,25.571799
-10.0,1,25.572842
10.0,1,25.572842
-10.0,1,25.575663
-10.0,1,25.582864
-10.0,1,25.583935
10.0,1,25.587248
-10.0,1,25.587248
-10.0,1,25.593423
10.0,1,25.59685
-10.0,1,25.59685
-10.0,1,25.59685
-10.0,1,25.604762
-10.0,1,25.605795
-10.0,1,25.607961
-10.0,1,25.609468
10.0,1,25.618879
10.0,1,25.621625
-10.0,1,25.621625
-10.0,1,25.621625
-10.0,1,25.630428
-10.0,1,25.630428
-10.0,1,25.632433
-10.0,1,25.632433
-10.0,1,25.639935
-10.0,1,25.64094
-10.0,1,25.642947
3.0,1,25.642947
10.0,1,25.65088
-10.0,1,25.652885
-10.0,1,25.654891
-10.0,1,25.654891
-10.0,1,25.659945
-10.0,1,25.663662
-10.0,1,25.663662
10.0,1,25.663662
10.0,1,25.673586
-10.0,1,25.673586
-10.0,1,25.673586
10.0,1,25.673586
-10.0,1,25.684611
-10.0,1,25.685668
10.0,1,25.685668
-10.0,1,25.688674
10.0,1,25.69582
-10.0,1,25.69582
10.0,1,25.699634
10.0,1,25.699634
10.0,1,25.708601
-10.0,1,25.711116
-10.0,1,25.711116
-10.0,1,25.71312
-10.0,1,25.721775
10.0,1,25.72606
-10.0,1,25.72606
-10.0,1,25.728065
-10.0,1,25.73482
-10.0,1,25.735861
10.0,1,25.737932
-10.0,1,25.737932
10.0,1,25.747452
-10.0,1,25.749457
-10.0,1,25.749457
-10.0,1,25.751462
10.0,1,25.757486
-10.0,1,25.759492
-10.0,1,25.759492
10.0,1,25.761496
-10.0,1,25.768696
-10.0,1,25.769829
-10.0,1,25.771676
-10.0,1,25.771676
10.0,1,25.77915
-10.0,1,25.77915
10.0,1,25.782923
-10.0,1,25.782923
10.0,1,25.791862
-10.0,1,25.793867
-10.0,1,25.793867
-10.0,1,25.795872
10.0,1,25.802732
-10.0,1,25.802732
10.0,1,25.807426
10.0,1,25.807426
-10.0,1,25.813978
3.0,1,25.816748
3.0,1,25.818754
-10.0,1,25.820759
-10.0,1,25.827777
-10.0,1,25.827777
10.0,1,25.829782
10.0,1,25.832792
-10.0,1,25.841835
-10.0,1,25.84384
-10.0,1,25.84384
-10.0,1,25.84384
-10.0,1,25.851721
-10.0,1,25.853725
-10.0,1,25.853725
-10.0,1,25.85573
-10.0,1,25.862044
10.0,1,25.862044
10.0,1,25.866054
-10.0,1,25.866054
10.0,1,25.875341
-10.0,1,25.875341
-10.0,1,25.875341
-10.0,1,25.879849
10.0,1,25.887632
-10.0,1,25.888671
-10.0,1,25.888671
-10.0,1,25.888671
10.0,1,25.898154
-10.0,1,25.898154
-10.0,1,25.900806
10.0,1,25.902637
-10.0,1,25.910236
10.0,1,25.911258
-10.0,1,25.913268
10.0,1,25.916647
-10.0,1,25.922679
-10.0,1,25.924684
-10.0,1,25.924684
-10.0,1,25.926689
10.0,1,25.93309
-10.0,1,25.935095
-10.0,1,25.9371
-10.0,1,25.9371
-10.0,1,25.946687
-10.0,1,25.946687
-10.0,1,25.949449
10.0,1,25.951025
-10.0,1,25.959228
-10.0,1,25.961232
-10.0,1,25.961232
10.0,1,25.963237
-10.0,1,25.970969
10.0,1,25.974259
-10.0,1,25.974259
-10.0,1,25.974259
-10.0,1,25.983186
-10.0,1,25.983186
10.0,1,25.987238
-10.0,1,25.987238
10.0,1,25.994436
-10.0,1,25.99599
10.0,1,25.99599
10.0,1,25.99599
-10.0,1,26.004489
-10.0,1,26.005543
10.0,1,26.008326
-10.0,1,26.008326
10.0,1,26.015415
10.0,1,26.015415
10.0,1,26.021427
-10.0,1,26.022749
-10.0,1,26.029854
-10.0,1,26.030901
10.0,1,26.030901
10.0,1,26.030901
10.0,1,26.042917
-10.0,1,26.044922
10.0,1,26.044922
-10.0,1,26.046927
-10.0,1,26.054625
-10.0,1,26.054625
10.0,1,26.054625
-10.0,1,26.054625
10.0,1,26.068014
-10.0,1,26.06952
-10.0,1,26.070528
-10.0,1,26.070528
-10.0,1,26.077527
-10.0,1,26.078544
-10.0,1,26.07993
-10.0,1,26.081426
-10.0,1,26.088813
-10.0,1,26.088813
10.0,1,26.090818
10.0,1,26.092823
10.0,1,26.101513
-10.0,1,26.102574
10.0,1,26.105575
3.0,1,26.105575
-10.0,1,26.11253
-10.0,1,26.11361
10.0,1,26.116292
-10.0,1,26.117298
-10.0,1,26.124364
-10.0,1,26.124364
10.0,1,26.124364
10.0,1,26.129498
-10.0,1,26.133347
10.0,1,26.136438
-10.0,1,26.136438
10.0,1,26.14068
-10.0,1,26.147226
-10.0,1,26.150428
-10.0,1,26.150428
-10.0,1,26.150428
10.0,1,26.161438
-10.0,1,26.161438
10.0,1,26.164948
10.0,1,26.164948
3.0,1,26.175571
-10.0,1,26.176684
-10.0,1,26.176684
-10.0,1,26.176684
10.0,1,26.186228
-10.0,1,26.186228
10.0,1,26.186228
10.0,1,26.190439
10.0,1,26.199287
-10.0,1,26.199287
-10.0,1,26.199287
-10.0,1,26.203157
-10.0,1,26.208934
-10.0,1,26.210006
-10.0,1,26.212811
-10.0,1,26.213843
-10.0,1,26.220683
-10.0,1,26.221702
10.0,1,26.22489
-10.0,1,26.22489
-10.0,1,26.231617
10.0,1,26.234924
-10.0,1,26.234924
10.0,1,26.234924
10.0,1,26.245493
-10.0,1,26.247539
10.0,1,26.247539
-10.0,1,26.247539
-10.0,1,26.258312
-10.0,1,26.259317
-10.0,1,26.260386
-10.0,1,26.260386
-10.0,1,26.267149
10.0,1,26.268175
-10.0,1,26.268175
-10.0,1,26.268175
-10.0,1,26.28236
-10.0,1,26.283629
10.0,1,26.283629
-10.0,1,26.286508
-10.0,1,26.29242
10.0,1,26.29242
3.0,1,26.29242
-10.0,1,26.29242
-10.0,1,26.303512
-10.0,1,26.303512
10.0,1,26.305517
10.0,1,26.307263
-10.0,1,26.31557
-10.0,1,26.31557
-10.0,1,26.31557
-10.0,1,26.320554
-10.0,1,26.327833
10.0,1,26.330734
-10.0,1,26.330734
-10.0,1,26.330734
-10.0,1,26.339114
10.0,1,26.341763
-10.0,1,26.341763
-10.0,1,26.341763
-10.0,1,26.3502
-10.0,1,26.3502
-10.0,1,26.3502
-10.0,1,26.3502
-10.0,1,26.360746
10.0,1,26.363997
-10.0,1,26.363997
-10.0,1,26.363997
-10.0,1,26.371976
-10.0,1,26.373982
-10.0,1,26.373982
-10.0,1,26.375988
10.0,1,26.383661
-10.0,1,26.383661
-10.0,1,26.386902
-10.0,1,26.390392
10.0,1,26.397089
-10.0,1,26.399094
-10.0,1,26.399094
10.0,1,26.401099
10.0,1,26.408767
-10.0,1,26.410772
-10.0,1,26.412776
-10.0,1,26.412776
-10.0,1,26.420846
3.0,1,26.422848
-10.0,1,26.422848
-10.0,1,26.42485
-10.0,1,26.431173
-10.0,1,26.432413
-10.0,1,26.432413
-10.0,1,26.43442
10.0,1,26.441343
-10.0,1,26.441343
-10.0,1,26.443737
3.0,1,26.443737
-10.0,1,26.450241
-10.0,1,26.45239
10.0,1,26.455844
-10.0,1,26.455844
10.0,1,26.46315
-10.0,1,26.465155
-10.0,1,26.46616
-10.0,1,26.468166
-10.0,1,26.473819
-10.0,1,26.475349
-10.0,1,26.475349
10.0,1,26.478163
-10.0,1,26.484998
-10.0,1,26.486103
10.0,1,26.486103
10.0,1,26.491177
-10.0,1,26.496375
-10.0,1,26.501117
-10.0,1,26.502245
-10.0,1,26.502245
3.0,1,26.51128
-10.0,1,26.513287
-10.0,1,26.513791
10.0,1,26.517542
10.0,1,26.525253
10.0,1,26.525253
-10.0,1,26.527575
-10.0,1,26.529323
-10.0,1,26.536864
-10.0,1,26.536864
-10.0,1,26.536864
10.0,1,26.536864
-10.0,1,26.54796
-10.0,1,26.548963
-10.0,1,26.548963
10.0,1,26.551375
10.0,1,26.558968
10.0,1,26.561474
10.0,1,26.56428
-10.0,1,26.56428
-10.0,1,26.572001
-10.0,1,26.573037
-10.0,1,26.573037
-10.0,1,26.573037
-10.0,1,26.581859
-10.0,1,26.581859
-10.0,1,26.584176
-10.0,1,26.584176
-10.0,1,26.591058
-10.0,1,26.593258
-10.0,1,26.594322
-10.0,1,26.594322
3.0,1,26.602508
-10.0,1,26.604514
-10.0,1,26.604514
-10.0,1,26.606519
10.0,1,26.617174
-10.0,1,26.617174
-10.0,1,26.617174
-10.0,1,26.617174
-10.0,1,26.626741
-10.0,1,26.627872
-10.0,1,26.627872
10.0,1,26.627872
-10.0,1,26.636898
-10.0,1,26.638872
-10.0,1,26.638872
10.0,1,26.642883
-10.0,1,26.648919
-10.0,1,26.650924
-10.0,1,26.650924
10.0,1,26.652929
-10.0,1,26.663294
10.0,1,26.66439
10.0,1,26.668956
-10.0,1,26.668956
-10.0,1,26.676747
-10.0,1,26.678752
-10.0,1,26.678752
10.0,1,26.680758
-10.0,1,26.688401
-10.0,1,26.689793
-10.0,1,26.689793
-10.0,1,26.692967
-10.0,1,26.699692
-10.0,1,26.701696
-10.0,1,26.701696
10.0,1,26.703701
-10.0,1,26.711195
-10.0,1,26.712232
10.0,1,26.715213
-10.0,1,26.715213
10.0,1,26.724955
-10.0,1,26.72696
10.0,1,26.728965
-10.0,1,26.728965
-10.0,1,26.735844
10.0,1,26.73785
-10.0,1,26.73785
-10.0,1,26.739855
-10.0,1,26.745846
10.0,1,26.747851
10.0,1,26.749855
-10.0,1,26.751601
-10.0,1,26.758747
-10.0,1,26.758747
-10.0,1,26.758747
-10.0,1,26.758747
-10.0,1,26.767524
-10.0,1,26.769418
10.0,1,26.773089
-10.0,1,26.773089
-10.0,1,26.780246
-10.0,1,26.781367
-10.0,1,26.783375
10.0,1,26.784713
10.0,1,26.791488
10.0,1,26.795498
-10.0,1,26.795498
-10.0,1,26.797503
10.0,1,26.805526
10.0,1,26.805526
-10.0,1,26.805526
-10.0,1,26.805526
-10.0,1,26.816902
-10.0,1,26.81797
10.0,1,26.820371
-10.0,1,26.821801
-10.0,1,26.827688
10.0,1,26.833609
-10.0,1,26.835613
10.0,1,26.837614
10.0,1,26.84502
10.0,1,26.848061
10.0,1,26.849073
-10.0,1,26.850538
-10.0,1,26.858642
-10.0,1,26.858642
-10.0,1,26.860647
-10.0,1,26.862652
-10.0,1,26.87118
10.0,1,26.873185
-10.0,1,26.873185
-10.0,1,26.87519
-10.0,1,26.881686
10.0,1,26.884854
-10.0,1,26.884854
-10.0,1,26.887195
-10.0,1,26.892979
10.0,1,26.895995
-10.0,1,26.895995
10.0,1,26.895995
-10.0,1,26.905167
10.0,1,26.906193
10.0,1,26.909562
-10.0,1,26.910591
-10.0,1,26.915433
-10.0,1,26.917241
-10.0,1,26.917241
-10.0,1,26.917241
-10.0,1,26.925574
-10.0,1,26.926601
10.0,1,26.928736
10.0,1,26.928736
-10.0,1,26.937119
-10.0,1,26.938262
-10.0,1,26.938262
10.0,1,26.942422
-10.0,1,26.951479
-10.0,1,26.954625
-10.0,1,26.954625
10.0,1,26.954625
-10.0,1,26.964712
-10.0,1,26.964712
-10.0,1,26.967638
-10.0,1,26.967638
-10.0,1,26.975568
-10.0,1,26.977573
10.0,1,26.979577
-10.0,1,26.981582
-10.0,1,26.987475
-10.0,1,26.987475
-10.0,1,26.98948
-10.0,1,26.991485
-10.0,1,26.997174
10.0,1,26.999178
-10.0,1,26.999178
-10.0,1,27.001184
10.0,1,27.008897
-10.0,1,27.010064
-10.0,1,27.010064
10.0,1,27.010064
-10.0,1,27.019697
-10.0,1,27.019697
10.0,1,27.022272
-10.0,1,27.022272
10.0,1,27.033186
-10.0,1,27.034222
-10.0,1,27.034222
10.0,1,27.03723
-10.0,1,27.044174
10.0,1,27.045258
-10.0,1,27.047176
-10.0,1,27.048182
-10.0,1,27.053316
10.0,1,27.058056
-10.0,1,27.060048
-10.0,1,27.060048
10.0,1,27.068327
-10.0,1,27.06935
-10.0,1,27.071377
-10.0,1,27.071377
10.0,1,27.08082
-10.0,1,27.08082
-10.0,1,27.082825
-10.0,1,27.082825
-10.0,1,27.090942
-10.0,1,27.091975
-10.0,1,27.093186
10.0,1,27.093186
-10.0,1,27.100121
-10.0,1,27.102126
-10.0,1,27.102126
10.0,1,27.104131
10.0,1,27.11216
-10.0,1,27.113194
-10.0,1,27.113194
-10.0,1,27.1162
10.0,1,27.123476
10.0,1,27.124519
10.0,1,27.126547
-10.0,1,27.130424
-10.0,1,27.137052
-10.0,1,27.137052
10.0,1,27.139716
-10.0,1,27.139716
10.0,1,27.148292
10.0,1,27.149299
-10.0,1,27.149299
10.0,1,27.153246
-10.0,1,27.160397
10.0,1,27.161457
-10.0,1,27.163963
10.0,1,27.163963
-10.0,1,27.173919
10.0,1,27.176295
-10.0,1,27.178274
-10.0,1,27.180022
-10.0,1,27.185228
-10.0,1,27.186934
-10.0,1,27.186934
10.0,1,27.186934
-10.0,1,27.195397
-10.0,1,27.196789
-10.0,1,27.198576
-10.0,1,27.198576
-10.0,1,27.206023
10.0,1,27.206023
-10.0,1,27.208008
-10.0,1,27.208008
-10.0,1,27.217123
-10.0,1,27.218151
-10.0,1,27.218151
-10.0,1,27.218151
-10.0,1,27.226562
-10.0,1,27.227568
-10.0,1,27.228657
3.0,1,27.231839
-10.0,1,27.2375
-10.0,1,27.24061
-10.0,1,27.24061
-10.0,1,27.24368
-10.0,1,27.249503
-10.0,1,27.250541
-10.0,1,27.253194
-10.0,1,27.253194
10.0,1,27.261064
-10.0,1,27.262089
-10.0,1,27.262089
-10.0,1,27.265241
10.0,1,27.272638
-10.0,1,27.273683
3.0,1,27.274943
10.0,1,27.274943
-10.0,1,27.286292
-10.0,1,27.287337
3.0,1,27.287337
10.0,1,27.29299
10.0,1,27.299851
3.0,1,27.299851
-10.0,1,27.302306
-10.0,1,27.302306
-10.0,1,27.311309
-10.0,1,27.312336
-10.0,1,27.312336
-10.0,1,27.314787
10.0,1,27.322451
-10.0,1,27.322451
10.0,1,27.325307
10.0,1,27.325307
10.0,1,27.335097
3.0,1,27.335097
-10.0,1,27.338103
10.0,1,27.338103
-10.0,1,27.343706
-10.0,1,27.347009
-10.0,1,27.348515
-10.0,1,27.348515
10.0,1,27.35612
-10.0,1,27.358125
-10.0,1,27.358125
-10.0,1,27.36013
10.0,1,27.366455
-10.0,1,27.369461
-10.0,1,27.369461
10.0,1,27.369461
10.0,1,27.380082
-10.0,1,27.380082
-10.0,1,27.380082
-10.0,1,27.380082
10.0,1,27.393348
-10.0,1,27.394385
-10.0,1,27.394385
-10.0,1,27.396672
-10.0,1,27.402967
-10.0,1,27.4042
-10.0,1,27.4042
-10.0,1,27.4042
-10.0,1,27.411959
-10.0,1,27.414426
-10.0,1,27.416936
-10.0,1,27.416936
-10.0,1,27.424789
-10.0,1,27.425833
-10.0,1,27.425833
-10.0,1,27.425833
-10.0,1,27.434081
-10.0,1,27.435656
-10.0,1,27.435656
10.0,1,27.435656
-10.0,1,27.44754
-10.0,1,27.448545
10.0,1,27.452562
-10.0,1,27.452562
-10.0,1,27.461145
-10.0,1,27.461145
-10.0,1,27.461145
-10.0,1,27.461145
-10.0,1,27.469104
10.0,1,27.472147
10.0,1,27.472147
10.0,1,27.474668
-10.0,1,27.48062
10.0,1,27.4847
-10.0,1,27.4847
-10.0,1,27.4847
-10.0,1,27.493001
10.0,1,27.495006
-10.0,1,27.496511
-10.0,1,27.496511
-10.0,1,27.506452
-10.0,1,27.508457
-10.0,1,27.508457
-10.0,1,27.510463
-10.0,1,27.518171
-10.0,1,27.520177
-10.0,1,27.520177
-10.0,1,27.522181
10.0,1,27.529613
-10.0,1,27.531618
-10.0,1,27.533623
-10.0,1,27.533623
-10.0,1,27.540325
-10.0,1,27.542332
10.0,1,27.544077
10.0,1,27.546082
10.0,1,27.554503
10.0,1,27.554503
-10.0,1,27.554503
-10.0,1,27.554503
-10.0,1,27.564953
10.0,1,27.568043
10.0,1,27.570048
10.0,1,27.572053
-10.0,1,27.578144
-10.0,1,27.579683
-10.0,1,27.581788
10.0,1,27.581788
-10.0,1,27.590489
-10.0,1,27.591994
-10.0,1,27.59416
-10.0,1,27.59416
-10.0,1,27.60208
10.0,1,27.603095
10.0,1,27.603095
10.0,1,27.603095
-10.0,1,27.615734
-10.0,1,27.615734
-10.0,1,27.617739
10.0,1,27.621748
10.0,1,27.628479
10.0,1,27.630484
-10.0,1,27.632489
-10.0,1,27.632489
-10.0,1,27.639129
3.0,1,27.640215
-10.0,1,27.642096
-10.0,1,27.642096
10.0,1,27.650479
-10.0,1,27.651519
-10.0,1,27.653058
-10.0,1,27.654806
10.0,1,27.662314
-10.0,1,27.662314
10.0,1,27.664984
10.0,1,27.664984
-10.0,1,27.673922
-10.0,1,27.674987
-10.0,1,27.674987
-10.0,1,27.674987
-10.0,1,27.685524
10.0,1,27.688228
-10.0,1,27.688228
10.0,1,27.688228
-10.0,1,27.697204
10.0,1,27.699209
-10.0,1,27.702219
-10.0,1,27.702219
10.0,1,27.710718
-10.0,1,27.711758
-10.0,1,27.713337
10.0,1,27.713337
-10.0,1,27.725976
-10.0,1,27.725976
10.0,1,27.729769
-10.0,1,27.729769
-10.0,1,27.737226
-10.0,1,27.737226
10.0,1,27.741711
-10.0,1,27.741711
-10.0,1,27.748623
-10.0,1,27.749886
3.0,1,27.749886
-10.0,1,27.749886
10.0,1,27.759102
-10.0,1,27.761107
10.0,1,27.763112
-10.0,1,27.765116
-10.0,1,27.770396
-10.0,1,27.772511
-10.0,1,27.772511
10.0,1,27.772511
10.0,1,27.785439
10.0,1,27.788519
10.0,1,27.788519
-10.0,1,27.79084
10.0,1,27.799352
-10.0,1,27.802086
-10.0,1,27.802086
10.0,1,27.805084
10.0,1,27.810982
-10.0,1,27.812987
3.0,1,27.814992
-10.0,1,27.816997
-10.0,1,27.822914
-10.0,1,27.822914
-10.0,1,27.824919
10.0,1,27.826925
-10.0,1,27.836132
-10.0,1,27.837194
-10.0,1,27.837194
-10.0,1,27.837194
-10.0,1,27.845723
10.0,1,27.84958
-10.0,1,27.84958
-10.0,1,27.84958
-10.0,1,27.857563
-10.0,1,27.859568
-10.0,1,27.860572
-10.0,1,27.862577
-10.0,1,27.862577
-10.0,1,27.862577
-10.0,1,27.862577
-10.0,1,27.862577
10.0,1,27.881441
-10.0,1,27.881441
-10.0,1,27.883446
-10.0,1,27.885451
-10.0,1,27.892336
-10.0,1,27.893439
-10.0,1,27.89471
-10.0,1,27.89471
10.0,1,27.903481
-10.0,1,27.905486
10.0,1,27.905486
-10.0,1,27.90749
10.0,1,27.914433
-10.0,1,27.916438
10.0,1,27.918442
-10.0,1,27.918442
-10.0,1,27.926512
-10.0,1,27.926512
10.0,1,27.926512
10.0,1,27.930628
-10.0,1,27.938066
10.0,1,27.93907
-10.0,1,27.93907
-10.0,1,27.93907
-10.0,1,27.952567
10.0,1,27.955892
-10.0,1,27.955892
-10.0,1,27.955892
10.0,1,27.966315
10.0,1,27.966315
10.0,1,27.968454
-10.0,1,27.970962
-10.0,1,27.977483
-10.0,1,27.978497
-10.0,1,27.979992
10.0,1,27.982357
10.0,1,27.990501
10.0,1,27.990501
-10.0,1,27.993423
-10.0,1,27.993423
-10.0,1,28.000712
-10.0,1,28.002458
-10.0,1,28.004464
10.0,1,28.006469
-10.0,1,28.012692
10.0,1,28.014697
-10.0,1,28.014697
-10.0,1,28.014697
10.0,1,28.023859
-10.0,1,28.025864
-10.0,1,28.027869
10.0,1,28.029873
-10.0,1,28.036441
-10.0,1,28.037465
10.0,1,28.037465
10.0,1,28.042603
-10.0,1,28.048998
10.0,1,28.050142
10.0,1,28.050142
10.0,1,28.058471
-10.0,1,28.064129
10.0,1,28.066407
10.0,1,28.066407
-10.0,1,28.066407
-10.0,1,28.07588
-10.0,1,28.076957
-10.0,1,28.076957
-10.0,1,28.076957
10.0,1,28.087552
-10.0,1,28.087552
-10.0,1,28.087552
-10.0,1,28.087552
-10.0,1,28.095219
-10.0,1,28.097744
10.0,1,28.100243
-10.0,1,28.100243
10.0,1,28.108948
-10.0,1,28.109985
10.0,1,28.113798
-10.0,1,28.113798
-10.0,1,28.121507
-10.0,1,28.122536
10.0,1,28.126017
10.0,1,28.128626
-10.0,1,28.134043
-10.0,1,28.13521
-10.0,1,28.137584
10.0,1,28.137584
-10.0,1,28.145618
-10.0,1,28.146763
10.0,1,28.149268
-10.0,1,28.150272
-10.0,1,28.156361
-10.0,1,28.15757
10.0,1,28.160619
-10.0,1,28.161625
-10.0,1,28.169276
10.0,1,28.172316
-10.0,1,28.172316
-10.0,1,28.174472
-10.0,1,28.179954
10.0,1,28.183429
-10.0,1,28.183429
-10.0,1,28.185447
-10.0,1,28.193599
-10.0,1,28.194736
-10.0,1,28.194736
-10.0,1,28.197408
-10.0,1,28.204515
-10.0,1,28.204515
-10.0,1,28.20652
-10.0,1,28.20652
-10.0,1,28.214122
-10.0,1,28.215155
10.0,1,28.217707
10.0,1,28.217707
-10.0,1,28.224768
10.0,1,28.227033
-10.0,1,28.227033
-10.0,1,28.227033
10.0,1,28.23815
-10.0,1,28.240155
-10.0,1,28.24216
10.0,1,28.24216
-10.0,1,28.249171
10.0,1,28.252386
3.0,1,28.252386
-10.0,1,28.255895
10.0,1,28.264213
-10.0,1,28.264213
10.0,1,28.264213
-10.0,1,28.267766
-10.0,1,28.271965
-10.0,1,28.271965
10.0,1,28.271965
-10.0,1,28.280542
10.0,1,28.288981
-10.0,1,28.288981
-10.0,1,28.292593
-10.0,1,28.292593
10.0,1,28.300178
-10.0,1,28.301224
-10.0,1,28.301224
-10.0,1,28.303734
10.0,1,28.311171
10.0,1,28.311171
-10.0,1,28.313478
-10.0,1,28.313478
-10.0,1,28.320905
-10.0,1,28.320905
10.0,1,28.322911
-10.0,1,28.324915
-10.0,1,28.331578
-10.0,1,28.333583
-10.0,1,28.333583
-10.0,1,28.33533
10.0,1,28.344018
-10.0,1,28.344018
10.0,1,28.344018
-10.0,1,28.349027
10.0,1,28.357295
-10.0,1,28.357295
-10.0,1,28.357295
-10.0,1,28.360912
-10.0,1,28.368649
-10.0,1,28.368649
10.0,1,28.368649
10.0,1,28.368649
-10.0,1,28.38052
10.0,1,28.382904
-10.0,1,28.384846
-10.0,1,28.386941
-10.0,1,28.393243
-10.0,1,28.394634
10.0,1,28.394634
-10.0,1,28.397326
-10.0,1,28.399885
-10.0,1,28.404838
10.0,1,28.408207
-10.0,1,28.408207
-10.0,1,28.414513
-10.0,1,28.417388
-10.0,1,28.417388
-10.0,1,28.419919
-10.0,1,28.425881
-10.0,1,28.426922
-10.0,1,28.426922
10.0,1,28.426922
-10.0,1,28.437196
-10.0,1,28.437196
-10.0,1,28.439924
-10.0,1,28.441483
10.0,1,28.448313
-10.0,1,28.449318
-10.0,1,28.449318
10.0,1,28.451323
-10.0,1,28.459746
-10.0,1,28.459746
10.0,1,28.462257
-10.0,1,28.462257
-10.0,1,28.470513
-10.0,1,28.470513
10.0,1,28.472518
-10.0,1,28.474523
10.0,1,28.480914
-10.0,1,28.482919
-10.0,1,28.482919
-10.0,1,28.484924
-10.0,1,28.491021
-10.0,1,28.491021
-10.0,1,28.493026
-10.0,1,28.494031
-10.0,1,28.506184
10.0,1,28.506184
-10.0,1,28.509861
10.0,1,28.51245
-10.0,1,28.518323
-10.0,1,28.520328
-10.0,1,28.520328
-10.0,1,28.522333
10.0,1,28.53166
10.0,1,28.533386
-10.0,1,28.534429
-10.0,1,28.534429
10.0,1,28.543143
10.0,1,28.543143
-10.0,1,28.546245
-10.0,1,28.546245
10.0,1,28.555718
3.0,1,28.557964
-10.0,1,28.557964
-10.0,1,28.559159
-10.0,1,28.565701
-10.0,1,28.566728
-10.0,1,28.566728
-10.0,1,28.566728
10.0,1,28.576979
-10.0,1,28.576979
-10.0,1,28.579627
-10.0,1,28.581005
-10.0,1,28.586373
-10.0,1,28.586373
-10.0,1,28.588378
-10.0,1,28.589882
-10.0,1,28.596356
-10.0,1,28.596356
-10.0,1,28.598361
-10.0,1,28.598361
-10.0,1,28.605143
10.0,1,28.611542
-10.0,1,28.611542
-10.0,1,28.612772
10.0,1,28.621078
-10.0,1,28.621078
-10.0,1,28.623084
10.0,1,28.627093
10.0,1,28.632745
-10.0,1,28.63475
-10.0,1,28.636756
-10.0,1,28.636756
-10.0,1,28.642992
10.0,1,28.646153
10.0,1,28.646153
10.0,1,28.646153
-10.0,1,28.65386
10.0,1,28.655455
-10.0,1,28.657216
-10.0,1,28.657216
-10.0,1,28.665047
-10.0,1,28.668953
-10.0,1,28.668953
-10.0,1,28.668953
10.0,1,28.677879
10.0,1,28.678903
10.0,1,28.680712
-10.0,1,28.680712
10.0,1,28.690197
-10.0,1,28.691221
-10.0,1,28.691221
-10.0,1,28.694221
-10.0,1,28.700794
10.0,1,28.703379
3.0,1,28.703379
-10.0,1,28.703379
10.0,1,28.712166
-10.0,1,28.712166
10.0,1,28.712166
10.0,1,28.716673
-10.0,1,28.726945
-10.0,1,28.727977
-10.0,1,28.729382
-10.0,1,28.729382
10.0,1,28.738039
10.0,1,28.740298
10.0,1,28.740298
-10.0,1,28.740298
10.0,1,28.749058
-10.0,1,28.749058
3.0,1,28.749058
-10.0,1,28.749058
10.0,1,28.761068
-10.0,1,28.764102
-10.0,1,28.765107
-10.0,1,28.765107
-10.0,1,28.773057
-10.0,1,28.773057
-10.0,1,28.775213
-10.0,1,28.775213
-10.0,1,28.783373
10.0,1,28.784405
-10.0,1,28.784405
10.0,1,28.789267
-10.0,1,28.794511
-10.0,1,28.796014
10.0,1,28.798753
10.0,1,28.798753
10.0,1,28.807133
-10.0,1,28.808151
-10.0,1,28.808151
-10.0,1,28.811934
-10.0,1,28.818161
-10.0,1,28.819238
10.0,1,28.819238
10.0,1,28.822117
-10.0,1,28.832145
-10.0,1,28.834811
-10.0,1,28.837539
-10.0,1,28.837539
10.0,1,28.843985
-10.0,1,28.845994
-10.0,1,28.845994
10.0,1,28.849004
-10.0,1,28.855216
10.0,1,28.85921
-10.0,1,28.85921
-10.0,1,28.85921
-10.0,1,28.868757
-10.0,1,28.868757
-10.0,1,28.868757
10.0,1,28.868757
-10.0,1,28.879137
-10.0,1,28.880289
-10.0,1,28.880289
-10.0,1,28.880289
-10.0,1,28.89012
10.0,1,28.892308
-10.0,1,28.894313
-10.0,1,28.894313
-10.0,1,28.902382
10.0,1,28.90471
-10.0,1,28.90471
-10.0,1,28.907218
-10.0,1,28.913254
-10.0,1,28.914379
10.0,1,28.917104
-10.0,1,28.917104
-10.0,1,28.923311
-10.0,1,28.924717
-10.0,1,28.924717
10.0,1,28.924717
-10.0,1,28.935407
10.0,1,28.936426
-10.0,1,28.936426
-10.0,1,28.939433
-10.0,1,28.948131
-10.0,1,28.949136
10.0,1,28.949136
-10.0,1,28.951141
-10.0,1,28.958202
-10.0,1,28.960208
-10.0,1,28.960208
10.0,1,28.962213
10.0,1,28.969499
-10.0,1,28.970516
-10.0,1,28.972529
3.0,1,28.973691
10.0,1,28.983101
-10.0,1,28.983101
-10.0,1,28.985755
10.0,1,28.987503
10.0,1,28.993839
-10.0,1,28.996202
-10.0,1,28.996202
-10.0,1,28.996202
-10.0,1,29.003983
-10.0,1,29.00627
-10.0,1,29.00627
-10.0,1,29.009648
-10.0,1,29.016038
10.0,1,29.017358
-10.0,1,29.020571
-10.0,1,29.020571
10.0,1,29.028925
-10.0,1,29.028925
10.0,1,29.03296
10.0,1,29.03296
-10.0,1,29.038976
10.0,1,29.041149
-10.0,1,29.041149
10.0,1,29.046851
-10.0,1,29.055582
-10.0,1,29.057588
-10.0,1,29.057588
-10.0,1,29.059593
10.0,1,29.067364
-10.0,1,29.068493
-10.0,1,29.070203
-10.0,1,29.070203
-10.0,1,29.078135
-10.0,1,29.08014
-10.0,1,29.08014
-10.0,1,29.083149
10.0,1,29.088969
10.0,1,29.090975
-10.0,1,29.09298
-10.0,1,29.09298
-10.0,1,29.099131
-10.0,1,29.10148
10.0,1,29.103138
10.0,1,29.107293
-10.0,1,29.113061
10.0,1,29.117133
10.0,1,29.117133
-10.0,1,29.117133
10.0,1,29.126742
-10.0,1,29.126742
10.0,1,29.130771
10.0,1,29.130771
-10.0,1,29.13902
-10.0,1,29.140056
-10.0,1,29.141738
-10.0,1,29.141738
-10.0,1,29.14929
10.0,1,29.151295
-10.0,1,29.151295
-10.0,1,29.1533
-10.0,1,29.158863
-10.0,1,29.160323
-10.0,1,29.16283
-10.0,1,29.16283
-10.0,1,29.172287
-10.0,1,29.174292
10.0,1,29.176298
-10.0,1,29.176298
-10.0,1,29.184517
-10.0,1,29.184517
-10.0,1,29.184517
10.0,1,29.184517
10.0,1,29.195691
-10.0,1,29.197696
-10.0,1,29.197696
-10.0,1,29.199701
10.0,1,29.206766
10.0,1,29.20877
-10.0,1,29.210275
10.0,1,29.212281
-10.0,1,29.219064
-10.0,1,29.220992
-10.0,1,29.223251
-10.0,1,29.223251
10.0,1,29.232042
-10.0,1,29.232042
-10.0,1,29.232042
-10.0,1,29.232042
-10.0,1,29.241336
-10.0,1,29.242341
-10.0,1,29.244348
10.0,1,29.246352
-10.0,1,29.25087
-10.0,1,29.253364
-10.0,1,29.253364
3.0,1,29.253364
10.0,1,29.263897
-10.0,1,29.263897
-10.0,1,29.263897
-10.0,1,29.267631
10.0,1,29.277914
-10.0,1,29.27897
-10.0,1,29.27897
-10.0,1,29.27897
-10.0,1,29.287679
-10.0,1,29.287679
-10.0,1,29.290484
10.0,1,29.2931
-10.0,1,29.298921
-10.0,1,29.300504
-10.0,1,29.302548
-10.0,1,29.303797
-10.0,1,29.310094
-10.0,1,29.311434
10.0,1,29.311434
-10.0,1,29.314607
10.0,1,29.322267
-10.0,1,29.322267
-10.0,1,29.322267
-10.0,1,29.322267
-10.0,1,29.332642
10.0,1,29.335558
10.0,1,29.33831
-10.0,1,29.33831
10.0,1,29.346543
-10.0,1,29.346543
-10.0,1,29.34905
-10.0,1,29.350525
10.0,1,29.358474
-10.0,1,29.358474
-10.0,1,29.358474
10.0,1,29.358474
-10.0,1,29.370745
-10.0,1,29.370745
-10.0,1,29.370745
-10.0,1,29.370745
-10.0,1,29.381662
-10.0,1,29.383004
10.0,1,29.385417
10.0,1,29.387583
-10.0,1,29.397785
-10.0,1,29.397785
-10.0,1,29.400795
-10.0,1,29.4028
-10.0,1,29.410828
10.0,1,29.412833
-10.0,1,29.412833
-10.0,1,29.414838
10.0,1,29.422122
3.0,1,29.422122
3.0,1,29.422122
-10.0,1,29.422122
10.0,1,29.434727
-10.0,1,29.434727
10.0,1,29.434727
10.0,1,29.437633
-10.0,1,29.445373
-10.0,1,29.445373
-10.0,1,29.447378
10.0,1,29.448888
-10.0,1,29.455287
-10.0,1,29.457462
-10.0,1,29.459467
10.0,1,29.461472
-10.0,1,29.468197
-10.0,1,29.470359
-10.0,1,29.471884
-10.0,1,29.471884
-10.0,1,29.480481
10.0,1,29.482486
-10.0,1,29.482486
-10.0,1,29.484491
-10.0,1,29.492032
-10.0,1,29.492032
10.0,1,29.492032
-10.0,1,29.496539
-10.0,1,29.506917
-10.0,1,29.508921
-10.0,1,29.510926
10.0,1,29.51243
-10.0,1,29.519712
-10.0,1,29.521717
10.0,1,29.523722
-10.0,1,29.523722
10.0,1,29.53078
-10.0,1,29.532785
-10.0,1,29.53479
-10.0,1,29.536796
10.0,1,29.544287
-10.0,1,29.544287
-10.0,1,29.545558
-10.0,1,29.545558
-10.0,1,29.554216
-10.0,1,29.555234
10.0,1,29.555234
10.0,1,29.555234
-10.0,1,29.566144
-10.0,1,29.568148
-10.0,1,29.568148
-10.0,1,29.570154
-10.0,1,29.576267
-10.0,1,29.578
10.0,1,29.580004
10.0,1,29.58201
10.0,1,29.589246
-10.0,1,29.591251
-10.0,1,29.592256
10.0,1,29.595441
-10.0,1,29.603349
-10.0,1,29.603349
10.0,1,29.605354
10.0,1,29.608364
-10.0,1,29.618449
-10.0,1,29.618449
-10.0,1,29.622882
-10.0,1,29.623387
10.0,1,29.632193
-10.0,1,29.633221
-10.0,1,29.633221
-10.0,1,29.633221
-10.0,1,29.643497
10.0,1,29.645503
10.0,1,29.649013
3.0,1,29.649013
-10.0,1,29.656245
-10.0,1,29.658593
-10.0,1,29.658593
-10.0,1,29.658593
-10.0,1,29.669169
-10.0,1,29.669169
10.0,1,29.673396
-10.0,1,29.673396
-10.0,1,29.683824
10.0,1,29.685829
-10.0,1,29.687334
-10.0,1,29.68934
-10.0,1,29.696038
-10.0,1,29.697095
10.0,1,29.699728
-10.0,1,29.699728
10.0,1,29.709238
-10.0,1,29.709238
-10.0,1,29.71184
10.0,1,29.71184
-10.0,1,29.723672
-10.0,1,29.725677
-10.0,1,29.725677
-10.0,1,29.727683
-10.0,1,29.735117
10.0,1,29.737124
-10.0,1,29.737124
-10.0,1,29.737124
-10.0,1,29.744764
10.0,1,29.746771
10.0,1,29.749276
-10.0,1,29.749276
-10.0,1,29.757815
-10.0,1,29.75832
-10.0,1,29.760327
-10.0,1,29.760327
10.0,1,29.766266
-10.0,1,29.771359
-10.0,1,29.773366
-10.0,1,29.77477
-10.0,1,29.781482
10.0,1,29.785679
-10.0,1,29.78683
-10.0,1,29.787997
10.0,1,29.795316
-10.0,1,29.797323
-10.0,1,29.799189
-10.0,1,29.799189
-10.0,1,29.808217
-10.0,1,29.809251
10.0,1,29.811257
-10.0,1,29.813003
-10.0,1,29.821912
-10.0,1,29.821912
-10.0,1,29.823918
-10.0,1,29.825923
-10.0,1,29.836808
-10.0,1,29.836808
10.0,1,29.838815
-10.0,1,29.838815
-10.0,1,29.849476
10.0,1,29.849476
-10.0,1,29.852621
-10.0,1,29.852621
-10.0,1,29.861676
-10.0,1,29.861676
-10.0,1,29.863679
-10.0,1,29.865682
-10.0,1,29.871244
10.0,1,29.875199
-10.0,1,29.87671
-10.0,1,29.877718
-10.0,1,29.884855
-10.0,1,29.885874
-10.0,1,29.885874
-10.0,1,29.885874
10.0,1,29.894073
-10.0,1,29.89608
-10.0,1,29.898085
10.0,1,29.900091
10.0,1,29.908482
-10.0,1,29.908482
10.0,1,29.908482
-10.0,1,29.915246
-10.0,1,29.921776
-10.0,1,29.923782
10.0,1,29.925789
-10.0,1,29.927794
-10.0,1,29.935382
10.0,1,29.93819
-10.0,1,29.93819
-10.0,1,29.939696
10.0,1,29.95173
10.0,1,29.954645
10.0,1,29.955653
10.0,1,29.95719
-10.0,1,29.96588
10.0,1,29.968993
-10.0,1,29.969499
-10.0,1,29.97151
-10.0,1,29.977973
-10.0,1,29.979979
-10.0,1,29.981984
-10.0,1,29.981984
10.0,1,29.98985
-10.0,1,29.991856
-10.0,1,29.993861
10.0,1,29.995865
10.0,1,30.003327
-10.0,1,30.003327
3.0,1,30.003327
-10.0,1,30.008968
-10.0,1,30.231498
-10.0,1,30.232519
-10.0,1,30.234939
-10.0,1,30.234939
-10.0,1,30.241395
-10.0,1,30.244586
-10.0,1,30.245656
10.0,1,30.249008
-10.0,1,30.255897
-10.0,1,30.2574
-10.0,1,30.2574
10.0,1,30.261741
-10.0,1,30.267173
-10.0,1,30.268832
10.0,1,30.271758
-10.0,1,30.272835
-10.0,1,30.282195
-10.0,1,30.2827
-10.0,1,30.285611
-10.0,1,30.285611
-10.0,1,30.292281
-10.0,1,30.292281
10.0,1,30.292281
10.0,1,30.292281
-10.0,1,30.30636
10.0,1,30.308366
-10.0,1,30.310371
-10.0,1,30.310371
-10.0,1,30.318044
-10.0,1,30.319798
-10.0,1,30.319798
-10.0,1,30.319798
-10.0,1,30.328651
-10.0,1,30.330133
-10.0,1,30.333334
-10.0,1,30.335449
10.0,1,30.343518
-10.0,1,30.34566
-10.0,1,30.34566
10.0,1,30.34566
-10.0,1,30.353462
10.0,1,30.355038
-10.0,1,30.355038
10.0,1,30.355038
-10.0,1,30.365719
-10.0,1,30.367227
10.0,1,30.371513
-10.0,1,30.371513
10.0,1,30.379578
-10.0,1,30.383143
10.0,1,30.383143
10.0,1,30.383143
10.0,1,30.397029
-10.0,1,30.398777
-10.0,1,30.400784
10.0,1,30.404219
10.0,1,30.412843
-10.0,1,30.414591
-10.0,1,30.416491
-10.0,1,30.416491
-10.0,1,30.426063
-10.0,1,30.428169
10.0,1,30.430475
-10.0,1,30.431721
-10.0,1,30.437648
-10.0,1,30.438698
3.0,1,30.441034
10.0,1,30.443343
10.0,1,30.450194
-10.0,1,30.450194
-10.0,1,30.4522
-10.0,1,30.454205
-10.0,1,30.461178
-10.0,1,30.462183
-10.0,1,30.46333
10.0,1,30.465297
-10.0,1,30.472085
-10.0,1,30.473702
10.0,1,30.475707
-10.0,1,30.475707
-10.0,1,30.482552
-10.0,1,30.485406
-10.0,1,30.486602
10.0,1,30.490273
-10.0,1,30.499156
-10.0,1,30.500186
10.0,1,30.503451
-10.0,1,30.503451
-10.0,1,30.509641
-10.0,1,30.509641
-10.0,1,30.509641
-10.0,1,30.509641
-10.0,1,30.526242
-10.0,1,30.526242
-10.0,1,30.528244
10.0,1,30.531303
10.0,1,30.538689
-10.0,1,30.540353
-10.0,1,30.541859
-10.0,1,30.543262
-10.0,1,30.550317
-10.0,1,30.552322
10.0,1,30.554329
10.0,1,30.556335
-10.0,1,30.56324
-10.0,1,30.565245
-10.0,1,30.565245
-10.0,1,30.56725
-10.0,1,30.573524
-10.0,1,30.576277
10.0,1,30.579211
10.0,1,30.580747
-10.0,1,30.587557
-10.0,1,30.587557
-10.0,1,30.589303
-10.0,1,30.591308
-10.0,1,30.597841
-10.0,1,30.599846
10.0,1,30.601851
-10.0,1,30.603856
10.0,1,30.613836
-10.0,1,30.613836
-10.0,1,30.618246
-10.0,1,30.618246
-10.0,1,30.626204
-10.0,1,30.628209
-10.0,1,30.630214
-10.0,1,30.630214
10.0,1,30.637067
-10.0,1,30.637067
10.0,1,30.637067
-10.0,1,30.637067
-10.0,1,30.652234
-10.0,1,30.652234
-10.0,1,30.655372
-10.0,1,30.655372
-10.0,1,30.66499
-10.0,1,30.66499
10.0,1,30.67016
10.0,1,30.67016
-10.0,1,30.679418
10.0,1,30.681226
-10.0,1,30.681226
10.0,1,30.683733
10.0,1,30.691698
-10.0,1,30.693704
-10.0,1,30.695708
-10.0,1,30.697712
-10.0,1,30.7036
-10.0,1,30.704658
-10.0,1,30.704658
-10.0,1,30.707617
-10.0,1,30.714087
-10.0,1,30.715092
10.0,1,30.715092
-10.0,1,30.715092
-10.0,1,30.727898
-10.0,1,30.730939
-10.0,1,30.733054
10.0,1,30.733054
-10.0,1,30.741707
-10.0,1,30.741707
3.0,1,30.743712
-10.0,1,30.745717
-10.0,1,30.751583
-10.0,1,30.753068
-10.0,1,30.753068
-10.0,1,30.753068
-10.0,1,30.763878
-10.0,1,30.763878
-10.0,1,30.763878
-10.0,1,30.763878
-10.0,1,30.773358
10.0,1,30.774385
-10.0,1,30.776
-10.0,1,30.777909
-10.0,1,30.784606
10.0,1,30.786611
-10.0,1,30.786611
-10.0,1,30.788616
-10.0,1,30.796546
-10.0,1,30.797579
-10.0,1,30.80039
10.0,1,30.801459
-10.0,1,30.807673
10.0,1,30.811575
-10.0,1,30.811575
-10.0,1,30.813438
3.0,1,30.821371
-10.0,1,30.821371
-10.0,1,30.823379
10.0,1,30.825128
-10.0,1,30.835136
-10.0,1,30.836174
-10.0,1,30.837944
10.0,1,30.840939
-10.0,1,30.848208
-10.0,1,30.848208
-10.0,1,30.850715
-10.0,1,30.850715
3.0,1,30.858456
-10.0,1,30.860461
10.0,1,30.864473
-10.0,1,30.864473
-10.0,1,30.872196
-10.0,1,30.872196
-10.0,1,30.874202
-10.0,1,30.876207
-10.0,1,30.881624
-10.0,1,30.88363
-10.0,1,30.88363
10.0,1,30.88764
10.0,1,30.894471
-10.0,1,30.896476
10.0,1,30.898481
-10.0,1,30.898481
-10.0,1,30.906244
-10.0,1,30.908251
-10.0,1,30.910256
-10.0,1,30.910256
10.0,1,30.917367
3.0,1,30.919373
3.0,1,30.92138
10.0,1,30.92539
10.0,1,30.932992
-10.0,1,30.934997
10.0,1,30.934997
-10.0,1,30.934997
-10.0,1,30.947763
-10.0,1,30.947763
-10.0,1,30.950773
-10.0,1,30.950773
-10.0,1,30.958317
10.0,1,30.960323
10.0,1,30.962327
10.0,1,30.964332
-10.0,1,30.971144
-10.0,1,30.971144
-10.0,1,30.973149
10.0,1,30.975154
10.0,1,30.98378
-10.0,1,30.985785
-10.0,1,30.985785
-10.0,1,30.98779
-10.0,1,30.994606
-10.0,1,30.996757
-10.0,1,30.998875
-10.0,1,30.999941
-10.0,1,31.007124
3.0,1,31.009131
-10.0,1,31.011136
-10.0,1,31.011136
10.0,1,31.018706
-10.0,1,31.020712
-10.0,1,31.022717
-10.0,1,31.024722
-10.0,1,31.0318
-10.0,1,31.032875
-10.0,1,31.035467
-10.0,1,31.035467
10.0,1,31.047386
-10.0,1,31.049397
10.0,1,31.050903
-10.0,1,31.052908
-10.0,1,31.059715
-10.0,1,31.059715
-10.0,1,31.064796
10.0,1,31.066802
-10.0,1,31.074048
-10.0,1,31.075796
-10.0,1,31.077023
-10.0,1,31.078155
-10.0,1,31.086761
-10.0,1,31.088768
-10.0,1,31.090775
-10.0,1,31.09178
-10.0,1,31.097762
-10.0,1,31.099768
-10.0,1,31.099768
-10.0,1,31.101774
-10.0,1,31.107583
-10.0,1,31.107583
10.0,1,31.113168
-10.0,1,31.114192
-10.0,1,31.1206
-10.0,1,31.1206
10.0,1,31.12361
10.0,1,31.127622
-10.0,1,31.133965
-10.0,1,31.133965
-10.0,1,31.13597
-10.0,1,31.137976
-10.0,1,31.144119
-10.0,1,31.144119
-10.0,1,31.146124
10.0,1,31.148129
-10.0,1,31.159183
-10.0,1,31.160405
-10.0,1,31.163254
-10.0,1,31.163254
-10.0,1,31.170081
-10.0,1,31.170081
-10.0,1,31.170081
10.0,1,31.170081
-10.0,1,31.183408
-10.0,1,31.185285
10.0,1,31.187291
10.0,1,31.189296
-10.0,1,31.196296
-10.0,1,31.198302
-10.0,1,31.198302
-10.0,1,31.200307
-10.0,1,31.207485
10.0,1,31.209491
-10.0,1,31.211495
10.0,1,31.2135
-10.0,1,31.220753
10.0,1,31.222944
-10.0,1,31.222944
-10.0,1,31.222944
10.0,1,31.233303
-10.0,1,31.233303
10.0,1,31.235309
-10.0,1,31.237314
-10.0,1,31.244313
-10.0,1,31.244313
-10.0,1,31.24632
-10.0,1,31.248325
-10.0,1,31.254821
10.0,1,31.256826
-10.0,1,31.256826
-10.0,1,31.258831
10.0,1,31.271456
-10.0,1,31.271456
-10.0,1,31.273462
-10.0,1,31.273462
10.0,1,31.282652
-10.0,1,31.284423
-10.0,1,31.284423
10.0,1,31.286428
-10.0,1,31.295519
-10.0,1,31.295519
-10.0,1,31.297024
-10.0,1,31.29945
10.0,1,31.308064
-10.0,1,31.308064
10.0,1,31.310516
-10.0,1,31.313132
-10.0,1,31.319782
10.0,1,31.321787
10.0,1,31.323792
-10.0,1,31.325798
10.0,1,31.332803
-10.0,1,31.334808
10.0,1,31.33819
-10.0,1,31.339881
-10.0,1,31.346553
10.0,1,31.350567
-10.0,1,31.351573
10.0,1,31.35559
-10.0,1,31.361191
-10.0,1,31.363149
-10.0,1,31.363149
-10.0,1,31.366053
10.0,1,31.373583
-10.0,1,31.37841
-10.0,1,31.382522
10.0,1,31.384529
10.0,1,31.392989
-10.0,1,31.394994
-10.0,1,31.397003
-10.0,1,31.397003
10.0,1,31.40558
-10.0,1,31.406626
10.0,1,31.409866
10.0,1,31.411268
-10.0,1,31.419227
-10.0,1,31.419227
10.0,1,31.423481
-10.0,1,31.424488
-10.0,1,31.43358
10.0,1,31.435587
-10.0,1,31.437594
-10.0,1,31.440608
10.0,1,31.442616
10.0,1,31.442616
-10.0,1,31.451727
10.0,1,31.453486
10.0,1,31.462638
10.0,1,31.464643
10.0,1,31.468662
10.0,1,31.470669
-10.0,1,31.472417
-10.0,1,31.472417
3.0,1,31.472417
10.0,1,31.472417
10.0,1,31.488438
-10.0,1,31.488438
10.0,1,31.488438
-10.0,1,31.498343
-10.0,1,31.506626
-10.0,1,31.507726
-10.0,1,31.509589
-10.0,1,31.511024
-10.0,1,31.517721
3.0,1,31.517721
-10.0,1,31.519726
-10.0,1,31.521732
-10.0,1,31.527614
-10.0,1,31.529619
-10.0,1,31.529619
-10.0,1,31.531626
-10.0,1,31.539243
-10.0,1,31.540789
-10.0,1,31.542794
10.0,1,31.544799
-10.0,1,31.552025
10.0,1,31.554924
-10.0,1,31.554924
-10.0,1,31.554924
-10.0,1,31.565405
-10.0,1,31.569005
10.0,1,31.569005
10.0,1,31.573016
-10.0,1,31.580728
-10.0,1,31.582234
-10.0,1,31.585258
10.0,1,31.588619
-10.0,1,31.595951
-10.0,1,31.599239
-10.0,1,31.602013
-10.0,1,31.604017
-10.0,1,31.609921
-10.0,1,31.609921
10.0,1,31.611927
-10.0,1,31.613673
-10.0,1,31.620113
-10.0,1,31.622443
10.0,1,31.626477
-10.0,1,31.626477
-10.0,1,31.634357
10.0,1,31.636365
-10.0,1,31.638371
-10.0,1,31.638371
10.0,1,31.645338
10.0,1,31.645338
-10.0,1,31.645338
10.0,1,31.652179
-10.0,1,31.659175
10.0,1,31.661179
-10.0,1,31.664196
-10.0,1,31.665591
-10.0,1,31.674053
-10.0,1,31.674053
10.0,1,31.677063
10.0,1,31.679068
-10.0,1,31.687212
-10.0,1,31.687212
-10.0,1,31.687212
10.0,1,31.687212
-10.0,1,31.696733
-10.0,1,31.698014
-10.0,1,31.698014
3.0,1,31.698014
10.0,1,31.709966
-10.0,1,31.712772
-10.0,1,31.714778
-10.0,1,31.716783
-10.0,1,31.723199
-10.0,1,31.725712
-10.0,1,31.728822
-10.0,1,31.728822
10.0,1,31.736583
10.0,1,31.738588
10.0,1,31.742599
-10.0,1,31.742599
10.0,1,31.750733
-10.0,1,31.752241
-10.0,1,31.752744
10.0,1,31.752744
-10.0,1,31.762751
-10.0,1,31.764756
-10.0,1,31.766762
-10.0,1,31.766762
-10.0,1,31.773419
-10.0,1,31.776072
-10.0,1,31.777248
-10.0,1,31.777248
-10.0,1,31.785877
-10.0,1,31.785877
-10.0,1,31.787882
-10.0,1,31.787882
-10.0,1,31.798242
10.0,1,31.800247
10.0,1,31.802252
-10.0,1,31.803998
-10.0,1,31.810129
10.0,1,31.810129
10.0,1,31.810129
-10.0,1,31.810129
10.0,1,31.830968
10.0,1,31.833952
-10.0,1,31.833952
-10.0,1,31.835701
10.0,1,31.843631
-10.0,1,31.844695
10.0,1,31.847876
-10.0,1,31.849694
10.0,1,31.857231
-10.0,1,31.857231
10.0,1,31.85943
-10.0,1,31.86093
10.0,1,31.870028
-10.0,1,31.870028
-10.0,1,31.87291
10.0,1,31.875802
-10.0,1,31.883722
-10.0,1,31.885727
-10.0,1,31.885727
-10.0,1,31.887732
-10.0,1,31.89521
10.0,1,31.897216
-10.0,1,31.897216
-10.0,1,31.89922
-10.0,1,31.907228
10.0,1,31.908356
10.0,1,31.910362
-10.0,1,31.912367
-10.0,1,31.919423
-10.0,1,31.921429
-10.0,1,31.921429
-10.0,1,31.921429
-10.0,1,31.929707
-10.0,1,31.93122
3.0,1,31.936637
-10.0,1,31.938646
-10.0,1,31.946325
-10.0,1,31.94733
10.0,1,31.949338
10.0,1,31.952349
10.0,1,31.960015
10.0,1,31.963024
-10.0,1,31.963024
10.0,1,31.965444
10.0,1,31.973106
10.0,1,31.975111
-10.0,1,31.977118
-10.0,1,31.977118
-10.0,1,31.985074
10.0,1,31.987079
10.0,1,31.991089
10.0,1,31.993093
-10.0,1,31.999615
-10.0,1,32.00162
-10.0,1,32.003625
-10.0,1,32.00563
10.0,1,32.012579
10.0,1,32.012579
-10.0,1,32.012579
10.0,1,32.018605
10.0,1,32.026451
-10.0,1,32.026451
10.0,1,32.03213
10.0,1,32.034444
10.0,1,32.046428
-10.0,1,32.048733
-10.0,1,32.050738
-10.0,1,32.052243
10.0,1,32.060411
-10.0,1,32.062416
10.0,1,32.06442
10.0,1,32.066425
10.0,1,32.07426
-10.0,1,32.07426
-10.0,1,32.07426
-10.0,1,32.07426
-10.0,1,32.084972
-10.0,1,32.086977
-10.0,1,32.086977
-10.0,1,32.088982
-10.0,1,32.09727
-10.0,1,32.099276
-10.0,1,32.101281
10.0,1,32.103286
-10.0,1,32.112894
10.0,1,32.11484
-10.0,1,32.116847
-10.0,1,32.116847
10.0,1,32.125892
-10.0,1,32.127203
-10.0,1,32.128307
-10.0,1,32.128307
10.0,1,32.137085
-10.0,1,32.137085
-10.0,1,32.138894
-10.0,1,32.141099
-10.0,1,32.147133
-10.0,1,32.148399
10.0,1,32.151185
10.0,1,32.153702
-10.0,1,32.162668
10.0,1,32.164479
10.0,1,32.166485
10.0,1,32.171242
10.0,1,32.18033
10.0,1,32.182335
10.0,1,32.185944
-10.0,1,32.18788
10.0,1,32.194963
-10.0,1,32.194963
-10.0,1,32.197314
-10.0,1,32.198893
-10.0,1,32.205799
10.0,1,32.207805
-10.0,1,32.209809
-10.0,1,32.209809
-10.0,1,32.216181
-10.0,1,32.219321
-10.0,1,32.219321
-10.0,1,32.219321
-10.0,1,32.229426
-10.0,1,32.231431
10.0,1,32.233438
-10.0,1,32.235444
10.0,1,32.24349
10.0,1,32.245495
-10.0,1,32.245495
10.0,1,32.249247
-10.0,1,32.255906
-10.0,1,32.257912
10.0,1,32.259917
-10.0,1,32.259917
10.0,1,32.27076
10.0,1,32.27076
10.0,1,32.27076
-10.0,1,32.27076
10.0,1,32.281998
-10.0,1,32.284004
10.0,1,32.286009
-10.0,1,32.286009
-10.0,1,32.294557
-10.0,1,32.296382
10.0,1,32.298387
-10.0,1,32.300392
-10.0,1,32.309406
10.0,1,32.309406
-10.0,1,32.309406
-10.0,1,32.309406
-10.0,1,32.320509
10.0,1,32.322844
-10.0,1,32.322844
-10.0,1,32.325352
-10.0,1,32.331728
10.0,1,32.333733
-10.0,1,32.335738
10.0,1,32.337742
-10.0,1,32.344724
-10.0,1,32.344724
-10.0,1,32.34673
-10.0,1,32.348735
-10.0,1,32.356156
-10.0,1,32.357162
-10.0,1,32.359167
10.0,1,32.359167
-10.0,1,32.366869
-10.0,1,32.368875
-10.0,1,32.370881
-10.0,1,32.370881
10.0,1,32.383642
-10.0,1,32.383642
-10.0,1,32.383642
-10.0,1,32.387366
10.0,1,32.396872
-10.0,1,32.396872
-10.0,1,32.398877
10.0,1,32.400882
-10.0,1,32.408648
10.0,1,32.409681
-10.0,1,32.410817
-10.0,1,32.41459
-10.0,1,32.42166
-10.0,1,32.42166
-10.0,1,32.424296
10.0,1,32.426301
-10.0,1,32.433724
-10.0,1,32.43474
-10.0,1,32.43474
-10.0,1,32.436487
-10.0,1,32.445429
-10.0,1,32.447434
-10.0,1,32.447434
10.0,1,32.449439
-10.0,1,32.456954
-10.0,1,32.458149
-10.0,1,32.458149
-10.0,1,32.461
-10.0,1,32.468194
10.0,1,32.4702
10.0,1,32.474211
-10.0,1,32.474211
-10.0,1,32.482455
-10.0,1,32.485806
-10.0,1,32.485806
-10.0,1,32.485806
10.0,1,32.497274
10.0,1,32.499196
10.0,1,32.501294
-10.0,1,32.503624
-10.0,1,32.510058
-10.0,1,32.511912
-10.0,1,32.512959
10.0,1,32.512959
-10.0,1,32.522002
-10.0,1,32.524006
10.0,1,32.526011
-10.0,1,32.526011
-10.0,1,32.532085
-10.0,1,32.534472
-10.0,1,32.536111
-10.0,1,32.538167
-10.0,1,32.54728
-10.0,1,32.54728
-10.0,1,32.549287
10.0,1,32.551292
10.0,1,32.559025
-10.0,1,32.560055
10.0,1,32.56413
-10.0,1,32.56413
-10.0,1,32.571086
-10.0,1,32.572419
10.0,1,32.572419
-10.0,1,32.572419
-10.0,1,32.583537
-10.0,1,32.584969
-10.0,1,32.584969
10.0,1,32.589167
-10.0,1,32.595882
-10.0,1,32.595882
-10.0,1,32.595882
-10.0,1,32.595882
10.0,1,32.610587
-10.0,1,32.612593
10.0,1,32.614599
-10.0,1,32.614599
-10.0,1,32.623849
-10.0,1,32.623849
-10.0,1,32.627331
-10.0,1,32.627331
10.0,1,32.637803
10.0,1,32.637803
-10.0,1,32.639808
-10.0,1,32.641815
10.0,1,32.650628
-10.0,1,32.650628
-10.0,1,32.652633
-10.0,1,32.652633
-10.0,1,32.660063
-10.0,1,32.661104
-10.0,1,32.661104
-10.0,1,32.661104
-10.0,1,32.671504
10.0,1,32.67351
-10.0,1,32.675515
-10.0,1,32.675515
-10.0,1,32.682737
-10.0,1,32.685863
-10.0,1,32.685863
-10.0,1,32.685863
-10.0,1,32.694623
10.0,1,32.696628
10.0,1,32.698633
-10.0,1,32.700639
-10.0,1,32.709699
10.0,1,32.712824
-10.0,1,32.713949
-10.0,1,32.713949
-10.0,1,32.721473
-10.0,1,32.723479
-10.0,1,32.725484
-10.0,1,32.725484
10.0,1,32.734994
-10.0,1,32.734994
-10.0,1,32.736999
-10.0,1,32.739004
-10.0,1,32.744839
10.0,1,32.748771
10.0,1,32.7517
10.0,1,32.752706
-10.0,1,32.76042
-10.0,1,32.762425
10.0,1,32.76443
-10.0,1,32.76443
-10.0,1,32.771942
-10.0,1,32.771942
10.0,1,32.773948
-10.0,1,32.775954
10.0,1,32.783465
-10.0,1,32.785766
-10.0,1,32.785766
-10.0,1,32.785766
10.0,1,32.79663
10.0,1,32.798451
-10.0,1,32.800203
10.0,1,32.802428
-10.0,1,32.808979
10.0,1,32.811624
10.0,1,32.811624
10.0,1,32.815556
-10.0,1,32.824278
10.0,1,32.826283
10.0,1,32.828289
-10.0,1,32.830294
10.0,1,32.837114
-10.0,1,32.83912
-10.0,1,32.841126
-10.0,1,32.843131
-10.0,1,32.847047
-10.0,1,32.847047
-10.0,1,32.852997
-10.0,1,32.852997
10.0,1,32.863084
-10.0,1,32.86509
-10.0,1,32.867097
10.0,1,32.869102
-10.0,1,32.876088
-10.0,1,32.876088
-10.0,1,32.878095
10.0,1,32.8813
-10.0,1,32.885087
-10.0,1,32.885087
10.0,1,32.885087
-10.0,1,32.885087
-10.0,1,32.899606
-10.0,1,32.899606
10.0,1,32.901859
10.0,1,32.903864
-10.0,1,32.910702
10.0,1,32.914539
10.0,1,32.917128
-10.0,1,32.917128
10.0,1,32.925801
-10.0,1,32.928091
-10.0,1,32.930096
-10.0,1,32.930096
-10.0,1,32.939386
-10.0,1,32.941392
10.0,1,32.942897
10.0,1,32.944906
-10.0,1,32.950951
-10.0,1,32.952965
-10.0,1,32.954644
10.0,1,32.955706
10.0,1,32.964447
-10.0,1,32.966452
-10.0,1,32.968457
-10.0,1,32.968457
-10.0,1,32.977634
-10.0,1,32.979524
-10.0,1,32.979524
-10.0,1,32.981529
10.0,1,32.988495
-10.0,1,32.990241
3.0,1,32.990241
-10.0,1,32.992437
-10.0,1,32.999641
-10.0,1,33.001647
10.0,1,33.003651
-10.0,1,33.003651
3.0,1,33.011178
-10.0,1,33.013184
-10.0,1,33.015189
3.0,1,33.017195
-10.0,1,33.024964
-10.0,1,33.026969
-10.0,1,33.028974
-10.0,1,33.028974
-10.0,1,33.035389
-10.0,1,33.038796
10.0,1,33.043005
-10.0,1,33.043005
-10.0,1,33.049726
-10.0,1,33.049726
-10.0,1,33.053007
-10.0,1,33.053007
-10.0,1,33.062649
10.0,1,33.064654
10.0,1,33.066658
-10.0,1,33.068663
-10.0,1,33.076023
-10.0,1,33.077857
-10.0,1,33.077857
3.0,1,33.079862
-10.0,1,33.087793
10.0,1,33.090828
10.0,1,33.092834
10.0,1,33.094838
10.0,1,33.10189
-10.0,1,33.103895
-10.0,1,33.105901
-10.0,1,33.105901
-10.0,1,33.114129
10.0,1,33.116917
10.0,1,33.119229
-10.0,1,33.119229
-10.0,1,33.126853
-10.0,1,33.128857
-10.0,1,33.128857
-10.0,1,33.128857
-10.0,1,33.13788
-10.0,1,33.139285
-10.0,1,33.139285
10.0,1,33.14466
10.0,1,33.156212
-10.0,1,33.156212
-10.0,1,33.158743
-10.0,1,33.158743
-10.0,1,33.167018
-10.0,1,33.169024
-10.0,1,33.171028
10.0,1,33.173033
10.0,1,33.182329
-10.0,1,33.182329
-10.0,1,33.184335
10.0,1,33.18634
10.0,1,33.193961
10.0,1,33.195967
-10.0,1,33.197973
-10.0,1,33.197973
-10.0,1,33.206097
10.0,1,33.209848
-10.0,1,33.209848
-10.0,1,33.211855
-10.0,1,33.218021
10.0,1,33.219047
-10.0,1,33.219047
10.0,1,33.223924
10.0,1,33.230231
-10.0,1,33.232236
-10.0,1,33.234241
-10.0,1,33.234241
-10.0,1,33.241781
-10.0,1,33.241781
10.0,1,33.243788
10.0,1,33.245793
-10.0,1,33.252937
-10.0,1,33.254942
-10.0,1,33.254942
-10.0,1,33.259103
10.0,1,33.270587
10.0,1,33.272593
10.0,1,33.2746
-10.0,1,33.276605
10.0,1,33.283961
-10.0,1,33.285228
-10.0,1,33.285228
-10.0,1,33.288236
-10.0,1,33.295608
-10.0,1,33.295608
-10.0,1,33.295608
-10.0,1,33.295608
-10.0,1,33.306067
-10.0,1,33.306067
-10.0,1,33.308072
10.0,1,33.310077
10.0,1,33.316844
10.0,1,33.319856
-10.0,1,33.321861
-10.0,1,33.323867
-10.0,1,33.329778
-10.0,1,33.332285
-10.0,1,33.332285
-10.0,1,33.335792
10.0,1,33.343093
-10.0,1,33.345099
-10.0,1,33.347105
10.0,1,33.34911
-10.0,1,33.356644
-10.0,1,33.358649
-10.0,1,33.358649
-10.0,1,33.360655
10.0,1,33.371459
-10.0,1,33.373465
-10.0,1,33.375472
10.0,1,33.377476
-10.0,1,33.386815
-10.0,1,33.387854
-10.0,1,33.389496
-10.0,1,33.389496
-10.0,1,33.397402
-10.0,1,33.397402
-10.0,1,33.399174
10.0,1,33.399174
10.0,1,33.409982
-10.0,1,33.409982
10.0,1,33.414915
-10.0,1,33.416131
-10.0,1,33.423569
-10.0,1,33.425575
10.0,1,33.42758
10.0,1,33.43059
-10.0,1,33.441297
-10.0,1,33.443301
-10.0,1,33.445306
10.0,1,33.446311
-10.0,1,33.454293
10.0,1,33.456299
10.0,1,33.458303
10.0,1,33.460308
3.0,1,33.468125
10.0,1,33.468125
-10.0,1,33.468125
-10.0,1,33.468125
-10.0,1,33.48453
10.0,1,33.486536
10.0,1,33.488541
-10.0,1,33.490546
-10.0,1,33.496496
-10.0,1,33.498162
-10.0,1,33.498162
10.0,1,33.501391
10.0,1,33.509584
-10.0,1,33.511589
10.0,1,33.515599
-10.0,1,33.517604
10.0,1,33.524339
-10.0,1,33.525908
-10.0,1,33.528857
-10.0,1,33.528857
-10.0,1,33.536324
-10.0,1,33.538329
-10.0,1,33.538329
-10.0,1,33.541339
-10.0,1,33.549079
10.0,1,33.551085
10.0,1,33.55359
-10.0,1,33.555595
10.0,1,33.561943
10.0,1,33.565953
-10.0,1,33.565953
10.0,1,33.567958
10.0,1,33.577435
-10.0,1,33.577435
-10.0,1,33.57944
-10.0,1,33.581445
-10.0,1,33.589195
-10.0,1,33.593625
10.0,1,33.59563
-10.0,1,33.597636
10.0,1,33.606896
-10.0,1,33.606896
10.0,1,33.610145
10.0,1,33.613768
-10.0,1,33.620292
-10.0,1,33.621297
-10.0,1,33.623053
-10.0,1,33.623053
-10.0,1,33.631495
-10.0,1,33.633501
-10.0,1,33.633501
-10.0,1,33.635506
-10.0,1,33.642821
10.0,1,33.643937
10.0,1,33.648177
10.0,1,33.650702
10.0,1,33.658525
-10.0,1,33.66053
-10.0,1,33.662535
-10.0,1,33.662535
-10.0,1,33.669001
-10.0,1,33.671097
10.0,1,33.673456
-10.0,1,33.673456
-10.0,1,33.681846
-10.0,1,33.681846
-10.0,1,33.681846
-10.0,1,33.684854
-10.0,1,33.69329
-10.0,1,33.695296
-10.0,1,33.6973
10.0,1,33.699305
-10.0,1,33.708254
10.0,1,33.712266
-10.0,1,33.712266
-10.0,1,33.714271
-10.0,1,33.717683
10.0,1,33.725204
10.0,1,33.725204
-10.0,1,33.727481
-10.0,1,33.735426
10.0,1,33.737308
10.0,1,33.739313
10.0,1,33.741318
-10.0,1,33.74999
10.0,1,33.752607
-10.0,1,33.753616
-10.0,1,33.755222
-10.0,1,33.762467
10.0,1,33.766221
-10.0,1,33.766221
-10.0,1,33.768225
-10.0,1,33.775892
10.0,1,33.7792
10.0,1,33.781634
-10.0,1,33.781634
10.0,1,33.789206
3.0,1,33.791214
-10.0,1,33.793219
10.0,1,33.795223
3.0,1,33.80191
10.0,1,33.805921
10.0,1,33.807925
10.0,1,33.80993
10.0,1,33.819474
10.0,1,33.821129
10.0,1,33.821129
10.0,1,33.826965
-10.0,1,33.833153
10.0,1,33.835159
-10.0,1,33.835159
10.0,1,33.837164
10.0,1,33.846426
-10.0,1,33.848432
-10.0,1,33.850437
10.0,1,33.853447
-10.0,1,33.860613
-10.0,1,33.862534
10.0,1,33.864539
-10.0,1,33.864539
-10.0,1,33.87151
10.0,1,33.873516
-10.0,1,33.875262
-10.0,1,33.877269
10.0,1,33.88631
-10.0,1,33.88631
-10.0,1,33.88631
-10.0,1,33.88631
-10.0,1,33.897628
-10.0,1,33.899634
-10.0,1,33.901639
-10.0,1,33.901639
10.0,1,33.909163
10.0,1,33.911168
-10.0,1,33.913173
-10.0,1,33.915178
-10.0,1,33.921727
-10.0,1,33.92383
10.0,1,33.928663
-10.0,1,33.928663
-10.0,1,33.936774
10.0,1,33.939816
10.0,1,33.941823
10.0,1,33.945405
-10.0,1,33.95354
-10.0,1,33.954554
10.0,1,33.957453
-10.0,1,33.957453
3.0,1,33.965446
-10.0,1,33.967452
10.0,1,33.970462
10.0,1,33.972467
10.0,1,33.979778
10.0,1,33.983788
-10.0,1,33.983788
10.0,1,33.985793
-10.0,1,33.994448
10.0,1,33.997753
-10.0,1,33.99894
10.0,1,34.000153
-10.0,1,34.007367
10.0,1,34.009373
10.0,1,34.013384
10.0,1,34.015389
10.0,1,34.023146
-10.0,1,34.025152
-10.0,1,34.025152
-10.0,1,34.027156
-10.0,1,34.03535
-10.0,1,34.03854
10.0,1,34.041064
10.0,1,34.041572
-10.0,1,34.051052
10.0,1,34.053569
-10.0,1,34.053569
-10.0,1,34.053569
-10.0,1,34.0627
-10.0,1,34.064704
-10.0,1,34.066293
10.0,1,34.068295
-10.0,1,34.073886
10.0,1,34.077815
-10.0,1,34.077815
-10.0,1,34.080825
-10.0,1,34.08747
-10.0,1,34.089476
10.0,1,34.09148
-10.0,1,34.09148
-10.0,1,34.099961
-10.0,1,34.101966
-10.0,1,34.101966
-10.0,1,34.103971
10.0,1,34.111835
10.0,1,34.115197
10.0,1,34.115197
10.0,1,34.118929
10.0,1,34.125272
10.0,1,34.128781
-10.0,1,34.130788
10.0,1,34.132793
-10.0,1,34.140939
-10.0,1,34.142808
-10.0,1,34.146775
-10.0,1,34.146775
10.0,1,34.157483
-10.0,1,34.160493
-10.0,1,34.160493
-10.0,1,34.162498
3.0,1,34.17004
10.0,1,34.172045
-10.0,1,34.174051
-10.0,1,34.176056
10.0,1,34.183767
10.0,1,34.186782
-10.0,1,34.186782
10.0,1,34.19008
10.0,1,34.198181
10.0,1,34.198181
10.0,1,34.198181
-10.0,1,34.198181
10.0,1,34.211747
-10.0,1,34.211747
-10.0,1,34.213752
10.0,1,34.215757
10.0,1,34.223185
-10.0,1,34.225191
10.0,1,34.227196
10.0,1,34.231207
-10.0,1,34.23715
-10.0,1,34.238897
-10.0,1,34.238897
-10.0,1,34.240904
-10.0,1,34.247228
10.0,1,34.249234
-10.0,1,34.251239
-10.0,1,34.251239
10.0,1,34.263727
10.0,1,34.265732
-10.0,1,34.267737
10.0,1,34.269742
-10.0,1,34.275841
-10.0,1,34.275841
10.0,1,34.277848
10.0,1,34.281858
-10.0,1,34.286811
-10.0,1,34.289076
-10.0,1,34.289076
-10.0,1,34.289076
10.0,1,34.299078
-10.0,1,34.301084
10.0,1,34.30283
10.0,1,34.304835
-10.0,1,34.313579
-10.0,1,34.314644
10.0,1,34.316202
10.0,1,34.31936
-10.0,1,34.325527
-10.0,1,34.327532
-10.0,1,34.327532
-10.0,1,34.329537
10.0,1,34.338343
-10.0,1,34.340352
10.0,1,34.342359
-10.0,1,34.342359
-10.0,1,34.349986
10.0,1,34.351995
-10.0,1,34.354001
10.0,1,34.356007
-10.0,1,34.365033
10.0,1,34.366038
-10.0,1,34.366038
-10.0,1,34.372745
-10.0,1,34.380251
10.0,1,34.38131
10.0,1,34.384244
-10.0,1,34.384244
10.0,1,34.393057
10.0,1,34.393057
-10.0,1,34.395871
-10.0,1,34.397406
10.0,1,34.40667
-10.0,1,34.40667
10.0,1,34.40667
-10.0,1,34.409974
-10.0,1,34.418036
10.0,1,34.420039
-10.0,1,34.423285
-10.0,1,34.425291
10.0,1,34.432295
-10.0,1,34.4343
-10.0,1,34.4343
10.0,1,34.43831
-10.0,1,34.447017
-10.0,1,34.449022
-10.0,1,34.449022
-10.0,1,34.451028
-10.0,1,34.459019
-10.0,1,34.461056
10.0,1,34.462115
10.0,1,34.462115
-10.0,1,34.470071
10.0,1,34.472076
-10.0,1,34.474081
10.0,1,34.476086
-10.0,1,34.485449
-10.0,1,34.487455
-10.0,1,34.487455
-10.0,1,34.48946
-10.0,1,34.496954
-10.0,1,34.496954
-10.0,1,34.500966
-10.0,1,34.502971
10.0,1,34.509141
-10.0,1,34.511147
-10.0,1,34.513152
10.0,1,34.517164
-10.0,1,34.526171
10.0,1,34.529959
-10.0,1,34.529959
-10.0,1,34.531965
-10.0,1,34.540119
10.0,1,34.542125
-10.0,1,34.544133
-10.0,1,34.546139
10.0,1,34.554012
-10.0,1,34.555758
-10.0,1,34.555758
10.0,1,34.557763
3.0,1,34.566374
10.0,1,34.569062
-10.0,1,34.569062
-10.0,1,34.57157
-10.0,1,34.579191
-10.0,1,34.579191
-10.0,1,34.579191
-10.0,1,34.583449
-10.0,1,34.593162
-10.0,1,34.593162
-10.0,1,34.595167
-10.0,1,34.597172
-10.0,1,34.603534
10.0,1,34.604862
10.0,1,34.607039
-10.0,1,34.608438
-10.0,1,34.616199
-10.0,1,34.618302
-10.0,1,34.620694
-10.0,1,34.620694
-10.0,1,34.627849
-10.0,1,34.629855
-10.0,1,34.631859
-10.0,1,34.631859
10.0,1,34.640201
10.0,1,34.643236
10.0,1,34.643236
-10.0,1,34.643236
10.0,1,34.653898
-10.0,1,34.654902
10.0,1,34.657743
-10.0,1,34.657743
10.0,1,34.665382
-10.0,1,34.667128
-10.0,1,34.669134
10.0,1,34.671139
-10.0,1,34.678909
-10.0,1,34.680223
-10.0,1,34.680223
-10.0,1,34.683236
-10.0,1,34.691529
-10.0,1,34.69403
-10.0,1,34.69403
10.0,1,34.697751
10.0,1,34.706486
3.0,1,34.708492
10.0,1,34.710497
-10.0,1,34.712503
-10.0,1,34.719609
-10.0,1,34.721615
-10.0,1,34.72362
10.0,1,34.725626
-10.0,1,34.732683
10.0,1,34.734689
-10.0,1,34.736694
-10.0,1,34.738699
10.0,1,34.746362
-10.0,1,34.748369
-10.0,1,34.748369
-10.0,1,34.752379
-10.0,1,34.757968
10.0,1,34.761479
10.0,1,34.763571
-10.0,1,34.763571
-10.0,1,34.771632
-10.0,1,34.773637
10.0,1,34.775642
10.0,1,34.777647
10.0,1,34.78648
-10.0,1,34.78648
-10.0,1,34.78648
-10.0,1,34.790079
10.0,1,34.796787
10.0,1,34.798792
10.0,1,34.800798
-10.0,1,34.802803
10.0,1,34.814096
-10.0,1,34.814096
10.0,1,34.81743
-10.0,1,34.81743
-10.0,1,34.82562
-10.0,1,34.827627
10.0,1,34.829632
10.0,1,34.831638
-10.0,1,34.839564
-10.0,1,34.841311
-10.0,1,34.842968
-10.0,1,34.842968
-10.0,1,34.851816
-10.0,1,34.853863
-10.0,1,34.854867
10.0,1,34.858222
-10.0,1,34.864498
10.0,1,34.866503
-10.0,1,34.868508
-10.0,1,34.868508
-10.0,1,34.878911
-10.0,1,34.878911
-10.0,1,34.880917
-10.0,1,34.882922
10.0,1,34.890314
-10.0,1,34.890314
10.0,1,34.893245
-10.0,1,34.894666
-10.0,1,34.90367
-10.0,1,34.905205
-10.0,1,34.907212
-10.0,1,34.907212
-10.0,1,34.915163
-10.0,1,34.917169
-10.0,1,34.917169
-10.0,1,34.919174
-10.0,1,34.928351
-10.0,1,34.930357
-10.0,1,34.930357
3.0,1,34.932362
-10.0,1,34.939517
10.0,1,34.943739
-10.0,1,34.943739
3.0,1,34.946058
-10.0,1,34.954738
-10.0,1,34.956744
-10.0,1,34.956744
-10.0,1,34.958751
10.0,1,34.965657
-10.0,1,34.968668
-10.0,1,34.968668
-10.0,1,34.970673
10.0,1,34.977329
-10.0,1,34.979335
-10.0,1,34.981341
10.0,1,34.984351
-10.0,1,34.99269
10.0,1,34.99269
-10.0,1,34.996554
10.0,1,34.999367
-10.0,1,35.006173
10.0,1,35.008178
10.0,1,35.010184
-10.0,1,35.012189
-10.0,1,35.019152
10.0,1,35.021158
-10.0,1,35.023166
10.0,1,35.025171
10.0,1,35.032984
-10.0,1,35.032984
-10.0,1,35.032984
-10.0,1,35.032984
10.0,1,35.04858
-10.0,1,35.04858
-10.0,1,35.050585
10.0,1,35.052591
-10.0,1,35.058818
-10.0,1,35.060824
-10.0,1,35.062829
-10.0,1,35.064575
-10.0,1,35.070342
-10.0,1,35.072348
-10.0,1,35.072348
10.0,1,35.074353
-10.0,1,35.082236
-10.0,1,35.084242
-10.0,1,35.084242
3.0,1,35.086247
10.0,1,35.098884
10.0,1,35.098884
10.0,1,35.101905
-10.0,1,35.104997
10.0,1,35.113798
-10.0,1,35.113798
10.0,1,35.117972
-10.0,1,35.117972
-10.0,1,35.126211
-10.0,1,35.129788
-10.0,1,35.129788
3.0,1,35.131794
10.0,1,35.141098
-10.0,1,35.142102
-10.0,1,35.147954
10.0,1,35.150302
10.0,1,35.158791
-10.0,1,35.160796
10.0,1,35.162801
-10.0,1,35.162801
-10.0,1,35.170026
-10.0,1,35.171801
10.0,1,35.173539
-10.0,1,35.175546
10.0,1,35.183987
-10.0,1,35.183987
-10.0,1,35.185992
-10.0,1,35.187997
-10.0,1,35.194638
-10.0,1,35.196643
-10.0,1,35.198647
10.0,1,35.200657
-10.0,1,35.207705
-10.0,1,35.210901
-10.0,1,35.210901
-10.0,1,35.21296
-10.0,1,35.21938
10.0,1,35.221385
-10.0,1,35.223392
-10.0,1,35.223392
10.0,1,35.231969
-10.0,1,35.231969
3.0,1,35.234575
-10.0,1,35.234575
-10.0,1,35.24293
-10.0,1,35.244937
-10.0,1,35.244937
-10.0,1,35.246942
-10.0,1,35.25825
10.0,1,35.25825
10.0,1,35.26397
-10.0,1,35.26397
10.0,1,35.271244
-10.0,1,35.273249
10.0,1,35.275254
10.0,1,35.27726
-10.0,1,35.285189
-10.0,1,35.287194
10.0,1,35.289199
-10.0,1,35.291204
-10.0,1,35.297025
-10.0,1,35.298747
-10.0,1,35.301256
-10.0,1,35.301256
10.0,1,35.309084
10.0,1,35.313095
-10.0,1,35.313095
-10.0,1,35.3151
10.0,1,35.323287
-10.0,1,35.325293
10.0,1,35.327299
-10.0,1,35.329303
-10.0,1,35.336959
-10.0,1,35.338175
-10.0,1,35.338175
-10.0,1,35.338175
10.0,1,35.348884
10.0,1,35.350892
3.0,1,35.353902
-10.0,1,35.355907
10.0,1,35.361875
-10.0,1,35.364885
-10.0,1,35.369108
-10.0,1,35.371114
-10.0,1,35.377685
-10.0,1,35.379691
-10.0,1,35.380696
10.0,1,35.382704
-10.0,1,35.390762
10.0,1,35.392768
-10.0,1,35.394773
-10.0,1,35.39652
-10.0,1,35.403969
-10.0,1,35.405007
-10.0,1,35.406667
-10.0,1,35.406667
-10.0,1,35.415782
10.0,1,35.417789
-10.0,1,35.417789
10.0,1,35.417789
-10.0,1,35.428643
-10.0,1,35.43065
-10.0,1,35.43065
-10.0,1,35.432655
-10.0,1,35.438406
-10.0,1,35.440235
10.0,1,35.440235
-10.0,1,35.443323
-10.0,1,35.449796
10.0,1,35.453147
-10.0,1,35.453147
-10.0,1,35.454154
-10.0,1,35.460357
-10.0,1,35.462071
-10.0,1,35.463934
-10.0,1,35.465718
-10.0,1,35.474854
-10.0,1,35.475859
10.0,1,35.475859
-10.0,1,35.482497
-10.0,1,35.489471
-10.0,1,35.491253
-10.0,1,35.492606
-10.0,1,35.494952
-10.0,1,35.502548
10.0,1,35.504553
-10.0,1,35.506559
10.0,1,35.508565
10.0,1,35.516392
-10.0,1,35.518399
-10.0,1,35.520405
10.0,1,35.520405
-10.0,1,35.528164
10.0,1,35.53017
-10.0,1,35.532175
-10.0,1,35.532175
10.0,1,35.538116
10.0,1,35.541399
-10.0,1,35.54285
-10.0,1,35.54285
-10.0,1,35.552299
-10.0,1,35.554304
-10.0,1,35.554304
-10.0,1,35.55631
-10.0,1,35.563965
-10.0,1,35.565971
-10.0,1,35.565971
-10.0,1,35.567977
-10.0,1,35.574881
-10.0,1,35.576887
10.0,1,35.576887
10.0,1,35.580898
-10.0,1,35.586507
10.0,1,35.594095
-10.0,1,35.594095
-10.0,1,35.599685
10.0,1,35.606349
-10.0,1,35.608355
10.0,1,35.610362
10.0,1,35.614375
10.0,1,35.622783
-10.0,1,35.622783
-10.0,1,35.624791
10.0,1,35.626799
10.0,1,35.636148
-10.0,1,35.636148
-10.0,1,35.638155
10.0,1,35.640162
-10.0,1,35.65011
-10.0,1,35.651156
10.0,1,35.654669
-10.0,1,35.656674
10.0,1,35.664838
-10.0,1,35.664838
-10.0,1,35.666845
-10.0,1,35.66885
-10.0,1,35.675241
-10.0,1,35.677247
10.0,1,35.679253
10.0,1,35.680758
-10.0,1,35.687521
10.0,1,35.690169
3.0,1,35.690169
-10.0,1,35.693315
10.0,1,35.704975
-10.0,1,35.706087
-10.0,1,35.707433
-10.0,1,35.707433
10.0,1,35.717316
10.0,1,35.719322
-10.0,1,35.721328
-10.0,1,35.721328
-10.0,1,35.728256
3.0,1,35.728256
3.0,1,35.733382
10.0,1,35.736926
-10.0,1,35.744253
3.0,1,35.74536
-10.0,1,35.747367
-10.0,1,35.749374
10.0,1,35.756054
-10.0,1,35.75806
10.0,1,35.760067
-10.0,1,35.762074
10.0,1,35.771738
10.0,1,35.773744
-10.0,1,35.773744
-10.0,1,35.77575
-10.0,1,35.783673
-10.0,1,35.785059
-10.0,1,35.787243
-10.0,1,35.788265
-10.0,1,35.79569
-10.0,1,35.79569
-10.0,1,35.79941
-10.0,1,35.800625
3.0,1,35.811266
-10.0,1,35.811266
-10.0,1,35.814059
-10.0,1,35.815364
10.0,1,35.824923
-10.0,1,35.824923
10.0,1,35.828935
10.0,1,35.830941
-10.0,1,35.836921
-10.0,1,35.838667
10.0,1,35.842683
-10.0,1,35.842683
-10.0,1,35.850865
-10.0,1,35.851882
10.0,1,35.853888
10.0,1,35.856899
-10.0,1,35.863423
-10.0,1,35.863423
10.0,1,35.867437
10.0,1,35.869442
10.0,1,35.878348
10.0,1,35.880354
10.0,1,35.88236
-10.0,1,35.884366
-10.0,1,35.891245
-10.0,1,35.893251
-10.0,1,35.893251
-10.0,1,35.895257
10.0,1,35.901389
-10.0,1,35.906039
-10.0,1,35.907752
-10.0,1,35.907752
-10.0,1,35.915682
10.0,1,35.917429
-10.0,1,35.920879
-10.0,1,35.923173
-10.0,1,35.931556
10.0,1,35.933303
-10.0,1,35.93531
-10.0,1,35.937317
-10.0,1,35.945937
-10.0,1,35.945937
10.0,1,35.949354
-10.0,1,35.949354
-10.0,1,35.957986
-10.0,1,35.960571
-10.0,1,35.960571
-10.0,1,35.962125
10.0,1,35.97192
10.0,1,35.973927
-10.0,1,35.973927
10.0,1,35.977938
10.0,1,35.984561
-10.0,1,35.988681
10.0,1,35.990956
10.0,1,35.99361
-10.0,1,36.000526
-10.0,1,36.001691
-10.0,1,36.005702
10.0,1,36.007706
10.0,1,36.017534
-10.0,1,36.019538
10.0,1,36.021542
-10.0,1,36.023548
10.0,1,36.035129
-10.0,1,36.035129
10.0,1,36.037134
-10.0,1,36.03914
-10.0,1,36.046018
3.0,1,36.049052
-10.0,1,36.051058
-10.0,1,36.051058
-10.0,1,36.059736
-10.0,1,36.060741
-10.0,1,36.062747
-10.0,1,36.064752
-10.0,1,36.071035
-10.0,1,36.073992
-10.0,1,36.073992
10.0,1,36.075998
-10.0,1,36.083971
-10.0,1,36.085976
-10.0,1,36.087981
-10.0,1,36.089986
10.0,1,36.09878
10.0,1,36.100786
-10.0,1,36.100786
-10.0,1,36.102791
-10.0,1,36.110286
-10.0,1,36.110286
10.0,1,36.114599
10.0,1,36.116604
10.0,1,36.124934
-10.0,1,36.124934
10.0,1,36.124934
-10.0,1,36.124934
10.0,1,36.136188
-10.0,1,36.138195
-10.0,1,36.141088
-10.0,1,36.144659
10.0,1,36.155217
-10.0,1,36.157223
-10.0,1,36.157223
-10.0,1,36.159228
-10.0,1,36.166591
-10.0,1,36.167645
-10.0,1,36.169651
-10.0,1,36.171156
-10.0,1,36.173162
10.0,1,36.173162
10.0,1,36.173162
-10.0,1,36.173162
10.0,1,36.193008
-10.0,1,36.195013
-10.0,1,36.195013
-10.0,1,36.199021
-10.0,1,36.205495
10.0,1,36.2075
10.0,1,36.209505
-10.0,1,36.211511
-10.0,1,36.220898
10.0,1,36.222903
-10.0,1,36.222903
-10.0,1,36.224908
-10.0,1,36.233016
-10.0,1,36.234762
10.0,1,36.236768
10.0,1,36.238774
-10.0,1,36.24615
-10.0,1,36.248337
-10.0,1,36.248337
10.0,1,36.255193
-10.0,1,36.262273
10.0,1,36.264279
-10.0,1,36.266026
10.0,1,36.268033
-10.0,1,36.27583
10.0,1,36.278124
-10.0,1,36.279351
-10.0,1,36.281956
10.0,1,36.290333
-10.0,1,36.291513
-10.0,1,36.293729
-10.0,1,36.295069
-10.0,1,36.300195
-10.0,1,36.300195
-10.0,1,36.300195
-10.0,1,36.300195
10.0,1,36.313755
-10.0,1,36.314941
10.0,1,36.316946
-10.0,1,36.318952
10.0,1,36.327436
-10.0,1,36.32859
10.0,1,36.329699
10.0,1,36.331363
10.0,1,36.339507
-10.0,1,36.341513
-10.0,1,36.343519
-10.0,1,36.345526
-10.0,1,36.352414
10.0,1,36.355427
-10.0,1,36.355427
-10.0,1,36.359777
10.0,1,36.369
-10.0,1,36.371006
-10.0,1,36.371006
-10.0,1,36.375016
-10.0,1,36.381956
10.0,1,36.385193
-10.0,1,36.385193
-10.0,1,36.38741
-10.0,1,36.394157
-10.0,1,36.396164
10.0,1,36.400175
10.0,1,36.402181
-10.0,1,36.410171
10.0,1,36.412176
-10.0,1,36.412176
10.0,1,36.416189
10.0,1,36.424533
10.0,1,36.424533
3.0,1,36.427493
-10.0,1,36.430091
-10.0,1,36.43629
-10.0,1,36.437516
-10.0,1,36.438814
10.0,1,36.440559
-10.0,1,36.447219
-10.0,1,36.447219
-10.0,1,36.449225
-10.0,1,36.451232
-10.0,1,36.458164
-10.0,1,36.460171
-10.0,1,36.460171
10.0,1,36.462177
10.0,1,36.472091
10.0,1,36.475486
-10.0,1,36.479073
-10.0,1,36.480907
-10.0,1,36.487327
-10.0,1,36.489788
-10.0,1,36.490882
10.0,1,36.494125
10.0,1,36.503134
-10.0,1,36.50514
-10.0,1,36.507145
10.0,1,36.50915
-10.0,1,36.5159
-10.0,1,36.518166
-10.0,1,36.51917
10.0,1,36.521384
-10.0,1,36.529043
10.0,1,36.530179
-10.0,1,36.530179
10.0,1,36.536258
-10.0,1,36.543847
10.0,1,36.546213
-10.0,1,36.547564
-10.0,1,36.548912
-10.0,1,36.557414
-10.0,1,36.558887
10.0,1,36.560295
-10.0,1,36.562657
-10.0,1,36.571562
-10.0,1,36.571562
10.0,1,36.575318
-10.0,1,36.575318
-10.0,1,36.587265
-10.0,1,36.589272
10.0,1,36.591277
10.0,1,36.593283
-10.0,1,36.600304
-10.0,1,36.602164
-10.0,1,36.60417
10.0,1,36.606177
10.0,1,36.61388
-10.0,1,36.615888
-10.0,1,36.617893
-10.0,1,36.617893
-10.0,1,36.625353
-10.0,1,36.62736
10.0,1,36.631373
10.0,1,36.63338
10.0,1,36.642226
10.0,1,36.645237
-10.0,1,36.647245
3.0,1,36.649252
-10.0,1,36.655822
-10.0,1,36.655822
10.0,1,36.659833
-10.0,1,36.661339
10.0,1,36.669443
-10.0,1,36.670546
10.0,1,36.673431
-10.0,1,36.673431
-10.0,1,36.681677
-10.0,1,36.681677
10.0,1,36.681677
-10.0,1,36.685245
-10.0,1,36.697338
10.0,1,36.70135
10.0,1,36.703357
10.0,1,36.705364
10.0,1,36.714682
-10.0,1,36.714682
10.0,1,36.716688
-10.0,1,36.718694
-10.0,1,36.726607
-10.0,1,36.728541
-10.0,1,36.730546
-10.0,1,36.730546
10.0,1,36.741024
-10.0,1,36.741024
-10.0,1,36.744129
10.0,1,36.744129
-10.0,1,36.750518
10.0,1,36.753708
-10.0,1,36.756218
10.0,1,36.759513
-10.0,1,36.767772
-10.0,1,36.769123
10.0,1,36.771129
10.0,1,36.773136
-10.0,1,36.784588
-10.0,1,36.786596
10.0,1,36.790609
-10.0,1,36.792615
-10.0,1,36.801768
-10.0,1,36.804466
-10.0,1,36.807392
-10.0,1,36.808767
-10.0,1,36.815843
-10.0,1,36.818097
-10.0,1,36.820449
-10.0,1,36.820449
10.0,1,36.829571
10.0,1,36.831577
10.0,1,36.835331
-10.0,1,36.837336
10.0,1,36.843903
-10.0,1,36.845675
10.0,1,36.847682
10.0,1,36.851434
-10.0,1,36.860094
-10.0,1,36.860094
-10.0,1,36.862492
-10.0,1,36.862492
-10.0,1,36.866412
10.0,1,36.872788
10.0,1,36.875279
10.0,1,36.87659
-10.0,1,36.886535
10.0,1,36.889897
10.0,1,36.891249
10.0,1,36.894192
10.0,1,36.90191
-10.0,1,36.904159
-10.0,1,36.905561
10.0,1,36.908867
-10.0,1,36.915651
10.0,1,36.919555
-10.0,1,36.92137
-10.0,1,36.92137
-10.0,1,36.929736
-10.0,1,36.929736
-10.0,1,36.929736
-10.0,1,36.929736
10.0,1,36.943241
10.0,1,36.944484
-10.0,1,36.94588
10.0,1,36.947635
-10.0,1,36.954304
-10.0,1,36.955809
-10.0,1,36.958119
10.0,1,36.961378
3.0,1,36.96762
3.0,1,36.971238
-10.0,1,36.973243
-10.0,1,36.975248
10.0,1,36.983941
-10.0,1,36.985087
-10.0,1,36.987273
-10.0,1,36.987273
10.0,1,36.994248
-10.0,1,36.994248
10.0,1,36.998173
-10.0,1,36.999995
-10.0,1,37.008434
-10.0,1,37.010438
-10.0,1,37.010438
10.0,1,37.012441
-10.0,1,37.020456
-10.0,1,37.02348
-10.0,1,37.02348
-10.0,1,37.02348
10.0,1,37.038039
-10.0,1,37.038039
-10.0,1,37.038039
-10.0,1,37.038039
-10.0,1,37.038039
10.0,1,37.038039
-10.0,1,37.053855
-10.0,1,37.053855
-10.0,1,37.055861
-10.0,1,37.055861
10.0,1,37.055861
10.0,1,37.055861
-10.0,1,37.069765
-10.0,1,37.069765
-10.0,1,37.069765
-10.0,1,37.069765
-10.0,1,37.085668
10.0,1,37.085668
-10.0,1,37.085668
10.0,1,37.085668
10.0,1,37.101454
-10.0,1,37.101454
-10.0,1,37.101454
-10.0,1,37.101454
10.0,1,37.101454
-10.0,1,37.101454
-10.0,1,37.101454
10.0,1,37.11718
-10.0,1,37.11718
-10.0,1,37.11718
10.0,1,37.11718
-10.0,1,37.11718
-10.0,1,37.138755
-10.0,1,37.140763
10.0,1,37.142768
-10.0,1,37.142768
-10.0,1,37.151222
-10.0,1,37.151222
10.0,1,37.153228
-10.0,1,37.155233
10.0,1,37.162939
10.0,1,37.164687
-10.0,1,37.166692
-10.0,1,37.168697
-10.0,1,37.174941
-10.0,1,37.176945
-10.0,1,37.176945
-10.0,1,37.178951
10.0,1,37.18777
-10.0,1,37.18777
-10.0,1,37.189775
-10.0,1,37.189775
-10.0,1,37.199207
10.0,1,37.201212
10.0,1,37.203218
-10.0,1,37.205223
10.0,1,37.212337
10.0,1,37.214344
-10.0,1,37.216349
-10.0,1,37.218355
-10.0,1,37.22554
-10.0,1,37.226732
10.0,1,37.230244
-10.0,1,37.230244
-10.0,1,37.237918
10.0,1,37.239924
-10.0,1,37.241929
-10.0,1,37.241929
-10.0,1,37.252594
-10.0,1,37.253621
-10.0,1,37.255626
-10.0,1,37.257632
-10.0,1,37.266195
-10.0,1,37.267852
10.0,1,37.270697
3.0,1,37.272002
-10.0,1,37.275395
-10.0,1,37.280302
-10.0,1,37.281774
-10.0,1,37.281774
-10.0,1,37.28968
-10.0,1,37.291426
-10.0,1,37.293359
10.0,1,37.296963
10.0,1,37.307016
-10.0,1,37.307016
-10.0,1,37.309024
-10.0,1,37.309024
-10.0,1,37.317881
10.0,1,37.317881
-10.0,1,37.320096
-10.0,1,37.320096
10.0,1,37.327825
3.0,1,37.329833
10.0,1,37.331839
-10.0,1,37.33385
-10.0,1,37.340124
-10.0,1,37.341242
-10.0,1,37.343005
10.0,1,37.345474
10.0,1,37.353216
10.0,1,37.358835
10.0,1,37.362036
-10.0,1,37.364042
10.0,1,37.372908
-10.0,1,37.372908
3.0,1,37.372908
-10.0,1,37.372908
10.0,1,37.382157
-10.0,1,37.387514
-10.0,1,37.387514
-10.0,1,37.387514
-10.0,1,37.397553
-10.0,1,37.399562
-10.0,1,37.40157
-10.0,1,37.403578
-10.0,1,37.410681
-10.0,1,37.411956
-10.0,1,37.413964
-10.0,1,37.415972
-10.0,1,37.425713
-10.0,1,37.426768
-10.0,1,37.426768
-10.0,1,37.426768
-10.0,1,37.437595
-10.0,1,37.4396
-10.0,1,37.441729
-10.0,1,37.444187
-10.0,1,37.450561
10.0,1,37.452567
-10.0,1,37.455578
-10.0,1,37.455578
-10.0,1,37.465566
10.0,1,37.465566
-10.0,1,37.465566
-10.0,1,37.465566
10.0,1,37.482279
10.0,1,37.482279
10.0,1,37.482279
-10.0,1,37.482279
-10.0,1,37.495713
-10.0,1,37.495713
-10.0,1,37.495713
10.0,1,37.495713
10.0,1,37.512854
-10.0,1,37.512854
-10.0,1,37.512854
-10.0,1,37.512854
-10.0,1,37.526521
10.0,1,37.52956
-10.0,1,37.52956
-10.0,1,37.531566
10.0,1,37.540114
-10.0,1,37.542121
-10.0,1,37.543626
-10.0,1,37.545633
10.0,1,37.552445
-10.0,1,37.554451
10.0,1,37.557462
-10.0,1,37.559469
-10.0,1,37.566987
-10.0,1,37.570048
10.0,1,37.572568
-10.0,1,37.572568
-10.0,1,37.582032
10.0,1,37.583208
10.0,1,37.583208
-10.0,1,37.583208
-10.0,1,37.596698
-10.0,1,37.596698
10.0,1,37.600664
-10.0,1,37.601723
-10.0,1,37.609536
10.0,1,37.611246
-10.0,1,37.611246
10.0,1,37.611246
-10.0,1,37.621546
10.0,1,37.621546
10.0,1,37.627359
-10.0,1,37.629931
-10.0,1,37.637654
-10.0,1,37.639481
10.0,1,37.639481
-10.0,1,37.642552
-10.0,1,37.648708
-10.0,1,37.648708
-10.0,1,37.648708
10.0,1,37.653759
10.0,1,37.660955
-10.0,1,37.660955
-10.0,1,37.660955
10.0,1,37.669686
10.0,1,37.680081
-10.0,1,37.681695
10.0,1,37.684186
-10.0,1,37.688065
10.0,1,37.696969
-10.0,1,37.698501
-10.0,1,37.700562
10.0,1,37.70289
-10.0,1,37.711016
-10.0,1,37.712224
-10.0,1,37.712224
10.0,1,37.715758
-10.0,1,37.724756
-10.0,1,37.724756
-10.0,1,37.724756
10.0,1,37.724756
-10.0,1,37.73863
-10.0,1,37.73863
10.0,1,37.741858
-10.0,1,37.741858
-10.0,1,37.750269
-10.0,1,37.750269
-10.0,1,37.750269
-10.0,1,37.755963
10.0,1,37.76508
-10.0,1,37.766935
-10.0,1,37.766935
10.0,1,37.766935
10.0,1,37.776381
-10.0,1,37.778386
-10.0,1,37.778386
10.0,1,37.782398
-10.0,1,37.790319
10.0,1,37.793022
10.0,1,37.795065
-10.0,1,37.797154
-10.0,1,37.806103
10.0,1,37.806103
-10.0,1,37.811862
-10.0,1,37.811862
10.0,1,37.821615
-10.0,1,37.821615
10.0,1,37.826084
-10.0,1,37.826084
-10.0,1,37.834113
-10.0,1,37.835165
-10.0,1,37.835165
-10.0,1,37.838855
-10.0,1,37.845575
-10.0,1,37.846604
-10.0,1,37.848809
10.0,1,37.849937
-10.0,1,37.856224
-10.0,1,37.859238
-10.0,1,37.859238
-10.0,1,37.859238
10.0,1,37.872321
10.0,1,37.875335
-10.0,1,37.875335
10.0,1,37.875335
10.0,1,37.887443
-10.0,1,37.887443
-10.0,1,37.889772
-10.0,1,37.891278
10.0,1,37.898563
10.0,1,37.902574
-10.0,1,37.902574
-10.0,1,37.904578
10.0,1,37.914787
-10.0,1,37.916794
-10.0,1,37.9188
-10.0,1,37.920805
-10.0,1,37.92767
-10.0,1,37.929676
-10.0,1,37.929676
10.0,1,37.931683
10.0,1,37.941015
-10.0,1,37.941015
-10.0,1,37.94348
-10.0,1,37.944803
10.0,1,37.952358
-10.0,1,37.952358
10.0,1,37.956204
-10.0,1,37.956707
10.0,1,37.96391
-10.0,1,37.964971
-10.0,1,37.967181
-10.0,1,37.968866
10.0,1,37.975553
10.0,1,37.979563
10.0,1,37.981568
10.0,1,37.983573
-10.0,1,37.99204
-10.0,1,37.994045
3.0,1,37.996051
10.0,1,37.996051
-10.0,1,38.004734
-10.0,1,38.004734
-10.0,1,38.004734
-10.0,1,38.004734
-10.0,1,38.011767
10.0,1,38.014996
-10.0,1,38.017503
-10.0,1,38.022803
-10.0,1,38.030364
-10.0,1,38.03237
-10.0,1,38.033375
-10.0,1,38.035381
10.0,1,38.04338
-10.0,1,38.04338
-10.0,1,38.04338
-10.0,1,38.04338
-10.0,1,38.053116
10.0,1,38.057121
-10.0,1,38.057121
-10.0,1,38.059486
-10.0,1,38.067043
10.0,1,38.069048
10.0,1,38.071054
10.0,1,38.073059
-10.0,1,38.080673
-10.0,1,38.082679
-10.0,1,38.082679
-10.0,1,38.084684
-10.0,1,38.091102
-10.0,1,38.092141
-10.0,1,38.09457
-10.0,1,38.097834
-10.0,1,38.105453
-10.0,1,38.105453
10.0,1,38.105453
-10.0,1,38.111969
-10.0,1,38.121221
-10.0,1,38.121221
-10.0,1,38.121221
10.0,1,38.121221
10.0,1,38.134773
-10.0,1,38.13678
-10.0,1,38.138786
10.0,1,38.140791
-10.0,1,38.147212
-10.0,1,38.149896
10.0,1,38.15236
-10.0,1,38.15236
-10.0,1,38.160128
10.0,1,38.162134
-10.0,1,38.16414
-10.0,1,38.16414
10.0,1,38.17276
-10.0,1,38.174771
10.0,1,38.174771
-10.0,1,38.174771
-10.0,1,38.185518
-10.0,1,38.187522
-10.0,1,38.190533
-10.0,1,38.190533
10.0,1,38.201287
-10.0,1,38.203293
10.0,1,38.206303
-10.0,1,38.206303
-10.0,1,38.213726
3.0,1,38.215731
10.0,1,38.217736
-10.0,1,38.219741
10.0,1,38.226312
-10.0,1,38.228318
10.0,1,38.230323
10.0,1,38.232329
-10.0,1,38.244257
3.0,1,38.244257
10.0,1,38.246075
10.0,1,38.246075
-10.0,1,38.256252
-10.0,1,38.256252
10.0,1,38.258256
-10.0,1,38.260261
-10.0,1,38.266989
10.0,1,38.268995
-10.0,1,38.271001
3.0,1,38.273006
-10.0,1,38.279449
-10.0,1,38.281454
-10.0,1,38.281454
-10.0,1,38.28346
10.0,1,38.293458
-10.0,1,38.293458
-10.0,1,38.293458
-10.0,1,38.296958
10.0,1,38.305466
10.0,1,38.308331
-10.0,1,38.308331
10.0,1,38.308331
-10.0,1,38.318959
10.0,1,38.32016
10.0,1,38.322165
10.0,1,38.32417
-10.0,1,38.330205
-10.0,1,38.332569
-10.0,1,38.334575
-10.0,1,38.33658
-10.0,1,38.344134
-10.0,1,38.345181
-10.0,1,38.346869
10.0,1,38.349472
-10.0,1,38.357972
-10.0,1,38.359036
-10.0,1,38.359036
10.0,1,38.362854
-10.0,1,38.36978
10.0,1,38.36978
10.0,1,38.36978
10.0,1,38.375703
-10.0,1,38.384686
-10.0,1,38.385712
-10.0,1,38.385712
-10.0,1,38.385712
-10.0,1,38.394118
-10.0,1,38.39687
-10.0,1,38.39687
-10.0,1,38.39687
-10.0,1,38.406242
10.0,1,38.407301
-10.0,1,38.408568
10.0,1,38.410579
-10.0,1,38.416878
-10.0,1,38.418341
10.0,1,38.421695
-10.0,1,38.421695
-10.0,1,38.429203
-10.0,1,38.430256
-10.0,1,38.432565
-10.0,1,38.434156
10.0,1,38.440598
-10.0,1,38.443608
-10.0,1,38.445619
10.0,1,38.447625
-10.0,1,38.459995
-10.0,1,38.462156
3.0,1,38.462156
10.0,1,38.466269
-10.0,1,38.474885
-10.0,1,38.476328
10.0,1,38.478053
-10.0,1,38.478053
-10.0,1,38.488548
10.0,1,38.491904
10.0,1,38.494847
-10.0,1,38.496126
-10.0,1,38.503114
10.0,1,38.503114
-10.0,1,38.506512
10.0,1,38.509847
10.0,1,38.516442
-10.0,1,38.517484
10.0,1,38.521082
-10.0,1,38.522589
-10.0,1,38.529176
10.0,1,38.532431
-10.0,1,38.532431
10.0,1,38.532431
10.0,1,38.538546
10.0,1,38.538546
10.0,1,38.538546
-10.0,1,38.538546
-10.0,1,38.55628
10.0,1,38.558991
-10.0,1,38.558991
-10.0,1,38.561267
10.0,1,38.568806
-10.0,1,38.570337
-10.0,1,38.573697
10.0,1,38.577612
-10.0,1,38.584777
-10.0,1,38.586343
-10.0,1,38.588349
-10.0,1,38.590354
-10.0,1,38.59617
-10.0,1,38.598175
-10.0,1,38.598175
-10.0,1,38.60018
10.0,1,38.607142
-10.0,1,38.609148
10.0,1,38.611153
-10.0,1,38.613158
-10.0,1,38.619239
10.0,1,38.622825
-10.0,1,38.62333
-10.0,1,38.625334
-10.0,1,38.630643
10.0,1,38.631716
-10.0,1,38.635456
10.0,1,38.638314
10.0,1,38.647155
10.0,1,38.650165
10.0,1,38.652172
-10.0,1,38.652172
-10.0,1,38.659708
-10.0,1,38.660745
-10.0,1,38.661977
-10.0,1,38.661977
10.0,1,38.669463
-10.0,1,38.671468
-10.0,1,38.671468
-10.0,1,38.673473
-10.0,1,38.680479
-10.0,1,38.681984
-10.0,1,38.681984
10.0,1,38.681984
10.0,1,38.698703
-10.0,1,38.698703
-10.0,1,38.698703
10.0,1,38.698703
10.0,1,38.710148
-10.0,1,38.712153
-10.0,1,38.713658
-10.0,1,38.715664
10.0,1,38.723137
-10.0,1,38.725141
-10.0,1,38.725141
-10.0,1,38.727145
-10.0,1,38.734314
-10.0,1,38.736857
10.0,1,38.738193
-10.0,1,38.738193
-10.0,1,38.745531
-10.0,1,38.745531
10.0,1,38.749386
-10.0,1,38.749386
-10.0,1,38.756088
-10.0,1,38.758747
10.0,1,38.760495
10.0,1,38.761564
10.0,1,38.769398
10.0,1,38.771403
-10.0,1,38.773408
-10.0,1,38.775413
10.0,1,38.7839
3.0,1,38.7839
10.0,1,38.786082
10.0,1,38.786082
-10.0,1,38.798109
10.0,1,38.800115
-10.0,1,38.802121
10.0,1,38.804126
10.0,1,38.81022
3.0,1,38.81022
-10.0,1,38.81022
10.0,1,38.81022
-10.0,1,38.823829
-10.0,1,38.825834
-10.0,1,38.82784
-10.0,1,38.829845
10.0,1,38.837884
-10.0,1,38.839632
-10.0,1,38.841637
-10.0,1,38.843643
10.0,1,38.850156
10.0,1,38.854167
-10.0,1,38.856177
10.0,1,38.85718
-10.0,1,38.865344
-10.0,1,38.868021
10.0,1,38.869466
10.0,1,38.873632
10.0,1,38.880891
10.0,1,38.882896
-10.0,1,38.884902
-10.0,1,38.884902
10.0,1,38.893033
10.0,1,38.897043
10.0,1,38.899049
-10.0,1,38.901053
10.0,1,38.911327
-10.0,1,38.911327
-10.0,1,38.911327
10.0,1,38.911327
10.0,1,38.924758
-10.0,1,38.925808
-10.0,1,38.925808
-10.0,1,38.929359
10.0,1,38.936349
-10.0,1,38.936349
-10.0,1,38.9394
-10.0,1,38.940797
10.0,1,38.948738
10.0,1,38.949742
10.0,1,38.951751
-10.0,1,38.953756
-10.0,1,38.961245
-10.0,1,38.962288
10.0,1,38.965571
-10.0,1,38.96858
10.0,1,38.976593
10.0,1,38.978595
10.0,1,38.981599
-10.0,1,38.983605
-10.0,1,38.989616
10.0,1,38.991619
10.0,1,38.993622
-10.0,1,38.995625
-10.0,1,39.003382
-10.0,1,39.003382
-10.0,1,39.005386
10.0,1,39.007129
-10.0,1,39.015998
10.0,1,39.019932
-10.0,1,39.019932
-10.0,1,39.021937
-10.0,1,39.02926
-10.0,1,39.031394
-10.0,1,39.031394
-10.0,1,39.03469
10.0,1,39.042759
-10.0,1,39.042759
-10.0,1,39.04527
10.0,1,39.049316
-10.0,1,39.056145
-10.0,1,39.057165
10.0,1,39.060071
-10.0,1,39.061078
10.0,1,39.069171
-10.0,1,39.069171
-10.0,1,39.069171
10.0,1,39.073133
-10.0,1,39.079978
-10.0,1,39.079978
-10.0,1,39.079978
-10.0,1,39.083255
-10.0,1,39.08909
-10.0,1,39.091268
-10.0,1,39.093015
-10.0,1,39.093015
-10.0,1,39.099352
-10.0,1,39.103251
10.0,1,39.104353
-10.0,1,39.105374
-10.0,1,39.113769
10.0,1,39.115774
-10.0,1,39.117779
10.0,1,39.119784
-10.0,1,39.129317
10.0,1,39.131329
-10.0,1,39.133334
10.0,1,39.135339
-10.0,1,39.14279
-10.0,1,39.143812
-10.0,1,39.143812
-10.0,1,39.143812
10.0,1,39.154576
10.0,1,39.157799
-10.0,1,39.157799
10.0,1,39.162194
10.0,1,39.169564
-10.0,1,39.169564
10.0,1,39.173211
10.0,1,39.175092
-10.0,1,39.18204
-10.0,1,39.183769
10.0,1,39.186083
10.0,1,39.18783
-10.0,1,39.194948
10.0,1,39.195984
10.0,1,39.199662
10.0,1,39.202424
-10.0,1,39.209139
10.0,1,39.211144
-10.0,1,39.213149
10.0,1,39.215155
10.0,1,39.221943
-10.0,1,39.223948
10.0,1,39.330609
-10.0,1,39.346367
10.0,1,39.352776
-10.0,1,39.356286
-10.0,1,39.356286
-10.0,1,39.358291
-10.0,1,39.364177
-10.0,1,39.365234
-10.0,1,39.365234
-10.0,1,39.3684
10.0,1,39.3684
-10.0,1,39.378165
-10.0,1,39.379933
10.0,1,39.382543
-10.0,1,39.389208
3.0,1,39.391212
-10.0,1,39.393217
-10.0,1,39.394221
-10.0,1,39.401219
-10.0,1,39.402578
10.0,1,39.402578
-10.0,1,39.402578
-10.0,1,39.413088
10.0,1,39.416059
-10.0,1,39.416059
-10.0,1,39.417417
-10.0,1,39.422628
-10.0,1,39.424808
10.0,1,39.427463
-10.0,1,39.428822
-10.0,1,39.434601
-10.0,1,39.436321
-10.0,1,39.438155
-10.0,1,39.440321
-10.0,1,39.446505
10.0,1,39.447796
-10.0,1,39.447796
-10.0,1,39.451612
-10.0,1,39.459878
10.0,1,39.461937
10.0,1,39.463943
-10.0,1,39.465949
10.0,1,39.473738
10.0,1,39.475744
10.0,1,39.477748
-10.0,1,39.477748
-10.0,1,39.484299
10.0,1,39.487359
-10.0,1,39.487359
-10.0,1,39.489322
10.0,1,39.495714
-10.0,1,39.497719
-10.0,1,39.497719
10.0,1,39.499724
-10.0,1,39.506389
10.0,1,39.508394
-10.0,1,39.5104
-10.0,1,39.5104
-10.0,1,39.518025
-10.0,1,39.518025
-10.0,1,39.518025
-10.0,1,39.52204
-10.0,1,39.526718
10.0,1,39.528188
10.0,1,39.532185
-10.0,1,39.532185
-10.0,1,39.540078
-10.0,1,39.541115
-10.0,1,39.542674
10.0,1,39.545445
10.0,1,39.552861
10.0,1,39.554867
-10.0,1,39.554867
10.0,1,39.556372
-10.0,1,39.563242
10.0,1,39.563242
10.0,1,39.568756
-10.0,1,39.572893
10.0,1,39.581306
10.0,1,39.581306
-10.0,1,39.583469
-10.0,1,39.585648
3.0,1,39.592081
10.0,1,39.592081
-10.0,1,39.592081
10.0,1,39.592081
10.0,1,39.602075
-10.0,1,39.60408
-10.0,1,39.60408
-10.0,1,39.606085
10.0,1,39.612729
-10.0,1,39.614733
-10.0,1,39.616479
10.0,1,39.618484
-10.0,1,39.624492
-10.0,1,39.626497
-10.0,1,39.626497
-10.0,1,39.628502
-10.0,1,39.635803
10.0,1,39.636824
-10.0,1,39.638298
-10.0,1,39.638298
-10.0,1,39.644795
10.0,1,39.645891
-10.0,1,39.647898
-10.0,1,39.649819
-10.0,1,39.656269
-10.0,1,39.656772
-10.0,1,39.658242
10.0,1,39.660021
-10.0,1,39.667787
-10.0,1,39.668815
-10.0,1,39.668815
10.0,1,39.668815
10.0,1,39.676406
-10.0,1,39.676406
-10.0,1,39.680012
-10.0,1,39.680012
-10.0,1,39.693464
-10.0,1,39.694505
10.0,1,39.697016
-10.0,1,39.697016
-10.0,1,39.704236
10.0,1,39.705563
10.0,1,39.706699
-10.0,1,39.708697
10.0,1,39.716295
10.0,1,39.719392
10.0,1,39.719392
-10.0,1,39.721474
-10.0,1,39.729579
10.0,1,39.733063
-10.0,1,39.733063
10.0,1,39.73541
10.0,1,39.744885
-10.0,1,39.744885
-10.0,1,39.74689
-10.0,1,39.74689
10.0,1,39.753202
-10.0,1,39.756448
-10.0,1,39.75799
10.0,1,39.760811
10.0,1,39.768427
-10.0,1,39.768427
10.0,1,39.772318
-10.0,1,39.774065
10.0,1,39.782775
10.0,1,39.782775
10.0,1,39.784883
-10.0,1,39.784883
-10.0,1,39.796674
-10.0,1,39.797699
-10.0,1,39.800184
10.0,1,39.802949
-10.0,1,39.809526
10.0,1,39.811034
-10.0,1,39.813039
3.0,1,39.815044
-10.0,1,39.821503
-10.0,1,39.82251
10.0,1,39.824943
10.0,1,39.824943
-10.0,1,39.833558
-10.0,1,39.834579
-10.0,1,39.834579
10.0,1,39.837586
-10.0,1,39.842993
-10.0,1,39.84403
10.0,1,39.845621
10.0,1,39.846961
-10.0,1,39.854884
-10.0,1,39.854884
-10.0,1,39.856388
-10.0,1,39.858474
10.0,1,39.863698
-10.0,1,39.865879
-10.0,1,39.867489
-10.0,1,39.870384
10.0,1,39.876912
10.0,1,39.880328
-10.0,1,39.880328
10.0,1,39.880328
10.0,1,39.888986
-10.0,1,39.888986
10.0,1,39.894095
-10.0,1,39.894095
-10.0,1,39.90222
10.0,1,39.90222
-10.0,1,39.90222
10.0,1,39.90222
-10.0,1,39.916374
-10.0,1,39.917896
10.0,1,39.917896
-10.0,1,39.92033
-10.0,1,39.928514
-10.0,1,39.928514
-10.0,1,39.928514
-10.0,1,39.928514
-10.0,1,39.937265
-10.0,1,39.937265
-10.0,1,39.941277
10.0,1,39.941277
-10.0,1,39.951036
-10.0,1,39.951036
-10.0,1,39.953719
-10.0,1,39.953719
-10.0,1,39.959675
-10.0,1,39.961745
10.0,1,39.963751
-10.0,1,39.963751
10.0,1,39.97194
-10.0,1,39.97194
10.0,1,39.97194
10.0,1,39.979451
10.0,1,39.985131
-10.0,1,39.987137
-10.0,1,39.989141
-10.0,1,39.991147
-10.0,1,39.997293
-10.0,1,39.997293
-10.0,1,39.999583
-10.0,1,39.999583
10.0,1,40.006147
-10.0,1,40.008152
-10.0,1,40.010157
-10.0,1,40.011162
10.0,1,40.021665
-10.0,1,40.021665
-10.0,1,40.021665
10.0,1,40.027517
10.0,1,40.034678
10.0,1,40.034678
-10.0,1,40.039462
-10.0,1,40.039462
-10.0,1,40.04487
-10.0,1,40.046876
-10.0,1,40.048882
10.0,1,40.050887
-10.0,1,40.057685
10.0,1,40.060771
-10.0,1,40.060771
-10.0,1,40.062776
10.0,1,40.070752
10.0,1,40.073268
10.0,1,40.074774
-10.0,1,40.074774
3.0,1,40.082399
10.0,1,40.084404
10.0,1,40.086409
-10.0,1,40.088414
-10.0,1,40.095338
-10.0,1,40.095338
10.0,1,40.095338
-10.0,1,40.095338
-10.0,1,40.105053
-10.0,1,40.106151
10.0,1,40.109108
-10.0,1,40.109108
10.0,1,40.11612
3.0,1,40.118125
10.0,1,40.12013
10.0,1,40.123175
-10.0,1,40.131754
-10.0,1,40.133759
10.0,1,40.135764
-10.0,1,40.135764
-10.0,1,40.145663
10.0,1,40.149852
-10.0,1,40.149852
-10.0,1,40.149852
10.0,1,40.158539
-10.0,1,40.16079
10.0,1,40.16079
-10.0,1,40.16079
-10.0,1,40.171497
-10.0,1,40.172515
10.0,1,40.175085
-10.0,1,40.175085
-10.0,1,40.177343
-10.0,1,40.183021
10.0,1,40.185028
-10.0,1,40.185028
-10.0,1,40.192935
10.0,1,40.193949
-10.0,1,40.193949
10.0,1,40.198997
-10.0,1,40.206346
10.0,1,40.207566
-10.0,1,40.209605
-10.0,1,40.21187
3.0,1,40.218695
10.0,1,40.218695
10.0,1,40.221296
10.0,1,40.225238
10.0,1,40.231786
-10.0,1,40.232955
10.0,1,40.238799
-10.0,1,40.238799
-10.0,1,40.246912
-10.0,1,40.247417
-10.0,1,40.249642
-10.0,1,40.249642
-10.0,1,40.256669
-10.0,1,40.259789
10.0,1,40.259789
10.0,1,40.263295
-10.0,1,40.269749
-10.0,1,40.269749
3.0,1,40.271755
-10.0,1,40.271755
10.0,1,40.279242
-10.0,1,40.281249
-10.0,1,40.283259
-10.0,1,40.285264
-10.0,1,40.291334
-10.0,1,40.291334
-10.0,1,40.293339
-10.0,1,40.295086
-10.0,1,40.302792
-10.0,1,40.302792
-10.0,1,40.306067
10.0,1,40.3085
-10.0,1,40.314438
-10.0,1,40.315471
10.0,1,40.31852
-10.0,1,40.31852
-10.0,1,40.325614
-10.0,1,40.327119
-10.0,1,40.328289
-10.0,1,40.329877
10.0,1,40.33746
-10.0,1,40.33746
10.0,1,40.340815
-10.0,1,40.340815
-10.0,1,40.343987
-10.0,1,40.343987
10.0,1,40.343987
-10.0,1,40.356748
-10.0,1,40.361968
-10.0,1,40.363021
10.0,1,40.363021
-10.0,1,40.366224
-10.0,1,40.374601
10.0,1,40.377115
10.0,1,40.379119
-10.0,1,40.381124
-10.0,1,40.386604
-10.0,1,40.388011
10.0,1,40.390522
-10.0,1,40.390522
-10.0,1,40.399474
-10.0,1,40.400527
-10.0,1,40.400527
-10.0,1,40.400527
10.0,1,40.40976
-10.0,1,40.40976
10.0,1,40.40976
10.0,1,40.416409
-10.0,1,40.422647
-10.0,1,40.422647
10.0,1,40.422647
-10.0,1,40.422647
-10.0,1,40.434846
10.0,1,40.43709
-10.0,1,40.43709
10.0,1,40.439922
-10.0,1,40.445965
-10.0,1,40.445965
-10.0,1,40.445965
-10.0,1,40.445965
10.0,1,40.458792
-10.0,1,40.460799
10.0,1,40.462804
-10.0,1,40.464809
-10.0,1,40.470389
-10.0,1,40.474017
10.0,1,40.476026
10.0,1,40.478034
-10.0,1,40.484776
-10.0,1,40.487287
-10.0,1,40.487287
3.0,1,40.490369
-10.0,1,40.496746
-10.0,1,40.498752
10.0,1,40.500757
-10.0,1,40.500757
-10.0,1,40.506073
-10.0,1,40.508682
10.0,1,40.508682
10.0,1,40.508682
10.0,1,40.520454
-10.0,1,40.52246
-10.0,1,40.52246
-10.0,1,40.524465
10.0,1,40.533659
10.0,1,40.533659
-10.0,1,40.536426
-10.0,1,40.536426
-10.0,1,40.54444
-10.0,1,40.546445
-10.0,1,40.546445
10.0,1,40.549456
-10.0,1,40.554621
-10.0,1,40.555862
-10.0,1,40.556875
10.0,1,40.556875
-10.0,1,40.565392
10.0,1,40.565392
-10.0,1,40.565392
-10.0,1,40.565392
-10.0,1,40.58147
10.0,1,40.58147
-10.0,1,40.58147
10.0,1,40.58147
10.0,1,40.58147
-10.0,1,40.58147
-10.0,1,40.598506
-10.0,1,40.598506
-10.0,1,40.606216
-10.0,1,40.606216
-10.0,1,40.606216
-10.0,1,40.61064
-10.0,1,40.617416
-10.0,1,40.618451
10.0,1,40.618451
-10.0,1,40.620793
-10.0,1,40.627395
10.0,1,40.629139
-10.0,1,40.631241
-10.0,1,40.631241
-10.0,1,40.640001
-10.0,1,40.641041
10.0,1,40.643341
-10.0,1,40.643341
10.0,1,40.65171
10.0,1,40.65171
10.0,1,40.65171
-10.0,1,40.65672
-10.0,1,40.664198
-10.0,1,40.666203
10.0,1,40.668208
-10.0,1,40.668208
-10.0,1,40.67607
-10.0,1,40.677141
-10.0,1,40.677141
-10.0,1,40.677141
-10.0,1,40.689329
10.0,1,40.691336
-10.0,1,40.693342
-10.0,1,40.695347
3.0,1,40.701659
-10.0,1,40.703665
-10.0,1,40.70567
10.0,1,40.707417
-10.0,1,40.712937
10.0,1,40.71663
-10.0,1,40.71663
10.0,1,40.72055
10.0,1,40.727261
-10.0,1,40.728287
-10.0,1,40.728287
-10.0,1,40.728287
-10.0,1,40.737622
-10.0,1,40.740133
10.0,1,40.742902
-10.0,1,40.742902
-10.0,1,40.750606
-10.0,1,40.750606
10.0,1,40.753927
-10.0,1,40.754934
-10.0,1,40.760164
10.0,1,40.764366
-10.0,1,40.764366
10.0,1,40.764366
-10.0,1,40.773449
-10.0,1,40.774506
3.0,1,40.77609
-10.0,1,40.77609
-10.0,1,40.784211
-10.0,1,40.785262
-10.0,1,40.786767
-10.0,1,40.786767
-10.0,1,40.799095
10.0,1,40.801101
-10.0,1,40.802847
10.0,1,40.804852
-10.0,1,40.810393
10.0,1,40.811543
-10.0,1,40.811543
10.0,1,40.811543
-10.0,1,40.822878
10.0,1,40.823929
-10.0,1,40.823929
-10.0,1,40.823929
3.0,1,40.834373
-10.0,1,40.834879
-10.0,1,40.834879
10.0,1,40.834879
-10.0,1,40.846297
3.0,1,40.848546
-10.0,1,40.848546
-10.0,1,40.850806
-10.0,1,40.857159
-10.0,1,40.858644
10.0,1,40.859149
10.0,1,40.861153
10.0,1,40.87041
10.0,1,40.87041
-10.0,1,40.873131
-10.0,1,40.875031
10.0,1,40.883031
-10.0,1,40.883031
10.0,1,40.883031
-10.0,1,40.883031
10.0,1,40.894923
10.0,1,40.899804
10.0,1,40.902141
-10.0,1,40.903254
-10.0,1,40.911818
-10.0,1,40.911818
-10.0,1,40.913565
10.0,1,40.91557
-10.0,1,40.921445
10.0,1,40.92345
-10.0,1,40.92345
-10.0,1,40.925455
-10.0,1,40.929206
-10.0,1,40.933533
10.0,1,40.936393
-10.0,1,40.936393
-10.0,1,40.94344
-10.0,1,40.944479
-10.0,1,40.944479
-10.0,1,40.944479
10.0,1,40.954804
-10.0,1,40.957311
-10.0,1,40.959316
-10.0,1,40.96032
10.0,1,40.967334
-10.0,1,40.967334
10.0,1,40.967334
-10.0,1,40.967334
-10.0,1,40.978059
-10.0,1,40.979099
10.0,1,40.980748
-10.0,1,40.980748
10.0,1,40.990747
-10.0,1,40.990747
10.0,1,40.994325
10.0,1,40.996118
10.0,1,41.004138
10.0,1,41.006143
-10.0,1,41.008148
-10.0,1,41.008148
-10.0,1,41.019767
-10.0,1,41.021773
-10.0,1,41.021773
-10.0,1,41.023777
10.0,1,41.031631
-10.0,1,41.031631
10.0,1,41.031631
10.0,1,41.035182
-10.0,1,41.042531
10.0,1,41.043709
10.0,1,41.043709
-10.0,1,41.043709
10.0,1,41.057179
-10.0,1,41.057682
10.0,1,41.061852
10.0,1,41.064202
-10.0,1,41.070684
-10.0,1,41.071769
-10.0,1,41.073477
-10.0,1,41.074837
-10.0,1,41.081789
-10.0,1,41.081789
-10.0,1,41.081789
10.0,1,41.086795
-10.0,1,41.093455
-10.0,1,41.09448
-10.0,1,41.09448
-10.0,1,41.09448
-10.0,1,41.102487
10.0,1,41.102487
10.0,1,41.105609
-10.0,1,41.107492
-10.0,1,41.113086
-10.0,1,41.11445
-10.0,1,41.11445
-10.0,1,41.11951
-10.0,1,41.127643
10.0,1,41.13083
-10.0,1,41.13083
-10.0,1,41.133319
10.0,1,41.13965
-10.0,1,41.140666
-10.0,1,41.140666
10.0,1,41.145562
10.0,1,41.153179
-10.0,1,41.153179
-10.0,1,41.155362
-10.0,1,41.157367
-10.0,1,41.161963
-10.0,1,41.163581
-10.0,1,41.166088
10.0,1,41.168689
-10.0,1,41.17467
-10.0,1,41.17467
10.0,1,41.176675
10.0,1,41.178679
-10.0,1,41.185322
-10.0,1,41.187327
10.0,1,41.189332
10.0,1,41.191337
-10.0,1,41.197864
-10.0,1,41.199002
-10.0,1,41.20034
-10.0,1,41.20034
-10.0,1,41.207094
10.0,1,41.210584
10.0,1,41.210584
10.0,1,41.215868
-10.0,1,41.222245
-10.0,1,41.223266
-10.0,1,41.224515
10.0,1,41.226526
-10.0,1,41.235827
-10.0,1,41.237833
10.0,1,41.239838
10.0,1,41.241844
-10.0,1,41.247546
-10.0,1,41.248662
10.0,1,41.250773
10.0,1,41.250773
10.0,1,41.259348
-10.0,1,41.261094
-10.0,1,41.263025
10.0,1,41.265954
-10.0,1,41.272159
10.0,1,41.272159
10.0,1,41.276937
-10.0,1,41.276937
-10.0,1,41.284528
10.0,1,41.287166
10.0,1,41.287166
10.0,1,41.291376
-10.0,1,41.298445
10.0,1,41.299614
-10.0,1,41.30162
-10.0,1,41.303625
10.0,1,41.311535
10.0,1,41.313541
-10.0,1,41.315546
10.0,1,41.317551
-10.0,1,41.325533
-10.0,1,41.325533
-10.0,1,41.325533
-10.0,1,41.328824
10.0,1,41.336808
-10.0,1,41.336808
-10.0,1,41.339301
-10.0,1,41.341048
10.0,1,41.351664
10.0,1,41.351664
-10.0,1,41.351664
10.0,1,41.355619
-10.0,1,41.363359
10.0,1,41.364463
-10.0,1,41.365805
-10.0,1,41.36786
-10.0,1,41.372869
10.0,1,41.375179
10.0,1,41.379443
10.0,1,41.38166
-10.0,1,41.387812
10.0,1,41.388885
-10.0,1,41.388885
10.0,1,41.393557
10.0,1,41.399697
-10.0,1,41.401702
-10.0,1,41.403707
-10.0,1,41.404712
10.0,1,41.413441
-10.0,1,41.413441
-10.0,1,41.413441
-10.0,1,41.413441
-10.0,1,41.422943
-10.0,1,41.422943
-10.0,1,41.424948
10.0,1,41.426953
-10.0,1,41.432192
-10.0,1,41.434197
-10.0,1,41.434197
-10.0,1,41.436203
10.0,1,41.442186
10.0,1,41.444191
10.0,1,41.448201
-10.0,1,41.448201
-10.0,1,41.45785
10.0,1,41.459771
-10.0,1,41.461239
10.0,1,41.464521
-10.0,1,41.471223
-10.0,1,41.471223
-10.0,1,41.473228
-10.0,1,41.473228
-10.0,1,41.48138
10.0,1,41.482409
-10.0,1,41.484156
10.0,1,41.484156
-10.0,1,41.492159
-10.0,1,41.494164
-10.0,1,41.494164
-10.0,1,41.49617
10.0,1,41.502523
10.0,1,41.502523
-10.0,1,41.502523
3.0,1,41.506812
-10.0,1,41.51446
-10.0,1,41.51446
-10.0,1,41.517138
-10.0,1,41.517138
-10.0,1,41.525187
10.0,1,41.526205
10.0,1,41.528124
-10.0,1,41.530271
10.0,1,41.537292
-10.0,1,41.538315
10.0,1,41.541862
10.0,1,41.541862
-10.0,1,41.54791
-10.0,1,41.550467
-10.0,1,41.550467
-10.0,1,41.550467
10.0,1,41.560305
10.0,1,41.563044
-10.0,1,41.565565
-10.0,1,41.568037
-10.0,1,41.576022
10.0,1,41.579032
-10.0,1,41.579032
10.0,1,41.581038
10.0,1,41.590038
-10.0,1,41.591052
-10.0,1,41.591052
-10.0,1,41.594936
-10.0,1,41.601421
-10.0,1,41.602451
10.0,1,41.604274
-10.0,1,41.605771
10.0,1,41.613911
10.0,1,41.615916
-10.0,1,41.617921
10.0,1,41.619925
-10.0,1,41.626682
-10.0,1,41.628687
10.0,1,41.630691
-10.0,1,41.630691
-10.0,1,41.637142
-10.0,1,41.638165
10.0,1,41.640171
-10.0,1,41.640171
-10.0,1,41.647901
-10.0,1,41.649018
10.0,1,41.650533
-10.0,1,41.651798
-10.0,1,41.665972
-10.0,1,41.666992
10.0,1,41.670287
-10.0,1,41.670287
3.0,1,41.680341
-10.0,1,41.682034
-10.0,1,41.682034
10.0,1,41.684949
-10.0,1,41.692019
10.0,1,41.694937
-10.0,1,41.694937
10.0,1,41.697132
-10.0,1,41.703379
-10.0,1,41.705584
10.0,1,41.706818
-10.0,1,41.708277
-10.0,1,41.715949
10.0,1,41.716979
10.0,1,41.720559
-10.0,1,41.72159
-10.0,1,41.727254
-10.0,1,41.728411
-10.0,1,41.728411
10.0,1,41.731204
10.0,1,41.739222
-10.0,1,41.741226
10.0,1,41.743237
-10.0,1,41.745242
10.0,1,41.751516
-10.0,1,41.753262
10.0,1,41.755267
-10.0,1,41.755267
10.0,1,41.764067
-10.0,1,41.764067
-10.0,1,41.764067
-10.0,1,41.764067
-10.0,1,41.772873
-10.0,1,41.774381
10.0,1,41.777469
-10.0,1,41.777469
-10.0,1,41.784957
-10.0,1,41.784957
-10.0,1,41.784957
10.0,1,41.784957
-10.0,1,41.798785
-10.0,1,41.799891
10.0,1,41.803044
-10.0,1,41.803044
-10.0,1,41.811423
-10.0,1,41.811423
-10.0,1,41.815114
10.0,1,41.815114
-10.0,1,41.821435
10.0,1,41.825394
10.0,1,41.828039
10.0,1,41.828039
10.0,1,41.836813
10.0,1,41.837833
10.0,1,41.837833
-10.0,1,41.837833
10.0,1,41.850458
-10.0,1,41.850458
10.0,1,41.852463
-10.0,1,41.854468
-10.0,1,41.861931
10.0,1,41.863
-10.0,1,41.864166
10.0,1,41.864166
-10.0,1,41.874231
10.0,1,41.87678
-10.0,1,41.87678
10.0,1,41.87678
10.0,1,41.886714
-10.0,1,41.886714
10.0,1,41.886714
-10.0,1,41.890375
10.0,1,41.901157
-10.0,1,41.901157
-10.0,1,41.901157
10.0,1,41.901157
-10.0,1,41.912068
-10.0,1,41.913215
-10.0,1,41.914739
-10.0,1,41.914739
10.0,1,41.925194
-10.0,1,41.925194
10.0,1,41.9277
10.0,1,41.928964
-10.0,1,41.935252
-10.0,1,41.93634
10.0,1,41.93966
10.0,1,41.942119
-10.0,1,41.949003
10.0,1,41.949003
10.0,1,41.949003
-10.0,1,41.954129
10.0,1,41.962836
-10.0,1,41.962836
-10.0,1,41.965512
-10.0,1,41.965512
-10.0,1,41.972982
-10.0,1,41.972982
-10.0,1,41.972982
10.0,1,41.977906
-10.0,1,41.98372
-10.0,1,41.984871
-10.0,1,41.984871
10.0,1,41.987614
-10.0,1,41.99653
10.0,1,41.999067
10.0,1,42.002475
10.0,1,42.004982
-10.0,1,42.013372
-10.0,1,42.015378
-10.0,1,42.015378
10.0,1,42.017383
10.0,1,42.02244
10.0,1,42.02244
-10.0,1,42.02244
-10.0,1,42.02244
-10.0,1,42.036353
10.0,1,42.039108
-10.0,1,42.039108
-10.0,1,42.039108
10.0,1,42.049153
10.0,1,42.05021
-10.0,1,42.052301
-10.0,1,42.054049
10.0,1,42.061288
-10.0,1,42.063293
-10.0,1,42.065297
-10.0,1,42.067301
10.0,1,42.075842
-10.0,1,42.075842
-10.0,1,42.078047
-10.0,1,42.078047
-10.0,1,42.086448
-10.0,1,42.087513
-10.0,1,42.089518
-10.0,1,42.089518
-10.0,1,42.097819
-10.0,1,42.097819
10.0,1,42.101094
10.0,1,42.103734
-10.0,1,42.109779
-10.0,1,42.110859
-10.0,1,42.112513
-10.0,1,42.114083
10.0,1,42.125859
10.0,1,42.125859
-10.0,1,42.125859
-10.0,1,42.125859
-10.0,1,42.13899
10.0,1,42.141732
10.0,1,42.141732
10.0,1,42.141732
-10.0,1,42.15065
10.0,1,42.151677
-10.0,1,42.15366
-10.0,1,42.15574
-10.0,1,42.163031
-10.0,1,42.163031
-10.0,1,42.165619
10.0,1,42.165619
-10.0,1,42.174061
10.0,1,42.176066
-10.0,1,42.178071
10.0,1,42.180076
-10.0,1,42.185809
-10.0,1,42.185809
10.0,1,42.189819
10.0,1,42.191824
10.0,1,42.2004
10.0,1,42.202662
-10.0,1,42.202662
-10.0,1,42.204777
10.0,1,42.212276
10.0,1,42.2147
10.0,1,42.218031
-10.0,1,42.218031
10.0,1,42.224368
-10.0,1,42.226373
10.0,1,42.231755
-10.0,1,42.231755
10.0,1,42.240159
-10.0,1,42.242163
10.0,1,42.24391
-10.0,1,42.245915
-10.0,1,42.253402
-10.0,1,42.255406
10.0,1,42.257411
-10.0,1,42.258416
-10.0,1,42.265091
10.0,1,42.267096
-10.0,1,42.2691
10.0,1,42.271105
-10.0,1,42.275989
-10.0,1,42.278185
-10.0,1,42.278185
-10.0,1,42.278185
10.0,1,42.288801
10.0,1,42.288801
-10.0,1,42.291811
-10.0,1,42.291811
10.0,1,42.302007
-10.0,1,42.302007
10.0,1,42.302007
-10.0,1,42.305102
-10.0,1,42.312474
10.0,1,42.315726
-10.0,1,42.315726
-10.0,1,42.317797
-10.0,1,42.323305
-10.0,1,42.325411
10.0,1,42.325411
10.0,1,42.330796
10.0,1,42.336442
-10.0,1,42.338447
-10.0,1,42.338447
-10.0,1,42.338447
-10.0,1,42.338447
10.0,1,42.354177
-10.0,1,42.355236
-10.0,1,42.355236
-10.0,1,42.362841
-10.0,1,42.362841
-10.0,1,42.364846
-10.0,1,42.366851
10.0,1,42.375652
10.0,1,42.375652
10.0,1,42.378393
10.0,1,42.382437
10.0,1,42.389947
-10.0,1,42.389947
-10.0,1,42.389947
-10.0,1,42.389947
-10.0,1,42.398461
-10.0,1,42.401108
10.0,1,42.401108
-10.0,1,42.401108
10.0,1,42.414137
-10.0,1,42.416142
-10.0,1,42.417146
-10.0,1,42.418284
10.0,1,42.426687
10.0,1,42.426687
-10.0,1,42.429033
10.0,1,42.431595
10.0,1,42.438621
-10.0,1,42.439655
-10.0,1,42.441652
10.0,1,42.445055
10.0,1,42.454604
10.0,1,42.455659
-10.0,1,42.458167
-10.0,1,42.458167
-10.0,1,42.467156
-10.0,1,42.468195
-10.0,1,42.469783
10.0,1,42.469783
-10.0,1,42.47804
-10.0,1,42.480045
-10.0,1,42.481049
-10.0,1,42.483054
-10.0,1,42.488509
-10.0,1,42.489784
10.0,1,42.493103
10.0,1,42.495476
3.0,1,42.501854
-10.0,1,42.501854
10.0,1,42.50608
10.0,1,42.50608
-10.0,1,42.513927
10.0,1,42.513927
10.0,1,42.513927
-10.0,1,42.513927
10.0,1,42.529029
10.0,1,42.532319
-10.0,1,42.532319
-10.0,1,42.532319
10.0,1,42.541751
-10.0,1,42.543757
10.0,1,42.544762
-10.0,1,42.546769
10.0,1,42.555233
-10.0,1,42.555233
10.0,1,42.555233
-10.0,1,42.558241
-10.0,1,42.567455
10.0,1,42.569459
-10.0,1,42.571464
-10.0,1,42.571464
-10.0,1,42.57975
-10.0,1,42.57975
-10.0,1,42.57975
10.0,1,42.584898
-10.0,1,42.591707
-10.0,1,42.593712
-10.0,1,42.595717
10.0,1,42.597722
10.0,1,42.605495
-10.0,1,42.605495
-10.0,1,42.606911
-10.0,1,42.606911
-10.0,1,42.61537
-10.0,1,42.6164
-10.0,1,42.619862
-10.0,1,42.619862
10.0,1,42.628914
10.0,1,42.630461
-10.0,1,42.630461
-10.0,1,42.632399
-10.0,1,42.638851
-10.0,1,42.643036
-10.0,1,42.643036
-10.0,1,42.643036
10.0,1,42.652645
-10.0,1,42.654653
10.0,1,42.654653
-10.0,1,42.65837
-10.0,1,42.665563
-10.0,1,42.665563
-10.0,1,42.667339
10.0,1,42.670352
10.0,1,42.680753
-10.0,1,42.682758
10.0,1,42.684763
-10.0,1,42.686268
-10.0,1,42.69277
-10.0,1,42.694776
-10.0,1,42.694776
3.0,1,42.696781
-10.0,1,42.705503
-10.0,1,42.706531
10.0,1,42.706531
-10.0,1,42.709832
10.0,1,42.717436
-10.0,1,42.718576
10.0,1,42.72169
-10.0,1,42.72169
-10.0,1,42.728789
10.0,1,42.730795
-10.0,1,42.7328
10.0,1,42.734059
10.0,1,42.743535
-10.0,1,42.743535
-10.0,1,42.743535
-10.0,1,42.743535
10.0,1,42.75541
-10.0,1,42.75541
10.0,1,42.758419
-10.0,1,42.760424
10.0,1,42.769357
10.0,1,42.770588
-10.0,1,42.771862
10.0,1,42.775806
-10.0,1,42.784567
-10.0,1,42.786574
-10.0,1,42.786574
-10.0,1,42.788579
-10.0,1,42.796048
10.0,1,42.797177
-10.0,1,42.797177
-10.0,1,42.801627
-10.0,1,42.806856
-10.0,1,42.810346
-10.0,1,42.812094
-10.0,1,42.813165
10.0,1,42.820648
10.0,1,42.821688
10.0,1,42.824114
-10.0,1,42.827851
-10.0,1,42.833793
10.0,1,42.837803
-10.0,1,42.837803
-10.0,1,42.839808
10.0,1,42.846288
10.0,1,42.849586
10.0,1,42.8518
10.0,1,42.8518
-10.0,1,42.859618
10.0,1,42.863317
-10.0,1,42.863317
10.0,1,42.863317
-10.0,1,42.871871
10.0,1,42.873046
-10.0,1,42.875553
-10.0,1,42.875553
-10.0,1,42.883252
-10.0,1,42.884427
-10.0,1,42.884427
-10.0,1,42.884427
10.0,1,42.896429
-10.0,1,42.896429
10.0,1,42.89905
-10.0,1,42.900607
-10.0,1,42.907802
-10.0,1,42.909808
10.0,1,42.911813
10.0,1,42.913818
10.0,1,42.922375
10.0,1,42.925374
-10.0,1,42.925374
-10.0,1,42.925374
-10.0,1,42.934373
-10.0,1,42.935535
10.0,1,42.938042
10.0,1,42.941401
-10.0,1,42.947483
-10.0,1,42.949421
-10.0,1,42.950618
10.0,1,42.951714
-10.0,1,42.959737
-10.0,1,42.959737
-10.0,1,42.959737
-10.0,1,42.959737
-10.0,1,42.968254
10.0,1,42.970804
-10.0,1,42.970804
10.0,1,42.976267
10.0,1,42.983132
-10.0,1,42.984165
-10.0,1,42.98567
10.0,1,42.98567
-10.0,1,42.99477
-10.0,1,42.99477
3.0,1,42.99477
10.0,1,42.998997
-10.0,1,43.009877
-10.0,1,43.013823
-10.0,1,43.015827
-10.0,1,43.016832
10.0,1,43.024153
-10.0,1,43.026159
-10.0,1,43.028163
-10.0,1,43.028163
-10.0,1,43.037259
-10.0,1,43.039264
10.0,1,43.04127
-10.0,1,43.04127
-10.0,1,43.048548
-10.0,1,43.050555
-10.0,1,43.05256
-10.0,1,43.05256
-10.0,1,43.058542
-10.0,1,43.060859
-10.0,1,43.060859
-10.0,1,43.060859
-10.0,1,43.069392
10.0,1,43.071398
-10.0,1,43.073403
10.0,1,43.073403
10.0,1,43.082238
10.0,1,43.082238
-10.0,1,43.08441
-10.0,1,43.08441
-10.0,1,43.093843
-10.0,1,43.095849
10.0,1,43.097853
-10.0,1,43.097853
-10.0,1,43.105
10.0,1,43.107004
-10.0,1,43.107004
10.0,1,43.109009
10.0,1,43.117269
10.0,1,43.123077
10.0,1,43.123077
10.0,1,43.125723
10.0,1,43.132687
10.0,1,43.132687
10.0,1,43.132687
10.0,1,43.132687
-10.0,1,43.148073
-10.0,1,43.150078
-10.0,1,43.152084
-10.0,1,43.154088
10.0,1,43.161552
10.0,1,43.165091
-10.0,1,43.165091
-10.0,1,43.165091
10.0,1,43.174549
-10.0,1,43.174549
-10.0,1,43.176555
-10.0,1,43.176555
-10.0,1,43.184109
-10.0,1,43.185223
-10.0,1,43.187383
-10.0,1,43.187383
10.0,1,43.196919
-10.0,1,43.196919
-10.0,1,43.196919
10.0,1,43.196919
10.0,1,43.206976
-10.0,1,43.206976
-10.0,1,43.206976
-10.0,1,43.206976
-10.0,1,43.216686
10.0,1,43.218394
-10.0,1,43.218394
-10.0,1,43.221418
-10.0,1,43.234108
10.0,1,43.236114
-10.0,1,43.237118
10.0,1,43.239124
10.0,1,43.247571
10.0,1,43.247571
10.0,1,43.249835
-10.0,1,43.252807
-10.0,1,43.259867
10.0,1,43.260888
-10.0,1,43.262331
-10.0,1,43.262331
10.0,1,43.271029
10.0,1,43.273035
-10.0,1,43.27504
10.0,1,43.277045
-10.0,1,43.283231
-10.0,1,43.286136
10.0,1,43.289706
-10.0,1,43.289706
-10.0,1,43.296608
-10.0,1,43.296608
-10.0,1,43.300827
-10.0,1,43.303126
-10.0,1,43.308959
-10.0,1,43.310529
-10.0,1,43.310529
-10.0,1,43.313357
-10.0,1,43.320489
-10.0,1,43.320489
10.0,1,43.322495
-10.0,1,43.3245
-10.0,1,43.330738
10.0,1,43.337995
10.0,1,43.337995
-10.0,1,43.340523
10.0,1,43.347873
10.0,1,43.350968
10.0,1,43.350968
-10.0,1,43.353228
10.0,1,43.362899
-10.0,1,43.363904
-10.0,1,43.365832
10.0,1,43.365832
-10.0,1,43.375819
10.0,1,43.375819
-10.0,1,43.377954
-10.0,1,43.382143
10.0,1,43.388701
10.0,1,43.389752
-10.0,1,43.389752
3.0,1,43.395779
-10.0,1,43.401712
-10.0,1,43.403718
-10.0,1,43.403718
-10.0,1,43.405724
10.0,1,43.412678
-10.0,1,43.413708
-10.0,1,43.415613
-10.0,1,43.416938
-10.0,1,43.423821
-10.0,1,43.426962
-10.0,1,43.426962
10.0,1,43.426962
-10.0,1,43.435806
-10.0,1,43.438
10.0,1,43.438
-10.0,1,43.438
-10.0,1,43.451365
-10.0,1,43.451365
10.0,1,43.451365
-10.0,1,43.455151
-10.0,1,43.461219
-10.0,1,43.463508
-10.0,1,43.46601
-10.0,1,43.46601
-10.0,1,43.474217
10.0,1,43.475223
10.0,1,43.475223
-10.0,1,43.475223
10.0,1,43.488036
10.0,1,43.490043
-10.0,1,43.491049
-10.0,1,43.491049
10.0,1,43.500931
-10.0,1,43.502937
10.0,1,43.504941
10.0,1,43.505947
-10.0,1,43.513849
-10.0,1,43.513849
10.0,1,43.513849
-10.0,1,43.513849
-10.0,1,43.525155
-10.0,1,43.526206
10.0,1,43.529266
-10.0,1,43.529266
-10.0,1,43.536242
10.0,1,43.539754
-10.0,1,43.541759
-10.0,1,43.541759
10.0,1,43.549753
-10.0,1,43.551759
-10.0,1,43.551759
10.0,1,43.558734
-10.0,1,43.565155
10.0,1,43.568425
10.0,1,43.569431
-10.0,1,43.569431
10.0,1,43.579135
-10.0,1,43.579135
-10.0,1,43.581356
10.0,1,43.584059
-10.0,1,43.590049
-10.0,1,43.592054
10.0,1,43.594059
10.0,1,43.596065
-10.0,1,43.604199
-10.0,1,43.605222
-10.0,1,43.605222
-10.0,1,43.607813
10.0,1,43.615826
-10.0,1,43.616831
-10.0,1,43.617925
10.0,1,43.621144
-10.0,1,43.628212
10.0,1,43.631106
-10.0,1,43.631106
-10.0,1,43.632853
10.0,1,43.642156
-10.0,1,43.642156
-10.0,1,43.644626
-10.0,1,43.647192
-10.0,1,43.64894
-10.0,1,43.654348
10.0,1,43.655967
-10.0,1,43.65743
-10.0,1,43.666707
10.0,1,43.668714
-10.0,1,43.668714
-10.0,1,43.670719
-10.0,1,43.676735
-10.0,1,43.678739
-10.0,1,43.680484
10.0,1,43.682489
10.0,1,43.690511
10.0,1,43.692514
-10.0,1,43.694518
-10.0,1,43.696262
-10.0,1,43.704283
-10.0,1,43.704283
-10.0,1,43.706287
-10.0,1,43.708292
10.0,1,43.716057
10.0,1,43.718061
-10.0,1,43.720064
-10.0,1,43.722068
-10.0,1,43.728086
-10.0,1,43.73031
-10.0,1,43.73031
-10.0,1,43.73031
10.0,1,43.740465
10.0,1,43.742471
-10.0,1,43.744217
-10.0,1,43.746223
-10.0,1,43.75371
-10.0,1,43.75371
10.0,1,43.758941
-10.0,1,43.759949
10.0,1,43.766091
10.0,1,43.768928
-10.0,1,43.768928
-10.0,1,43.768928
10.0,1,43.781291
-10.0,1,43.781291
-10.0,1,43.781291
-10.0,1,43.781291
-10.0,1,43.791992
-10.0,1,43.793999
-10.0,1,43.793999
-10.0,1,43.796004
10.0,1,43.803873
10.0,1,43.803873
10.0,1,43.807903
10.0,1,43.808979
-10.0,1,43.816751
10.0,1,43.816751
-10.0,1,43.819186
-10.0,1,43.819186
-10.0,1,43.827672
-10.0,1,43.829676
10.0,1,43.831681
10.0,1,43.833685
10.0,1,43.842855
10.0,1,43.842855
-10.0,1,43.84525
-10.0,1,43.84525
-10.0,1,43.853484
-10.0,1,43.854689
-10.0,1,43.855699
-10.0,1,43.85677
-10.0,1,43.865424
-10.0,1,43.868545
-10.0,1,43.868545
-10.0,1,43.870976
10.0,1,43.878212
-10.0,1,43.878212
-10.0,1,43.880976
-10.0,1,43.880976
-10.0,1,43.89247
10.0,1,43.895496
-10.0,1,43.895496
-10.0,1,43.897743
-10.0,1,43.902701
-10.0,1,43.902701
10.0,1,43.902701
10.0,1,43.902701
10.0,1,43.916252
-10.0,1,43.916252
-10.0,1,43.918759
-10.0,1,43.920092
10.0,1,43.926543
-10.0,1,43.927562
-10.0,1,43.929884
10.0,1,43.932338
10.0,1,43.940517
-10.0,1,43.940517
-10.0,1,43.940517
-10.0,1,43.940517
-10.0,1,43.950822
10.0,1,43.953987
10.0,1,43.953987
-10.0,1,43.956245
10.0,1,43.963551
10.0,1,43.964614
-10.0,1,43.966621
-10.0,1,43.968449
-10.0,1,43.974616
10.0,1,43.975671
-10.0,1,43.977488
10.0,1,43.980911
10.0,1,43.988137
-10.0,1,43.990142
-10.0,1,43.992147
10.0,1,43.994151
-10.0,1,44.004681
-10.0,1,44.00571
10.0,1,44.007715
10.0,1,44.00972
3.0,1,44.017088
10.0,1,44.017088
10.0,1,44.017088
-10.0,1,44.017088
10.0,1,44.032209
-10.0,1,44.032209
10.0,1,44.032209
10.0,1,44.037584
10.0,1,44.045958
10.0,1,44.047963
10.0,1,44.047963
-10.0,1,44.049968
-10.0,1,44.055254
-10.0,1,44.05864
10.0,1,44.05864
-10.0,1,44.062086
-10.0,1,44.069157
-10.0,1,44.070205
-10.0,1,44.070205
10.0,1,44.072627
-10.0,1,44.078575
-10.0,1,44.08024
10.0,1,44.084781
10.0,1,44.084781
-10.0,1,44.092027
10.0,1,44.094047
-10.0,1,44.094047
-10.0,1,44.094047
-10.0,1,44.103358
10.0,1,44.106662
10.0,1,44.109006
10.0,1,44.111105
-10.0,1,44.120936
-10.0,1,44.122941
-10.0,1,44.124946
-10.0,1,44.125951
-10.0,1,44.133134
-10.0,1,44.135139
10.0,1,44.137145
-10.0,1,44.139149
-10.0,1,44.146252
-10.0,1,44.147284
-10.0,1,44.147284
10.0,1,44.151661
-10.0,1,44.156949
-10.0,1,44.159526
-10.0,1,44.159526
-10.0,1,44.161881
10.0,1,44.168822
10.0,1,44.17179
10.0,1,44.173889
10.0,1,44.176593
-10.0,1,44.182788
10.0,1,44.182788
-10.0,1,44.182788
-10.0,1,44.182788
10.0,1,44.194809
-10.0,1,44.196815
-10.0,1,44.19882
-10.0,1,44.19882
-10.0,1,44.20676
10.0,1,44.207778
-10.0,1,44.208954
10.0,1,44.21095
10.0,1,44.220632
-10.0,1,44.221999
10.0,1,44.227843
-10.0,1,44.227843
-10.0,1,44.234925
-10.0,1,44.235973
-10.0,1,44.235973
-10.0,1,44.239192
-10.0,1,44.246862
10.0,1,44.249924
-10.0,1,44.251671
10.0,1,44.253875
3.0,1,44.261898
10.0,1,44.26559
10.0,1,44.267346
10.0,1,44.267346
-10.0,1,44.273736
-10.0,1,44.273736
-10.0,1,44.273736
10.0,1,44.273736
10.0,1,44.286843
10.0,1,44.288849
10.0,1,44.290854
10.0,1,44.292859
-10.0,1,44.301071
-10.0,1,44.303077
10.0,1,44.305084
-10.0,1,44.307087
-10.0,1,44.313808
-10.0,1,44.314814
10.0,1,44.314814
-10.0,1,44.314814
10.0,1,44.325372
10.0,1,44.327377
-10.0,1,44.329382
-10.0,1,44.332654
-10.0,1,44.340947
-10.0,1,44.342953
-10.0,1,44.342953
-10.0,1,44.344958
-10.0,1,44.352327
10.0,1,44.352327
-10.0,1,44.354885
-10.0,1,44.356794
3.0,1,44.364591
-10.0,1,44.364591
-10.0,1,44.364591
10.0,1,44.368336
-10.0,1,44.37453
-10.0,1,44.376536
-10.0,1,44.376536
-10.0,1,44.376536
-10.0,1,44.384568
10.0,1,44.386573
-10.0,1,44.388578
-10.0,1,44.388578
10.0,1,44.397419
3.0,1,44.399425
-10.0,1,44.399425
10.0,1,44.403434
-10.0,1,44.41019
-10.0,1,44.41019
-10.0,1,44.414182
-10.0,1,44.415609
10.0,1,44.421419
10.0,1,44.423424
10.0,1,44.427434
10.0,1,44.429438
10.0,1,44.437472
-10.0,1,44.438762
10.0,1,44.441977
-10.0,1,44.445198
10.0,1,44.454505
-10.0,1,44.457517
-10.0,1,44.457517
10.0,1,44.461026
10.0,1,44.468529
10.0,1,44.471742
-10.0,1,44.471742
10.0,1,44.473489
-10.0,1,44.480107
-10.0,1,44.480107
-10.0,1,44.480107
3.0,1,44.480107
-10.0,1,44.490181
-10.0,1,44.491202
-10.0,1,44.491202
-10.0,1,44.491202
10.0,1,44.502733
-10.0,1,44.502733
10.0,1,44.507045
-10.0,1,44.507045
10.0,1,44.515321
-10.0,1,44.515321
-10.0,1,44.51811
-10.0,1,44.51811
-10.0,1,44.525751
-10.0,1,44.52677
-10.0,1,44.52677
-10.0,1,44.52677
-10.0,1,44.536529
-10.0,1,44.538535
10.0,1,44.540541
-10.0,1,44.542547
10.0,1,44.549774
-10.0,1,44.549774
-10.0,1,44.55228
-10.0,1,44.55228
10.0,1,44.562957
10.0,1,44.564963
-10.0,1,44.566967
10.0,1,44.569977
-10.0,1,44.576931
-10.0,1,44.576931
-10.0,1,44.579699
10.0,1,44.579699
-10.0,1,44.58801
10.0,1,44.590014
10.0,1,44.592018
10.0,1,44.594023
10.0,1,44.602562
10.0,1,44.602562
-10.0,1,44.604735
10.0,1,44.606737
10.0,1,44.613013
-10.0,1,44.615017
-10.0,1,44.617023
10.0,1,44.619027
-10.0,1,44.627197
-10.0,1,44.627197
-10.0,1,44.629202
-10.0,1,44.629202
-10.0,1,44.638478
-10.0,1,44.638478
-10.0,1,44.638478
-10.0,1,44.638478
10.0,1,44.649542
10.0,1,44.651897
3.0,1,44.651897
-10.0,1,44.651897
10.0,1,44.662525
10.0,1,44.667016
-10.0,1,44.668363
-10.0,1,44.670368
-10.0,1,44.676172
-10.0,1,44.678207
10.0,1,44.679331
10.0,1,44.680882
-10.0,1,44.688465
10.0,1,44.690471
10.0,1,44.692477
10.0,1,44.694222
-10.0,1,44.701702
-10.0,1,44.702726
10.0,1,44.704731
10.0,1,44.706736
-10.0,1,44.714066
-10.0,1,44.715161
-10.0,1,44.715161
-10.0,1,44.715161
-10.0,1,44.724339
-10.0,1,44.726085
10.0,1,44.72809
-10.0,1,44.72809
-10.0,1,44.733356
-10.0,1,44.736499
10.0,1,44.736499
10.0,1,44.739144
-10.0,1,44.747502
-10.0,1,44.749508
10.0,1,44.751513
-10.0,1,44.751513
-10.0,1,44.758528
10.0,1,44.759031
10.0,1,44.759031
-10.0,1,44.759031
-10.0,1,44.769587
-10.0,1,44.770607
10.0,1,44.770607
-10.0,1,44.770607
-10.0,1,44.781677
-10.0,1,44.781677
-10.0,1,44.781677
-10.0,1,44.781677
-10.0,1,44.79167
-10.0,1,44.792751
-10.0,1,44.794719
10.0,1,44.794719
10.0,1,44.807552
10.0,1,44.807552
-10.0,1,44.810627
10.0,1,44.814167
10.0,1,44.821252
10.0,1,44.821252
-10.0,1,44.821252
-10.0,1,44.821252
-10.0,1,44.832247
-10.0,1,44.834252
-10.0,1,44.836256
10.0,1,44.837261
10.0,1,44.845713
10.0,1,44.849723
-10.0,1,44.849723
10.0,1,44.853232
-10.0,1,44.859697
10.0,1,44.861701
10.0,1,44.863705
-10.0,1,44.863705
10.0,1,44.870437
10.0,1,44.873096
-10.0,1,44.875202
-10.0,1,44.875202
-10.0,1,44.883282
-10.0,1,44.883282
-10.0,1,44.885396
-10.0,1,44.885396
10.0,1,44.899527
-10.0,1,44.90057
10.0,1,44.902752
-10.0,1,44.902752
-10.0,1,44.910389
-10.0,1,44.91145
10.0,1,44.91465
-10.0,1,44.91465
10.0,1,44.922768
-10.0,1,44.922768
-10.0,1,44.922768
-10.0,1,44.926863
10.0,1,44.932259
3.0,1,44.934346
-10.0,1,44.934346
-10.0,1,44.934346
10.0,1,44.944922
-10.0,1,44.946928
-10.0,1,44.947933
-10.0,1,44.949939
10.0,1,44.956956
-10.0,1,44.958978
10.0,1,44.958978
-10.0,1,44.958978
10.0,1,44.968003
-10.0,1,44.970009
-10.0,1,44.972014
10.0,1,44.974019
10.0,1,44.979838
10.0,1,44.981843
-10.0,1,44.983848
-10.0,1,44.985853
10.0,1,44.992285
10.0,1,44.999987
-10.0,1,45.001312
-10.0,1,45.001312
10.0,1,45.009333
-10.0,1,45.011356
-10.0,1,45.012503
-10.0,1,45.012503
-10.0,1,45.019044
10.0,1,45.019044
-10.0,1,45.019044
10.0,1,45.019044
-10.0,1,45.031002
-10.0,1,45.032066
-10.0,1,45.032066
3.0,1,45.03526
-10.0,1,45.044687
10.0,1,45.046693
-10.0,1,45.046693
-10.0,1,45.048698
-10.0,1,45.05721
-10.0,1,45.058215
10.0,1,45.059219
-10.0,1,45.061224
10.0,1,45.068271
-10.0,1,45.06934
10.0,1,45.06934
-10.0,1,45.072229
-10.0,1,45.080355
-10.0,1,45.080355
10.0,1,45.08232
10.0,1,45.084324
10.0,1,45.092165
-10.0,1,45.093204
-10.0,1,45.095141
10.0,1,45.098224
-10.0,1,45.104185
-10.0,1,45.105931
10.0,1,45.111762
10.0,1,45.111762
-10.0,1,45.119825
-10.0,1,45.121571
-10.0,1,45.123575
-10.0,1,45.123575
-10.0,1,45.130893
-10.0,1,45.131926
-10.0,1,45.1334
-10.0,1,45.1334
10.0,1,45.141692
-10.0,1,45.143698
10.0,1,45.145703
-10.0,1,45.147708
-10.0,1,45.155197
10.0,1,45.157982
10.0,1,45.159488
10.0,1,45.162678
-10.0,1,45.169462
-10.0,1,45.169462
10.0,1,45.172404
-10.0,1,45.17371
-10.0,1,45.179411
10.0,1,45.179411
10.0,1,45.185531
-10.0,1,45.185531
-10.0,1,45.192028
-10.0,1,45.194617
-10.0,1,45.196626
-10.0,1,45.196626
-10.0,1,45.204202
-10.0,1,45.204202
-10.0,1,45.206207
10.0,1,45.208212
-10.0,1,45.210217
10.0,1,45.210217
-10.0,1,45.218891
-10.0,1,45.221994
-10.0,1,45.227248
-10.0,1,45.227248
-10.0,1,45.227248
-10.0,1,45.234955
-10.0,1,45.241244
10.0,1,45.243867
10.0,1,45.243867
-10.0,1,45.245976
-10.0,1,45.249011
-10.0,1,45.254665
10.0,1,45.25667
10.0,1,45.259679
10.0,1,45.266583
10.0,1,45.269182
-10.0,1,45.269182
10.0,1,45.273477
-10.0,1,45.279357
-10.0,1,45.281103
-10.0,1,45.283107
-10.0,1,45.283107
10.0,1,45.291368
-10.0,1,45.292382
-10.0,1,45.292382
10.0,1,45.295492
-10.0,1,45.302188
-10.0,1,45.302188
-10.0,1,45.304193
-10.0,1,45.306198
-10.0,1,45.313098
-10.0,1,45.315602
-10.0,1,45.315602
-10.0,1,45.317558
-10.0,1,45.324041
-10.0,1,45.326047
-10.0,1,45.326047
-10.0,1,45.328052
-10.0,1,45.338191
10.0,1,45.339366
-10.0,1,45.341743
10.0,1,45.341743
10.0,1,45.351354
10.0,1,45.352419
10.0,1,45.352419
10.0,1,45.356236
10.0,1,45.36588
-10.0,1,45.36588
10.0,1,45.367885
-10.0,1,45.369889
-10.0,1,45.376021
10.0,1,45.378862
10.0,1,45.381008
-10.0,1,45.381008
-10.0,1,45.388672
-10.0,1,45.388672
-10.0,1,45.391679
-10.0,1,45.393575
-10.0,1,45.400633
-10.0,1,45.400633
-10.0,1,45.402639
-10.0,1,45.404644
10.0,1,45.412055
-10.0,1,45.412055
-10.0,1,45.412055
-10.0,1,45.412055
-10.0,1,45.42104
10.0,1,45.42499
-10.0,1,45.42499
10.0,1,45.428365
10.0,1,45.436552
10.0,1,45.436552
-10.0,1,45.440556
-10.0,1,45.440556
10.0,1,45.449211
-10.0,1,45.453221
-10.0,1,45.453221
10.0,1,45.455227
10.0,1,45.463494
-10.0,1,45.463494
-10.0,1,45.463494
10.0,1,45.468775
-10.0,1,45.474874
10.0,1,45.476879
-10.0,1,45.476879
10.0,1,45.478883
10.0,1,45.487291
10.0,1,45.489296
-10.0,1,45.491302
10.0,1,45.491302
-10.0,1,45.499184
-10.0,1,45.500943
-10.0,1,45.502954
-10.0,1,45.503958
10.0,1,45.512759
-10.0,1,45.512759
10.0,1,45.516769
-10.0,1,45.516769
-10.0,1,45.525249
-10.0,1,45.525249
-10.0,1,45.528042
-10.0,1,45.529399
-10.0,1,45.536508
10.0,1,45.538513
10.0,1,45.538513
10.0,1,45.540517
-10.0,1,45.548762
-10.0,1,45.550508
-10.0,1,45.551587
10.0,1,45.555819
-10.0,1,45.562876
10.0,1,45.564881
-10.0,1,45.566627
-10.0,1,45.568632
-10.0,1,45.575156
-10.0,1,45.575156
-10.0,1,45.575156
10.0,1,45.580458
-10.0,1,45.586883
10.0,1,45.586883
-10.0,1,45.586883
-10.0,1,45.586883
-10.0,1,45.598106
-10.0,1,45.600434
10.0,1,45.603541
-10.0,1,45.605778
10.0,1,45.612224
-10.0,1,45.61397
10.0,1,45.615974
-10.0,1,45.617979
10.0,1,45.625394
-10.0,1,45.625394
10.0,1,45.629403
-10.0,1,45.629403
-10.0,1,45.6363
-10.0,1,45.638305
10.0,1,45.64031
-10.0,1,45.642314
-10.0,1,45.650505
10.0,1,45.65251
-10.0,1,45.654515
-10.0,1,45.654515
-10.0,1,45.664494
10.0,1,45.667553
-10.0,1,45.669558
-10.0,1,45.671564
-10.0,1,45.678691
-10.0,1,45.680696
10.0,1,45.682702
10.0,1,45.684706
-10.0,1,45.691947
10.0,1,45.693018
10.0,1,45.693018
-10.0,1,45.697239
-10.0,1,45.703704
-10.0,1,45.704821
-10.0,1,45.704821
-10.0,1,45.704821
-10.0,1,45.714166
10.0,1,45.716171
10.0,1,45.718175
-10.0,1,45.718175
-10.0,1,45.723001
10.0,1,45.726753
-10.0,1,45.726753
-10.0,1,45.728757
-10.0,1,45.735147
-10.0,1,45.735147
-10.0,1,45.737153
-10.0,1,45.737153
10.0,1,45.749901
10.0,1,45.749901
-10.0,1,45.752567
-10.0,1,45.754682
10.0,1,45.761319
-10.0,1,45.763324
10.0,1,45.76533
-10.0,1,45.767334
-10.0,1,45.773624
10.0,1,45.777114
-10.0,1,45.777114
-10.0,1,45.781329
-10.0,1,45.788546
-10.0,1,45.789731
-10.0,1,45.789731
-10.0,1,45.789731
-10.0,1,45.79947
-10.0,1,45.79947
10.0,1,45.803514
10.0,1,45.80452
-10.0,1,45.811215
10.0,1,45.81322
10.0,1,45.815225
10.0,1,45.817231
-10.0,1,45.827172
-10.0,1,45.829176
-10.0,1,45.829176
-10.0,1,45.831183
-10.0,1,45.839341
-10.0,1,45.841346
-10.0,1,45.841346
-10.0,1,45.843351
-10.0,1,45.849241
-10.0,1,45.851245
10.0,1,45.854257
-10.0,1,45.854257
-10.0,1,45.860913
-10.0,1,45.860913
10.0,1,45.862918
-10.0,1,45.864923
10.0,1,45.87078
-10.0,1,45.872785
-10.0,1,45.87479
-10.0,1,45.87479
-10.0,1,45.882123
10.0,1,45.884128
-10.0,1,45.884128
10.0,1,45.891525
10.0,1,45.89998
-10.0,1,45.901985
-10.0,1,45.90399
10.0,1,45.905996
-10.0,1,45.912279
10.0,1,45.914747
3.0,1,45.915754
10.0,1,45.916856
10.0,1,45.925817
10.0,1,45.925817
10.0,1,45.927968
10.0,1,45.931475
10.0,1,45.937598
10.0,1,45.939605
10.0,1,45.941609
-10.0,1,45.943614
-10.0,1,45.950598
10.0,1,45.952603
10.0,1,45.954608
10.0,1,45.956613
10.0,1,45.966009
-10.0,1,45.966009
10.0,1,45.968014
10.0,1,45.970019
-10.0,1,45.976637
-10.0,1,45.978643
10.0,1,45.980648
10.0,1,45.982653
10.0,1,45.991572
10.0,1,45.993577
-10.0,1,45.994581
10.0,1,45.999902
10.0,1,46.005801
-10.0,1,46.007806
-10.0,1,46.009811
10.0,1,46.011818
10.0,1,46.020349
-10.0,1,46.020349
-10.0,1,46.022354
-10.0,1,46.022354
-10.0,1,46.030592
-10.0,1,46.031703
10.0,1,46.031703
-10.0,1,46.035171
-10.0,1,46.042983
10.0,1,46.044989
10.0,1,46.046995
-10.0,1,46.049
-10.0,1,46.054486
-10.0,1,46.057802
-10.0,1,46.057802
-10.0,1,46.060309
-10.0,1,46.067816
-10.0,1,46.067816
10.0,1,46.067816
10.0,1,46.067816
10.0,1,46.081398
-10.0,1,46.083402
-10.0,1,46.083402
10.0,1,46.085407
-10.0,1,46.089764
-10.0,1,46.089764
10.0,1,46.089764
-10.0,1,46.089764
-10.0,1,46.102564
-10.0,1,46.102564
10.0,1,46.105575
10.0,1,46.105575
10.0,1,46.117703
-10.0,1,46.117703
10.0,1,46.122418
-10.0,1,46.122418
3.0,1,46.129754
-10.0,1,46.129754
-10.0,1,46.13202
10.0,1,46.133394
3.0,1,46.140346
10.0,1,46.142351
10.0,1,46.144355
10.0,1,46.148366
10.0,1,46.15338
10.0,1,46.155552
-10.0,1,46.157565
-10.0,1,46.157565
10.0,1,46.166223
-10.0,1,46.16797
10.0,1,46.170808
-10.0,1,46.170808
-10.0,1,46.177792
10.0,1,46.179799
-10.0,1,46.181803
-10.0,1,46.183808
-10.0,1,46.189038
10.0,1,46.192357
3.0,1,46.192357
-10.0,1,46.192357
-10.0,1,46.200585
-10.0,1,46.201601
-10.0,1,46.201601
10.0,1,46.205928
-10.0,1,46.212042
10.0,1,46.212042
10.0,1,46.215563
-10.0,1,46.219144
-10.0,1,46.227624
10.0,1,46.229837
-10.0,1,46.231584
-10.0,1,46.232702
-10.0,1,46.232702
10.0,1,46.232702
-10.0,1,46.232702
-10.0,1,46.232702
-10.0,1,46.249343
10.0,1,46.251346
-10.0,1,46.253348
-10.0,1,46.253348
-10.0,1,46.260855
-10.0,1,46.260855
10.0,1,46.262598
10.0,1,46.264603
10.0,1,46.272352
10.0,1,46.274354
-10.0,1,46.277534
10.0,1,46.278536
-10.0,1,46.286546
-10.0,1,46.288548
-10.0,1,46.29055
10.0,1,46.292552
10.0,1,46.300302
-10.0,1,46.302045
10.0,1,46.304047
10.0,1,46.306049
-10.0,1,46.314059
-10.0,1,46.314059
10.0,1,46.318062
-10.0,1,46.318062
-10.0,1,46.325811
-10.0,1,46.329818
10.0,1,46.333822
10.0,1,46.335824
-10.0,1,46.34157
10.0,1,46.345577
-10.0,1,46.345577
-10.0,1,46.34758
-10.0,1,46.355588
10.0,1,46.357331
-10.0,1,46.360839
-10.0,1,46.362841
-10.0,1,46.583107
-10.0,1,46.584755
10.0,1,46.586385
10.0,1,46.590447
-10.0,1,46.59655
-10.0,1,46.597578
10.0,1,46.601712
10.0,1,46.601712
10.0,1,46.610483
-10.0,1,46.610483
-10.0,1,46.613125
10.0,1,46.613125
10.0,1,46.622524
10.0,1,46.622524
10.0,1,46.624527
3.0,1,46.627467
-10.0,1,46.632371
-10.0,1,46.632371
-10.0,1,46.632371
-10.0,1,46.632371
-10.0,1,46.642391
-10.0,1,46.644397
-10.0,1,46.646402
-10.0,1,46.646402
-10.0,1,46.653002
-10.0,1,46.655006
-10.0,1,46.657012
10.0,1,46.660524
10.0,1,46.671153
-10.0,1,46.671153
-10.0,1,46.674163
-10.0,1,46.674163
10.0,1,46.682003
10.0,1,46.684008
-10.0,1,46.686014
-10.0,1,46.686014
-10.0,1,46.693209
-10.0,1,46.695215
-10.0,1,46.697219
-10.0,1,46.697219
10.0,1,46.704441
-10.0,1,46.705947
-10.0,1,46.707504
10.0,1,46.710821
-10.0,1,46.715489
10.0,1,46.71861
-10.0,1,46.71861
-10.0,1,46.71861
10.0,1,46.727557
-10.0,1,46.730371
-10.0,1,46.730371
-10.0,1,46.732556
10.0,1,46.740806
-10.0,1,46.740806
-10.0,1,46.740806
-10.0,1,46.740806
-10.0,1,46.750859
10.0,1,46.752864
-10.0,1,46.754869
-10.0,1,46.756874
-10.0,1,46.76283
-10.0,1,46.763875
10.0,1,46.766529
-10.0,1,46.766529
-10.0,1,46.777142
-10.0,1,46.778185
10.0,1,46.778185
-10.0,1,46.780613
10.0,1,46.788838
-10.0,1,46.790843
-10.0,1,46.792848
-10.0,1,46.792848
10.0,1,46.802537
-10.0,1,46.802537
10.0,1,46.804862
-10.0,1,46.804862
-10.0,1,46.81217
-10.0,1,46.813291
-10.0,1,46.813291
10.0,1,46.816298
10.0,1,46.823815
10.0,1,46.824882
10.0,1,46.828757
-10.0,1,46.828757
-10.0,1,46.835845
10.0,1,46.83785
-10.0,1,46.839855
-10.0,1,46.839855
-10.0,1,46.845757
-10.0,1,46.8468
-10.0,1,46.849052
10.0,1,46.851059
-10.0,1,46.852164
10.0,1,46.860672
-10.0,1,46.860672
10.0,1,46.864191
10.0,1,46.866045
10.0,1,46.866045
10.0,1,46.866045
-10.0,1,46.866045
-10.0,1,46.888023
-10.0,1,46.889781
3.0,1,46.891785
10.0,1,46.89379
-10.0,1,46.900381
10.0,1,46.901401
-10.0,1,46.903145
-10.0,1,46.903145
-10.0,1,46.91262
-10.0,1,46.914631
10.0,1,46.916636
10.0,1,46.91864
10.0,1,46.925927
-10.0,1,46.925927
-10.0,1,46.927673
10.0,1,46.930999
10.0,1,46.939348
-10.0,1,46.939348
-10.0,1,46.941353
-10.0,1,46.941353
10.0,1,46.949548
10.0,1,46.951553
10.0,1,46.953558
-10.0,1,46.955563
-10.0,1,46.962019
10.0,1,46.962019
-10.0,1,46.964279
10.0,1,46.964279
-10.0,1,46.973476
-10.0,1,46.974573
-10.0,1,46.976689
-10.0,1,46.978181
10.0,1,46.985125
10.0,1,46.985125
10.0,1,46.985125
-10.0,1,46.990651
-10.0,1,46.999748
-10.0,1,46.999748
-10.0,1,46.999748
10.0,1,47.005769
10.0,1,47.012507
-10.0,1,47.012507
-10.0,1,47.012507
10.0,1,47.012507
-10.0,1,47.024234
-10.0,1,47.024234
-10.0,1,47.026239
-10.0,1,47.028244
-10.0,1,47.03477
-10.0,1,47.03477
10.0,1,47.03778
10.0,1,47.038925
10.0,1,47.045099
-10.0,1,47.049249
-10.0,1,47.049249
-10.0,1,47.051604
-10.0,1,47.058216
10.0,1,47.060221
-10.0,1,47.061228
-10.0,1,47.063232
-10.0,1,47.070287
10.0,1,47.072293
-10.0,1,47.074298
10.0,1,47.076302
-10.0,1,47.082985
-10.0,1,47.08473
10.0,1,47.086735
10.0,1,47.08874
10.0,1,47.097682
-10.0,1,47.101887
3.0,1,47.101887
-10.0,1,47.101887
10.0,1,47.116403
-10.0,1,47.116403
10.0,1,47.120414
-10.0,1,47.122418
-10.0,1,47.13136
-10.0,1,47.132366
10.0,1,47.134371
-10.0,1,47.136376
-10.0,1,47.142233
10.0,1,47.144238
10.0,1,47.146242
-10.0,1,47.148247
-10.0,1,47.154606
-10.0,1,47.154606
-10.0,1,47.154606
10.0,1,47.154606
-10.0,1,47.165785
-10.0,1,47.165785
-10.0,1,47.165785
-10.0,1,47.169783
-10.0,1,47.17579
-10.0,1,47.177794
-10.0,1,47.177794
-10.0,1,47.177794
-10.0,1,47.185886
-10.0,1,47.185886
-10.0,1,47.187891
10.0,1,47.189896
-10.0,1,47.195652
-10.0,1,47.195652
-10.0,1,47.195652
-10.0,1,47.195652
10.0,1,47.209053
-10.0,1,47.209053
10.0,1,47.212708
10.0,1,47.215702
-10.0,1,47.224555
-10.0,1,47.225609
10.0,1,47.227355
-10.0,1,47.228603
10.0,1,47.236434
10.0,1,47.23844
-10.0,1,47.240444
10.0,1,47.243455
-10.0,1,47.248817
-10.0,1,47.249831
3.0,1,47.249831
-10.0,1,47.253812
-10.0,1,47.259869
10.0,1,47.261373
-10.0,1,47.261373
10.0,1,47.263378
-10.0,1,47.270044
-10.0,1,47.271125
-10.0,1,47.272829
-10.0,1,47.274575
-10.0,1,47.280903
10.0,1,47.282908
-10.0,1,47.284913
-10.0,1,47.286918
10.0,1,47.293866
-10.0,1,47.295871
-10.0,1,47.295871
-10.0,1,47.297876
-10.0,1,47.303305
10.0,1,47.30531
-10.0,1,47.306814
10.0,1,47.308819
10.0,1,47.316636
10.0,1,47.316636
-10.0,1,47.318715
-10.0,1,47.320712
10.0,1,47.332741
-10.0,1,47.334746
10.0,1,47.33675
10.0,1,47.338496
-10.0,1,47.346255
-10.0,1,47.348261
-10.0,1,47.350265
-10.0,1,47.350265
10.0,1,47.358605
-10.0,1,47.358605
10.0,1,47.361612
-10.0,1,47.362616
-10.0,1,47.368098
-10.0,1,47.37023
-10.0,1,47.371605
-10.0,1,47.371605
10.0,1,47.381762
-10.0,1,47.381762
-10.0,1,47.383766
-10.0,1,47.385771
-10.0,1,47.394982
-10.0,1,47.394982
10.0,1,47.398684
-10.0,1,47.398684
-10.0,1,47.401741
-10.0,1,47.406139
10.0,1,47.406139
10.0,1,47.411396
-10.0,1,47.41617
3.0,1,47.417827
-10.0,1,47.419832
-10.0,1,47.419832
10.0,1,47.426777
-10.0,1,47.428781
10.0,1,47.430786
-10.0,1,47.432791
-10.0,1,47.440624
-10.0,1,47.44263
-10.0,1,47.44263
10.0,1,47.444634
-10.0,1,47.452243
10.0,1,47.454248
10.0,1,47.456253
-10.0,1,47.458258
10.0,1,47.464773
-10.0,1,47.466778
10.0,1,47.468783
-10.0,1,47.470788
-10.0,1,47.476566
10.0,1,47.47857
-10.0,1,47.47857
-10.0,1,47.480575
10.0,1,47.488995
10.0,1,47.491001
-10.0,1,47.493005
-10.0,1,47.496516
-10.0,1,47.502497
-10.0,1,47.502497
10.0,1,47.504502
10.0,1,47.508512
10.0,1,47.515819
-10.0,1,47.517824
-10.0,1,47.51983
-10.0,1,47.51983
-10.0,1,47.52699
10.0,1,47.530483
-10.0,1,47.530483
-10.0,1,47.530483
10.0,1,47.538109
-10.0,1,47.540114
10.0,1,47.54212
-10.0,1,47.543866
-10.0,1,47.554977
10.0,1,47.554977
-10.0,1,47.557229
10.0,1,47.559934
-10.0,1,47.56683
-10.0,1,47.568127
-10.0,1,47.569979
-10.0,1,47.569979
-10.0,1,47.578307
-10.0,1,47.578307
10.0,1,47.582838
10.0,1,47.582838
-10.0,1,47.591612
10.0,1,47.593617
10.0,1,47.595622
10.0,1,47.597627
-10.0,1,47.604624
10.0,1,47.60752
10.0,1,47.610215
10.0,1,47.610215
10.0,1,47.617671
10.0,1,47.619678
-10.0,1,47.621682
10.0,1,47.623428
10.0,1,47.633015
-10.0,1,47.633015
-10.0,1,47.633015
10.0,1,47.637112
10.0,1,47.6438
-10.0,1,47.6438
-10.0,1,47.6438
10.0,1,47.650912
10.0,1,47.660192
10.0,1,47.662296
-10.0,1,47.662296
-10.0,1,47.662296
10.0,1,47.672581
-10.0,1,47.672581
-10.0,1,47.672581
10.0,1,47.672581
-10.0,1,47.681839
-10.0,1,47.683844
-10.0,1,47.683844
-10.0,1,47.685848
-10.0,1,47.693008
-10.0,1,47.694054
10.0,1,47.695973
-10.0,1,47.69725
10.0,1,47.705832
-10.0,1,47.705832
10.0,1,47.711246
-10.0,1,47.711246
-10.0,1,47.71776
10.0,1,47.72077
-10.0,1,47.72077
-10.0,1,47.722776
-10.0,1,47.728695
-10.0,1,47.728695
-10.0,1,47.728695
-10.0,1,47.728695
-10.0,1,47.737354
-10.0,1,47.739447
-10.0,1,47.741452
10.0,1,47.743457
10.0,1,47.750675
-10.0,1,47.750675
-10.0,1,47.754039
-10.0,1,47.756091
10.0,1,47.762177
-10.0,1,47.763337
-10.0,1,47.763337
10.0,1,47.766346
-10.0,1,47.775666
-10.0,1,47.777671
-10.0,1,47.779676
-10.0,1,47.781682
-10.0,1,47.788278
-10.0,1,47.790283
-10.0,1,47.792288
-10.0,1,47.792288
10.0,1,47.80035
-10.0,1,47.802355
10.0,1,47.80436
3.0,1,47.806365
-10.0,1,47.813188
10.0,1,47.815193
10.0,1,47.817198
-10.0,1,47.819202
-10.0,1,47.825306
-10.0,1,47.825306
10.0,1,47.827312
10.0,1,47.831063
10.0,1,47.838164
-10.0,1,47.840169
-10.0,1,47.842175
10.0,1,47.845183
-10.0,1,47.849326
10.0,1,47.849326
-10.0,1,47.849326
10.0,1,47.849326
10.0,1,47.864339
10.0,1,47.865686
10.0,1,47.865686
-10.0,1,47.865686
10.0,1,47.874914
-10.0,1,47.876919
-10.0,1,47.876919
-10.0,1,47.876919
-10.0,1,47.891075
-10.0,1,47.892123
10.0,1,47.894128
10.0,1,47.896134
-10.0,1,47.902883
10.0,1,47.904888
-10.0,1,47.904888
-10.0,1,47.907897
10.0,1,47.914305
-10.0,1,47.914305
10.0,1,47.916311
-10.0,1,47.918316
-10.0,1,47.923869
10.0,1,47.925873
10.0,1,47.927878
10.0,1,47.929883
10.0,1,47.939016
-10.0,1,47.939016
-10.0,1,47.939016
10.0,1,47.939016
-10.0,1,47.950755
10.0,1,47.953603
10.0,1,47.956184
10.0,1,47.958921
10.0,1,47.965473
10.0,1,47.967478
-10.0,1,47.969483
-10.0,1,47.969483
-10.0,1,47.977221
-10.0,1,47.978254
-10.0,1,47.980259
-10.0,1,47.980259
10.0,1,47.987339
-10.0,1,47.991902
10.0,1,47.991902
-10.0,1,47.991902
10.0,1,48.005482
-10.0,1,48.005482
-10.0,1,48.007916
-10.0,1,48.009316
-10.0,1,48.016176
-10.0,1,48.016176
-10.0,1,48.016176
-10.0,1,48.019184
-10.0,1,48.02673
-10.0,1,48.02673
-10.0,1,48.028782
-10.0,1,48.028782
10.0,1,48.0374
-10.0,1,48.039406
-10.0,1,48.041411
-10.0,1,48.041411
-10.0,1,48.047642
10.0,1,48.048751
3.0,1,48.050645
-10.0,1,48.050645
3.0,1,48.058902
3.0,1,48.060907
-10.0,1,48.062412
-10.0,1,48.062412
-10.0,1,48.070901
-10.0,1,48.072906
10.0,1,48.07491
10.0,1,48.076914
-10.0,1,48.082553
10.0,1,48.082553
10.0,1,48.082553
10.0,1,48.082553
-10.0,1,48.098255
-10.0,1,48.098255
-10.0,1,48.098255
-10.0,1,48.103911
-10.0,1,48.111799
-10.0,1,48.112839
-10.0,1,48.114344
10.0,1,48.115389
10.0,1,48.125315
10.0,1,48.125315
-10.0,1,48.130357
10.0,1,48.130357
10.0,1,48.141116
10.0,1,48.143856
-10.0,1,48.143856
-10.0,1,48.146364
10.0,1,48.152383
-10.0,1,48.154388
-10.0,1,48.154388
-10.0,1,48.156394
10.0,1,48.164515
10.0,1,48.16652
10.0,1,48.168525
10.0,1,48.17053
3.0,1,48.178368
10.0,1,48.179549
-10.0,1,48.179549
10.0,1,48.184
-10.0,1,48.188782
-10.0,1,48.189857
-10.0,1,48.189857
-10.0,1,48.192612
-10.0,1,48.198788
-10.0,1,48.200793
10.0,1,48.202798
10.0,1,48.204803
10.0,1,48.211453
10.0,1,48.214447
10.0,1,48.219211
-10.0,1,48.219211
10.0,1,48.228277
10.0,1,48.228277
10.0,1,48.228277
10.0,1,48.232168
-10.0,1,48.240151
10.0,1,48.241897
-10.0,1,48.243902
-10.0,1,48.243902
10.0,1,48.250277
-10.0,1,48.252278
10.0,1,48.254283
-10.0,1,48.256289
-10.0,1,48.262414
-10.0,1,48.264428
10.0,1,48.265941
-10.0,1,48.265941
-10.0,1,48.275923
-10.0,1,48.276966
10.0,1,48.279492
-10.0,1,48.279492
-10.0,1,48.286988
-10.0,1,48.288994
-10.0,1,48.288994
-10.0,1,48.290999
10.0,1,48.298438
10.0,1,48.301984
10.0,1,48.301984
-10.0,1,48.304998
10.0,1,48.312625
-10.0,1,48.312625
-10.0,1,48.314809
-10.0,1,48.314809
-10.0,1,48.325277
10.0,1,48.325277
-10.0,1,48.325277
10.0,1,48.325277
-10.0,1,48.336204
-10.0,1,48.338547
-10.0,1,48.338547
-10.0,1,48.34294
-10.0,1,48.350072
-10.0,1,48.350072
-10.0,1,48.352077
10.0,1,48.355088
10.0,1,48.361015
10.0,1,48.364435
-10.0,1,48.366745
-10.0,1,48.366745
-10.0,1,48.373151
10.0,1,48.375157
10.0,1,48.377162
10.0,1,48.379166
10.0,1,48.38903
-10.0,1,48.390257
10.0,1,48.390257
10.0,1,48.393401
-10.0,1,48.400519
-10.0,1,48.402524
10.0,1,48.404528
-10.0,1,48.404528
10.0,1,48.411336
10.0,1,48.415346
10.0,1,48.41635
-10.0,1,48.418355
10.0,1,48.42462
-10.0,1,48.426625
-10.0,1,48.42863
-10.0,1,48.42863
10.0,1,48.4396
10.0,1,48.441605
-10.0,1,48.441605
-10.0,1,48.44361
-10.0,1,48.449704
-10.0,1,48.451709
-10.0,1,48.451709
10.0,1,48.455719
10.0,1,48.462631
-10.0,1,48.464136
-10.0,1,48.464136
-10.0,1,48.464136
10.0,1,48.475317
10.0,1,48.475317
10.0,1,48.477794
-10.0,1,48.479849
10.0,1,48.487568
-10.0,1,48.489573
-10.0,1,48.491578
-10.0,1,48.491578
-10.0,1,48.498586
-10.0,1,48.500591
-10.0,1,48.500591
-10.0,1,48.502597
-10.0,1,48.508368
-10.0,1,48.508368
10.0,1,48.511878
10.0,1,48.513883
10.0,1,48.52206
10.0,1,48.52206
-10.0,1,48.52206
-10.0,1,48.527737
-10.0,1,48.533963
-10.0,1,48.535968
-10.0,1,48.535968
10.0,1,48.537973
-10.0,1,48.548052
-10.0,1,48.54909
-10.0,1,48.551664
10.0,1,48.552966
-10.0,1,48.559906
10.0,1,48.561911
-10.0,1,48.562916
-10.0,1,48.564921
-10.0,1,48.57022
-10.0,1,48.57022
-10.0,1,48.572224
10.0,1,48.574236
10.0,1,48.581974
10.0,1,48.584681
-10.0,1,48.584681
-10.0,1,48.587035
-10.0,1,48.593229
-10.0,1,48.593229
-10.0,1,48.595234
-10.0,1,48.59724
-10.0,1,48.603523
-10.0,1,48.603523
10.0,1,48.607534
10.0,1,48.609539
-10.0,1,48.616785
-10.0,1,48.616785
-10.0,1,48.619327
10.0,1,48.622342
10.0,1,48.628087
-10.0,1,48.630093
-10.0,1,48.632097
-10.0,1,48.634102
10.0,1,48.640885
-10.0,1,48.640885
10.0,1,48.645237
-10.0,1,48.645237
10.0,1,48.652989
10.0,1,48.654735
-10.0,1,48.654735
-10.0,1,48.654735
-10.0,1,48.668854
10.0,1,48.670601
-10.0,1,48.672606
10.0,1,48.67461
10.0,1,48.680743
10.0,1,48.684867
10.0,1,48.686612
-10.0,1,48.688617
-10.0,1,48.694822
10.0,1,48.694822
10.0,1,48.700203
10.0,1,48.70204
-10.0,1,48.70888
-10.0,1,48.709908
10.0,1,48.709908
-10.0,1,48.712559
-10.0,1,48.719469
10.0,1,48.720696
10.0,1,48.724689
-10.0,1,48.724689
-10.0,1,48.731029
-10.0,1,48.733034
-10.0,1,48.734039
10.0,1,48.736043
10.0,1,48.741982
10.0,1,48.745991
-10.0,1,48.745991
-10.0,1,48.749743
10.0,1,48.757204
-10.0,1,48.757204
-10.0,1,48.759209
-10.0,1,48.761214
-10.0,1,48.769961
10.0,1,48.772855
-10.0,1,48.772855
-10.0,1,48.772855
10.0,1,48.783002
10.0,1,48.783002
10.0,1,48.783002
10.0,1,48.783002
10.0,1,48.795935
-10.0,1,48.796955
-10.0,1,48.796955
-10.0,1,48.796955
-10.0,1,48.80738
-10.0,1,48.808542
-10.0,1,48.810546
-10.0,1,48.810546
-10.0,1,48.818508
-10.0,1,48.818508
-10.0,1,48.820776
10.0,1,48.822287
10.0,1,48.828378
10.0,1,48.828378
-10.0,1,48.828378
-10.0,1,48.828378
10.0,1,48.840313
-10.0,1,48.840313
-10.0,1,48.842319
-10.0,1,48.844065
-10.0,1,48.850984
-10.0,1,48.852034
-10.0,1,48.852034
10.0,1,48.852034
10.0,1,48.861049
10.0,1,48.863062
10.0,1,48.863062
-10.0,1,48.863062
10.0,1,48.873848
-10.0,1,48.877084
-10.0,1,48.879741
-10.0,1,48.881746
-10.0,1,48.889423
10.0,1,48.891954
-10.0,1,48.891954
-10.0,1,48.891954
10.0,1,48.903111
-10.0,1,48.905116
-10.0,1,48.905116
-10.0,1,48.907121
-10.0,1,48.916489
-10.0,1,48.91753
-10.0,1,48.91753
-10.0,1,48.91753
-10.0,1,48.927609
10.0,1,48.928622
10.0,1,48.931888
-10.0,1,48.931888
-10.0,1,48.940461
10.0,1,48.943563
-10.0,1,48.943563
10.0,1,48.947857
10.0,1,48.955332
10.0,1,48.957337
-10.0,1,48.959342
-10.0,1,48.959342
10.0,1,48.966558
-10.0,1,48.968563
-10.0,1,48.970568
-10.0,1,48.972572
10.0,1,48.978875
10.0,1,48.98088
10.0,1,48.982886
10.0,1,48.984891
-10.0,1,48.995225
10.0,1,48.997231
-10.0,1,48.999237
-10.0,1,48.999237
-10.0,1,49.005998
-10.0,1,49.005998
10.0,1,49.008003
-10.0,1,49.010008
-10.0,1,49.016546
10.0,1,49.020684
10.0,1,49.023211
10.0,1,49.023211
10.0,1,49.033198
10.0,1,49.034203
10.0,1,49.036208
10.0,1,49.038212
-10.0,1,49.045064
-10.0,1,49.04707
-10.0,1,49.049074
-10.0,1,49.05008
-10.0,1,49.057327
-10.0,1,49.059332
-10.0,1,49.059332
10.0,1,49.061337
-10.0,1,49.065346
-10.0,1,49.070299
10.0,1,49.073751
-10.0,1,49.073751
-10.0,1,49.080722
10.0,1,49.080722
10.0,1,49.08361
-10.0,1,49.085557
10.0,1,49.093748
-10.0,1,49.095753
10.0,1,49.096757
-10.0,1,49.100993
-10.0,1,49.10889
-10.0,1,49.111804
10.0,1,49.112809
-10.0,1,49.114814
-10.0,1,49.122321
3.0,1,49.122321
10.0,1,49.126331
-10.0,1,49.126331
-10.0,1,49.135049
-10.0,1,49.136089
10.0,1,49.138093
10.0,1,49.140097
-10.0,1,49.146503
-10.0,1,49.148509
-10.0,1,49.148509
10.0,1,49.150514
-10.0,1,49.157165
-10.0,1,49.159169
-10.0,1,49.160176
-10.0,1,49.162183
10.0,1,49.168468
-10.0,1,49.172478
-10.0,1,49.172478
-10.0,1,49.174483
10.0,1,49.181238
-10.0,1,49.183244
10.0,1,49.185248
3.0,1,49.187253
10.0,1,49.195109
-10.0,1,49.197114
10.0,1,49.199118
3.0,1,49.201123
10.0,1,49.207434
-10.0,1,49.207434
10.0,1,49.207434
10.0,1,49.207434
-10.0,1,49.223327
10.0,1,49.22575
-10.0,1,49.22575
10.0,1,49.227755
-10.0,1,49.234398
-10.0,1,49.23674
-10.0,1,49.239248
10.0,1,49.240395
-10.0,1,49.247691
-10.0,1,49.249697
-10.0,1,49.251703
10.0,1,49.251703
-10.0,1,49.258607
-10.0,1,49.259688
-10.0,1,49.261286
-10.0,1,49.263292
-10.0,1,49.269804
-10.0,1,49.269804
-10.0,1,49.271309
-10.0,1,49.273314
10.0,1,49.279838
10.0,1,49.281843
-10.0,1,49.283848
-10.0,1,49.285853
10.0,1,49.292174
-10.0,1,49.293195
-10.0,1,49.295057
-10.0,1,49.295057
-10.0,1,49.303288
10.0,1,49.306754
-10.0,1,49.306754
-10.0,1,49.309317
-10.0,1,49.316755
10.0,1,49.316755
-10.0,1,49.319261
10.0,1,49.323994
3.0,1,49.331973
3.0,1,49.333985
-10.0,1,49.336048
-10.0,1,49.3371
10.0,1,49.345004
-10.0,1,49.346023
-10.0,1,49.346023
10.0,1,49.346023
-10.0,1,49.354626
-10.0,1,49.356863
10.0,1,49.358878
-10.0,1,49.360189
-10.0,1,49.366701
-10.0,1,49.368706
-10.0,1,49.368706
10.0,1,49.37071
10.0,1,49.379398
10.0,1,49.379398
-10.0,1,49.383571
10.0,1,49.3869
-10.0,1,49.391911
10.0,1,49.393916
-10.0,1,49.395921
-10.0,1,49.395921
-10.0,1,49.402811
-10.0,1,49.403836
10.0,1,49.403836
-10.0,1,49.406697
10.0,1,49.413638
-10.0,1,49.414683
-10.0,1,49.414683
10.0,1,49.420265
10.0,1,49.427961
-10.0,1,49.429708
-10.0,1,49.433221
10.0,1,49.435981
-10.0,1,49.441536
-10.0,1,49.443403
-10.0,1,49.445411
10.0,1,49.445411
-10.0,1,49.452739
-10.0,1,49.454744
10.0,1,49.456749
10.0,1,49.458754
10.0,1,49.465457
-10.0,1,49.465457
-10.0,1,49.465457
-10.0,1,49.469909
-10.0,1,49.476067
-10.0,1,49.478073
-10.0,1,49.480079
-10.0,1,49.480079
-10.0,1,49.487769
10.0,1,49.489775
-10.0,1,49.493786
-10.0,1,49.495791
10.0,1,49.502381
10.0,1,49.505095
-10.0,1,49.505095
10.0,1,49.507627
10.0,1,49.516799
-10.0,1,49.516799
10.0,1,49.516799
-10.0,1,49.520088
-10.0,1,49.528118
-10.0,1,49.530125
-10.0,1,49.530125
10.0,1,49.534134
-10.0,1,49.542624
10.0,1,49.544627
-10.0,1,49.546632
-10.0,1,49.548637
-10.0,1,49.555382
-10.0,1,49.555382
-10.0,1,49.557947
10.0,1,49.560826
-10.0,1,49.566559
-10.0,1,49.568564
10.0,1,49.570569
10.0,1,49.572574
10.0,1,49.57874
10.0,1,49.580745
3.0,1,49.58275
-10.0,1,49.584755
10.0,1,49.592942
-10.0,1,49.592942
-10.0,1,49.592942
-10.0,1,49.592942
10.0,1,49.604383
10.0,1,49.60639
10.0,1,49.6104
-10.0,1,49.6104
10.0,1,49.6189
10.0,1,49.620905
10.0,1,49.62291
-10.0,1,49.624916
-10.0,1,49.631116
-10.0,1,49.631116
10.0,1,49.633121
-10.0,1,49.635125
10.0,1,49.641348
10.0,1,49.643353
10.0,1,49.647363
-10.0,1,49.647363
10.0,1,49.657297
10.0,1,49.65831
-10.0,1,49.661269
10.0,1,49.663275
10.0,1,49.670707
-10.0,1,49.672712
10.0,1,49.674717
-10.0,1,49.676722
-10.0,1,49.688704
-10.0,1,49.688704
-10.0,1,49.691225
10.0,1,49.694488
10.0,1,49.700478
-10.0,1,49.702484
-10.0,1,49.702484
10.0,1,49.704489
10.0,1,49.713054
-10.0,1,49.71506
10.0,1,49.717065
10.0,1,49.719069
10.0,1,49.726588
-10.0,1,49.726588
-10.0,1,49.729095
10.0,1,49.732011
-10.0,1,49.738271
-10.0,1,49.740276
10.0,1,49.742281
-10.0,1,49.742281
10.0,1,49.750182
-10.0,1,49.750182
10.0,1,49.750182
-10.0,1,49.750182
-10.0,1,49.763094
-10.0,1,49.765241
-10.0,1,49.767044
10.0,1,49.769813
-10.0,1,49.775708
10.0,1,49.776712
10.0,1,49.776712
10.0,1,49.782752
10.0,1,49.790174
10.0,1,49.79168
10.0,1,49.79168
10.0,1,49.794735
-10.0,1,49.801359
10.0,1,49.803364
-10.0,1,49.803364
10.0,1,49.805369
-10.0,1,49.812181
-10.0,1,49.814343
10.0,1,49.818353
-10.0,1,49.818353
-10.0,1,49.82551
10.0,1,49.829177
-10.0,1,49.829177
-10.0,1,49.831195
10.0,1,49.837686
3.0,1,49.839432
-10.0,1,49.841437
-10.0,1,49.841437
-10.0,1,49.848362
-10.0,1,49.848362
-10.0,1,49.850367
10.0,1,49.852372
-10.0,1,49.857656
-10.0,1,49.859892
-10.0,1,49.859892
10.0,1,49.863399
10.0,1,49.869849
-10.0,1,49.873513
-10.0,1,49.87606
-10.0,1,49.878065
-10.0,1,49.885329
-10.0,1,49.886363
10.0,1,49.887367
-10.0,1,49.889564
-10.0,1,49.895824
10.0,1,49.897829
10.0,1,49.899833
10.0,1,49.901838
10.0,1,49.908407
-10.0,1,49.908407
10.0,1,49.908407
-10.0,1,49.908407
10.0,1,49.921083
-10.0,1,49.923088
-10.0,1,49.923088
10.0,1,49.927097
10.0,1,49.935074
10.0,1,49.937079
-10.0,1,49.937079
10.0,1,49.939084
-10.0,1,49.947146
-10.0,1,49.947146
10.0,1,49.950289
10.0,1,49.951634
-10.0,1,49.9584
10.0,1,49.960405
10.0,1,49.963414
-10.0,1,49.965419
-10.0,1,49.97044
-10.0,1,49.971473
10.0,1,49.97506
-10.0,1,49.97506
-10.0,1,49.98239
10.0,1,49.98239
-10.0,1,49.98239
-10.0,1,49.98239
-10.0,1,49.994973
10.0,1,49.996719
-10.0,1,49.996719
10.0,1,50.000729
-10.0,1,50.007424
-10.0,1,50.008474
-10.0,1,50.009693
-10.0,1,50.009693
-10.0,1,50.017042
10.0,1,50.019048
-10.0,1,50.021053
10.0,1,50.023057
10.0,1,50.02992
-10.0,1,50.031926
10.0,1,50.03393
-10.0,1,50.03393
10.0,1,50.040569
10.0,1,50.042365
10.0,1,50.04437
10.0,1,50.046376
10.0,1,50.053705
10.0,1,50.05571
-10.0,1,50.057715
10.0,1,50.05972
-10.0,1,50.067007
-10.0,1,50.069011
10.0,1,50.069011
10.0,1,50.071016
-10.0,1,50.079186
-10.0,1,50.079186
10.0,1,50.085352
-10.0,1,50.085352
-10.0,1,50.091075
-10.0,1,50.091075
10.0,1,50.091075
-10.0,1,50.091075
10.0,1,50.106958
-10.0,1,50.108964
-10.0,1,50.110969
10.0,1,50.112974
-10.0,1,50.118504
-10.0,1,50.120509
-10.0,1,50.120509
-10.0,1,50.122514
10.0,1,50.130065
10.0,1,50.131081
10.0,1,50.135239
-10.0,1,50.135239
-10.0,1,50.142525
-10.0,1,50.144531
10.0,1,50.146535
-10.0,1,50.14854
-10.0,1,50.154771
-10.0,1,50.154771
10.0,1,50.154771
10.0,1,50.154771
10.0,1,50.16841
10.0,1,50.170491
-10.0,1,50.170491
10.0,1,50.170491
10.0,1,50.180686
-10.0,1,50.180686
-10.0,1,50.183289
-10.0,1,50.185297
-10.0,1,50.191659
-10.0,1,50.191659
-10.0,1,50.193664
-10.0,1,50.195669
10.0,1,50.202088
-10.0,1,50.202088
-10.0,1,50.202088
10.0,1,50.202088
10.0,1,50.216352
10.0,1,50.220681
10.0,1,50.220681
10.0,1,50.223081
-10.0,1,50.231255
-10.0,1,50.23226
10.0,1,50.234266
10.0,1,50.23627
10.0,1,50.243394
-10.0,1,50.247404
10.0,1,50.249409
-10.0,1,50.249409
10.0,1,50.258176
-10.0,1,50.258176
10.0,1,50.262203
-10.0,1,50.263713
10.0,1,50.269927
-10.0,1,50.271933
10.0,1,50.275942
10.0,1,50.277947
-10.0,1,50.284676
10.0,1,50.285719
-10.0,1,50.287085
-10.0,1,50.28927
10.0,1,50.29692
10.0,1,50.298925
-10.0,1,50.30093
-10.0,1,50.30093
10.0,1,50.309074
10.0,1,50.311217
10.0,1,50.311217
10.0,1,50.317
-10.0,1,50.325839
-10.0,1,50.327467
-10.0,1,50.327467
-10.0,1,50.327467
-10.0,1,50.3385
-10.0,1,50.3385
-10.0,1,50.340505
10.0,1,50.343515
10.0,1,50.349926
10.0,1,50.351931
-10.0,1,50.353936
-10.0,1,50.355941
-10.0,1,50.363703
10.0,1,50.365708
10.0,1,50.367712
-10.0,1,50.367712
-10.0,1,50.3732
-10.0,1,50.375413
10.0,1,50.378128
-10.0,1,50.378128
-10.0,1,50.385118
-10.0,1,50.387123
-10.0,1,50.387123
10.0,1,50.388869
10.0,1,50.39629
-10.0,1,50.398294
-10.0,1,50.4003
10.0,1,50.402304
10.0,1,50.410264
10.0,1,50.413829
-10.0,1,50.413829
10.0,1,50.415878
10.0,1,50.424774
10.0,1,50.42678
10.0,1,50.428785
-10.0,1,50.430789
-10.0,1,50.438019
10.0,1,50.440024
10.0,1,50.442029
10.0,1,50.444034
-10.0,1,50.450414
10.0,1,50.453059
-10.0,1,50.454112
-10.0,1,50.456314
-10.0,1,50.464008
10.0,1,50.466013
-10.0,1,50.468839
10.0,1,50.468839
-10.0,1,50.477387
-10.0,1,50.478477
-10.0,1,50.480483
-10.0,1,50.480483
10.0,1,50.488573
-10.0,1,50.488573
10.0,1,50.492829
10.0,1,50.495129
-10.0,1,50.500145
-10.0,1,50.50145
-10.0,1,50.50145
-10.0,1,50.504533
-10.0,1,50.510542
-10.0,1,50.512548
-10.0,1,50.512548
10.0,1,50.514553
-10.0,1,50.522234
-10.0,1,50.524239
-10.0,1,50.524239
-10.0,1,50.526244
-10.0,1,50.534818
10.0,1,50.536824
10.0,1,50.538829
-10.0,1,50.540834
10.0,1,50.548252
-10.0,1,50.550257
10.0,1,50.552262
-10.0,1,50.552262
-10.0,1,50.560279
-10.0,1,50.562299
10.0,1,50.56431
3.0,1,50.564812
-10.0,1,50.57272
-10.0,1,50.573735
10.0,1,50.573735
-10.0,1,50.57584
10.0,1,50.58504
10.0,1,50.58504
-10.0,1,50.587214
-10.0,1,50.589175
-10.0,1,50.595061
-10.0,1,50.596344
-10.0,1,50.596344
-10.0,1,50.596344
-10.0,1,50.607832
-10.0,1,50.609847
-10.0,1,50.610851
-10.0,1,50.610851
10.0,1,50.620182
-10.0,1,50.621795
-10.0,1,50.621795
10.0,1,50.621795
-10.0,1,50.631495
-10.0,1,50.632525
10.0,1,50.635711
10.0,1,50.635711
-10.0,1,50.646102
-10.0,1,50.64733
10.0,1,50.649334
10.0,1,50.65134
-10.0,1,50.658654
-10.0,1,50.658654
-10.0,1,50.660659
-10.0,1,50.662665
10.0,1,50.668758
10.0,1,50.670763
-10.0,1,50.673772
-10.0,1,50.673772
-10.0,1,50.680087
-10.0,1,50.681224
10.0,1,50.683183
-10.0,1,50.684565
10.0,1,50.694005
-10.0,1,50.695069
-10.0,1,50.696738
10.0,1,50.696738
-10.0,1,50.705509
10.0,1,50.707513
-10.0,1,50.707513
-10.0,1,50.709518
10.0,1,50.715211
-10.0,1,50.717216
-10.0,1,50.719221
-10.0,1,50.719221
-10.0,1,50.72972
10.0,1,50.72972
10.0,1,50.72972
10.0,1,50.734278
10.0,1,50.741761
-10.0,1,50.743766
-10.0,1,50.745771
10.0,1,50.745771
10.0,1,50.758334
10.0,1,50.758334
-10.0,1,50.760559
10.0,1,50.760559
-10.0,1,50.768573
-10.0,1,50.768573
-10.0,1,50.768573
10.0,1,50.768573
10.0,1,50.783185
-10.0,1,50.784691
10.0,1,50.786988
-10.0,1,50.786988
-10.0,1,50.794219
-10.0,1,50.796226
-10.0,1,50.798231
10.0,1,50.800235
-10.0,1,50.806302
10.0,1,50.808307
-10.0,1,50.810311
10.0,1,50.812317
-10.0,1,50.818411
-10.0,1,50.820416
-10.0,1,50.820416
-10.0,1,50.822421
-10.0,1,50.829818
10.0,1,50.831858
10.0,1,50.832866
10.0,1,50.83499
-10.0,1,50.842797
-10.0,1,50.843825
10.0,1,50.843825
-10.0,1,50.843825
10.0,1,50.854349
10.0,1,50.854349
-10.0,1,50.854349
10.0,1,50.854349
10.0,1,50.869248
-10.0,1,50.869248
10.0,1,50.871885
-10.0,1,50.873224
-10.0,1,50.881551
10.0,1,50.883556
-10.0,1,50.885561
-10.0,1,50.885561
-10.0,1,50.892508
-10.0,1,50.894512
10.0,1,50.896017
-10.0,1,50.896017
-10.0,1,50.903277
-10.0,1,50.905282
-10.0,1,50.905282
-10.0,1,50.907287
10.0,1,50.912121
-10.0,1,50.912121
-10.0,1,50.912121
-10.0,1,50.912121
-10.0,1,50.924371
10.0,1,50.926375
10.0,1,50.928121
10.0,1,50.930126
-10.0,1,50.936818
-10.0,1,50.938823
-10.0,1,50.938823
10.0,1,50.942832
-10.0,1,50.949616
-10.0,1,50.950824
10.0,1,50.952829
-10.0,1,50.954833
-10.0,1,50.959859
-10.0,1,50.961617
10.0,1,50.965187
-10.0,1,50.965187
10.0,1,50.973352
-10.0,1,50.974365
-10.0,1,50.975888
10.0,1,50.982313
-10.0,1,50.982313
10.0,1,50.992283
10.0,1,50.993719
10.0,1,50.995906
-10.0,1,51.002053
-10.0,1,51.002053
-10.0,1,51.004058
10.0,1,51.007808
-10.0,1,51.014541
10.0,1,51.017609
10.0,1,51.017609
-10.0,1,51.017609
-10.0,1,51.025588
-10.0,1,51.027592
-10.0,1,51.027592
-10.0,1,51.029597
10.0,1,51.036798
10.0,1,51.039304
10.0,1,51.041561
10.0,1,51.041561
-10.0,1,51.049193
-10.0,1,51.049193
10.0,1,51.051198
10.0,1,51.05495
-10.0,1,51.060561
10.0,1,51.064071
10.0,1,51.066076
-10.0,1,51.066076
10.0,1,51.073513
10.0,1,51.077523
-10.0,1,51.079528
10.0,1,51.081534
10.0,1,51.091504
-10.0,1,51.093509
10.0,1,51.095514
-10.0,1,51.095514
-10.0,1,51.10384
-10.0,1,51.105845
-10.0,1,51.10785
-10.0,1,51.10785
-10.0,1,51.114715
10.0,1,51.117774
10.0,1,51.120035
10.0,1,51.121843
-10.0,1,51.127611
10.0,1,51.128695
10.0,1,51.131887
-10.0,1,51.131887
-10.0,1,51.138767
10.0,1,51.140772
10.0,1,51.142777
-10.0,1,51.144782
-10.0,1,51.150898
-10.0,1,51.152904
-10.0,1,51.154909
-10.0,1,51.154909
10.0,1,51.162113
-10.0,1,51.164136
-10.0,1,51.16514
-10.0,1,51.16514
10.0,1,51.173782
10.0,1,51.175786
-10.0,1,51.177791
10.0,1,51.177791
3.0,1,51.186049
10.0,1,51.188054
-10.0,1,51.190059
-10.0,1,51.190059
10.0,1,51.199528
10.0,1,51.203538
10.0,1,51.205543
-10.0,1,51.205543
3.0,1,51.214043
-10.0,1,51.214043
-10.0,1,51.214043
-10.0,1,51.214043
10.0,1,51.223595
-10.0,1,51.2256
-10.0,1,51.227605
-10.0,1,51.227605
-10.0,1,51.238926
10.0,1,51.24242
-10.0,1,51.243427
-10.0,1,51.243427
10.0,1,51.251908
-10.0,1,51.251908
10.0,1,51.251908
10.0,1,51.25748
10.0,1,51.264365
-10.0,1,51.26637
-10.0,1,51.26637
-10.0,1,51.268375
10.0,1,51.276737
-10.0,1,51.278741
10.0,1,51.280746
10.0,1,51.28275
-10.0,1,51.2902
10.0,1,51.2902
10.0,1,51.294415
-10.0,1,51.294415
10.0,1,51.303475
10.0,1,51.305983
10.0,1,51.305983
-10.0,1,51.305983
-10.0,1,51.317357
-10.0,1,51.318375
10.0,1,51.32184
10.0,1,51.32302
-10.0,1,51.329048
-10.0,1,51.33174
10.0,1,51.335074
-10.0,1,51.335074
-10.0,1,51.34141
-10.0,1,51.342735
-10.0,1,51.34474
10.0,1,51.346744
-10.0,1,51.353634
-10.0,1,51.35464
-10.0,1,51.35464
10.0,1,51.35464
-10.0,1,51.36445
-10.0,1,51.366374
-10.0,1,51.366374
10.0,1,51.369381
-10.0,1,51.376209
-10.0,1,51.377655
-10.0,1,51.379591
-10.0,1,51.379591
-10.0,1,51.388488
10.0,1,51.388488
10.0,1,51.390772
-10.0,1,51.392784
-10.0,1,51.400384
-10.0,1,51.401529
10.0,1,51.403595
-10.0,1,51.40758
-10.0,1,51.412938
10.0,1,51.413996
10.0,1,51.420603
-10.0,1,51.420603
10.0,1,51.43063
-10.0,1,51.431635
-10.0,1,51.432705
-10.0,1,51.432705
10.0,1,51.442196
-10.0,1,51.443229
-10.0,1,51.445349
10.0,1,51.447358
-10.0,1,51.453445
10.0,1,51.45545
10.0,1,51.457456
-10.0,1,51.459461
10.0,1,51.467676
-10.0,1,51.467676
10.0,1,51.467676
10.0,1,51.473436
10.0,1,51.480423
10.0,1,51.483172
10.0,1,51.483172
-10.0,1,51.483172
10.0,1,51.493206
-10.0,1,51.493206
10.0,1,51.496027
-10.0,1,51.496027
10.0,1,51.504617
-10.0,1,51.506622
10.0,1,51.508627
-10.0,1,51.510632
-10.0,1,51.517475
3.0,1,51.51948
-10.0,1,51.51948
10.0,1,51.523489
10.0,1,51.533578
10.0,1,51.536186
10.0,1,51.538419
-10.0,1,51.538419
10.0,1,51.544687
10.0,1,51.546693
-10.0,1,51.548699
-10.0,1,51.548699
10.0,1,51.55847
-10.0,1,51.55847
10.0,1,51.560476
-10.0,1,51.562482
10.0,1,51.568967
10.0,1,51.572075
10.0,1,51.574583
10.0,1,51.574583
10.0,1,51.58428
-10.0,1,51.58428
-10.0,1,51.58428
10.0,1,51.588355
-10.0,1,51.595398
10.0,1,51.598844
-10.0,1,51.598844
10.0,1,51.603604
-10.0,1,51.609912
-10.0,1,51.610933
10.0,1,51.614642
10.0,1,51.614642
10.0,1,51.622217
10.0,1,51.626279
10.0,1,51.629281
10.0,1,51.629281
10.0,1,51.637623
10.0,1,51.637623
-10.0,1,51.637623
10.0,1,51.637623
-10.0,1,51.652649
-10.0,1,51.653654
10.0,1,51.654744
-10.0,1,51.656717
10.0,1,51.66519
10.0,1,51.667195
-10.0,1,51.669199
-10.0,1,51.671204
-10.0,1,51.67814
-10.0,1,51.679198
-10.0,1,51.679198
10.0,1,51.683779
-10.0,1,51.68881
-10.0,1,51.690162
-10.0,1,51.692302
-10.0,1,51.693803
10.0,1,51.700626
-10.0,1,51.702632
10.0,1,51.704637
10.0,1,51.706641
10.0,1,51.714817
10.0,1,51.716563
-10.0,1,51.717618
10.0,1,51.721206
10.0,1,51.727568
10.0,1,51.72861
10.0,1,51.732497
10.0,1,51.732497
10.0,1,51.740775
10.0,1,51.743928
10.0,1,51.746487
10.0,1,51.749405
10.0,1,51.759484
10.0,1,51.759484
-10.0,1,51.762624
-10.0,1,51.765149
10.0,1,51.772408
10.0,1,51.773438
-10.0,1,51.777307
-10.0,1,51.777307
-10.0,1,51.784754
3.0,1,51.785812
10.0,1,51.789127
10.0,1,51.789127
-10.0,1,51.796664
10.0,1,51.79977
-10.0,1,51.79977
10.0,1,51.79977
10.0,1,51.809541
10.0,1,51.812731
10.0,1,51.812731
10.0,1,51.815284
10.0,1,51.823277
-10.0,1,51.823277
10.0,1,51.827283
10.0,1,51.829643
10.0,1,51.835557
10.0,1,51.836581
10.0,1,51.838406
-10.0,1,51.838406
-10.0,1,51.847453
10.0,1,51.848474
-10.0,1,51.849755
-10.0,1,51.849755
10.0,1,51.85658
10.0,1,51.859167
10.0,1,51.865275
10.0,1,51.867687
10.0,1,51.874138
10.0,1,51.87728
-10.0,1,51.87728
10.0,1,51.879241
-10.0,1,51.88705
-10.0,1,51.888078
-10.0,1,51.888078
10.0,1,51.891084
-10.0,1,51.897478
-10.0,1,51.899672
10.0,1,51.902491
-10.0,1,51.902491
10.0,1,51.909055
10.0,1,51.91106
10.0,1,51.913065
10.0,1,51.917074
-10.0,1,51.923587
-10.0,1,51.92462
-10.0,1,51.92462
-10.0,1,51.92745
10.0,1,51.935535
-10.0,1,51.935535
-10.0,1,51.93754
10.0,1,51.939545
-10.0,1,51.946607
-10.0,1,51.947624
10.0,1,51.951083
-10.0,1,51.951083
10.0,1,51.958656
-10.0,1,51.960661
-10.0,1,51.962665
-10.0,1,51.962665
10.0,1,51.969526
10.0,1,51.969526
-10.0,1,51.969526
10.0,1,51.969526
10.0,1,51.98521
-10.0,1,51.987216
-10.0,1,51.98922
-10.0,1,51.98922
-10.0,1,51.995047
10.0,1,51.996108
-10.0,1,51.997955
-10.0,1,51.999972
-10.0,1,52.006778
10.0,1,52.006778
10.0,1,52.006778
-10.0,1,52.01238
-10.0,1,52.016988
-10.0,1,52.019081
-10.0,1,52.021332
-10.0,1,52.021332
-10.0,1,52.028907
-10.0,1,52.030002
-10.0,1,52.030002
-10.0,1,52.033009
-10.0,1,52.040864
-10.0,1,52.040864
10.0,1,52.043572
10.0,1,52.044985
10.0,1,52.053308
-10.0,1,52.053308
-10.0,1,52.055162
-10.0,1,52.05778
10.0,1,52.065536
-10.0,1,52.065536
-10.0,1,52.065536
10.0,1,52.178893
-10.0,1,52.19552
10.0,1,52.196716
10.0,1,52.200114
3.0,1,52.200114
10.0,1,52.208837
-10.0,1,52.208837
10.0,1,52.213198
10.0,1,52.213198
-10.0,1,52.221704
-10.0,1,52.222747
10.0,1,52.225536
-10.0,1,52.225536
-10.0,1,52.231151
-10.0,1,52.233195
-10.0,1,52.2352
10.0,1,52.237206
10.0,1,52.245343
10.0,1,52.248677
10.0,1,52.251395
-10.0,1,52.251395
-10.0,1,52.258799
-10.0,1,52.259843
-10.0,1,52.261111
-10.0,1,52.261111
-10.0,1,52.268713
10.0,1,52.269738
-10.0,1,52.271743
-10.0,1,52.271743
10.0,1,52.278423
10.0,1,52.280428
10.0,1,52.284438
10.0,1,52.285442
-10.0,1,52.293727
-10.0,1,52.294875
10.0,1,52.29688
10.0,1,52.298884
-10.0,1,52.307232
-10.0,1,52.308251
10.0,1,52.310427
-10.0,1,52.311889
-10.0,1,52.319743
-10.0,1,52.320774
10.0,1,52.320774
-10.0,1,52.323036
-10.0,1,52.328878
10.0,1,52.33182
10.0,1,52.334115
10.0,1,52.336388
-10.0,1,52.342896
-10.0,1,52.343942
-10.0,1,52.343942
-10.0,1,52.343942
-10.0,1,52.352402
-10.0,1,52.35344
-10.0,1,52.355052
-10.0,1,52.355052
-10.0,1,52.361685
-10.0,1,52.364498
-10.0,1,52.36551
-10.0,1,52.36551
10.0,1,52.372937
-10.0,1,52.374942
-10.0,1,52.376946
-10.0,1,52.376946
10.0,1,52.383469
-10.0,1,52.385474
-10.0,1,52.38748
10.0,1,52.389485
10.0,1,52.397067
-10.0,1,52.397067
-10.0,1,52.397067
-10.0,1,52.397067
10.0,1,52.408667
-10.0,1,52.410683
-10.0,1,52.414516
-10.0,1,52.414516
-10.0,1,52.424164
10.0,1,52.425245
10.0,1,52.427897
10.0,1,52.427897
-10.0,1,52.437392
-10.0,1,52.438434
10.0,1,52.438434
10.0,1,52.442856
-10.0,1,52.449468
-10.0,1,52.4505
-10.0,1,52.453038
-10.0,1,52.454546
10.0,1,52.461678
-10.0,1,52.46274
-10.0,1,52.46274
-10.0,1,52.465747
-10.0,1,52.47317
-10.0,1,52.47317
10.0,1,52.475424
10.0,1,52.479046
-10.0,1,52.485059
-10.0,1,52.485059
-10.0,1,52.485059
-10.0,1,52.48877
10.0,1,52.49554
10.0,1,52.49656
-10.0,1,52.498529
10.0,1,52.500434
10.0,1,52.50929
10.0,1,52.511891
-10.0,1,52.511891
10.0,1,52.515745
10.0,1,52.523226
-10.0,1,52.525237
-10.0,1,52.527241
10.0,1,52.529246
10.0,1,52.536639
10.0,1,52.53815
-10.0,1,52.53815
-10.0,1,52.53815
10.0,1,52.54793
-10.0,1,52.549935
-10.0,1,52.551941
10.0,1,52.551941
-10.0,1,52.562016
-10.0,1,52.562016
10.0,1,52.56402
-10.0,1,52.566025
-10.0,1,52.571038
10.0,1,52.57227
-10.0,1,52.574255
-10.0,1,52.576239
-10.0,1,52.582734
10.0,1,52.584738
10.0,1,52.587035
-10.0,1,52.587035
-10.0,1,52.594723
-10.0,1,52.594723
10.0,1,52.594723
10.0,1,52.600373
-10.0,1,52.606
10.0,1,52.608005
-10.0,1,52.61001
10.0,1,52.612016
-10.0,1,52.619761
10.0,1,52.621766
-10.0,1,52.621766
-10.0,1,52.623771
-10.0,1,52.630867
10.0,1,52.63188
-10.0,1,52.637228
10.0,1,52.637228
-10.0,1,52.647073
10.0,1,52.64908
-10.0,1,52.65023
10.0,1,52.65023
-10.0,1,52.657264
-10.0,1,52.658295
10.0,1,52.660061
10.0,1,52.660061
10.0,1,52.669132
10.0,1,52.671138
-10.0,1,52.673144
10.0,1,52.677153
-10.0,1,52.682802
10.0,1,52.683911
10.0,1,52.685743
10.0,1,52.68766
-10.0,1,52.695315
10.0,1,52.697956
-10.0,1,52.697956
10.0,1,52.700708
10.0,1,52.707887
-10.0,1,52.708899
-10.0,1,52.708899
10.0,1,52.712026
10.0,1,52.71911
10.0,1,52.71911
10.0,1,52.71911
10.0,1,52.72557
-10.0,1,52.73132
-10.0,1,52.732366
-10.0,1,52.734351
10.0,1,52.734351
10.0,1,52.742802
10.0,1,52.743813
-10.0,1,52.743813
-10.0,1,52.743813
-10.0,1,52.757117
-10.0,1,52.758393
-10.0,1,52.759899
-10.0,1,52.76108
-10.0,1,52.76815
-10.0,1,52.770154
-10.0,1,52.770154
10.0,1,52.772159
10.0,1,52.779709
-10.0,1,52.779709
-10.0,1,52.779709
-10.0,1,52.779709
-10.0,1,52.789835
-10.0,1,52.790907
10.0,1,52.791913
10.0,1,52.794924
-10.0,1,52.799308
10.0,1,52.803407
-10.0,1,52.803407
10.0,1,52.805571
-10.0,1,52.811432
-10.0,1,52.811432
10.0,1,52.811432
-10.0,1,52.82362
10.0,1,52.832157
10.0,1,52.83421
-10.0,1,52.83421
-10.0,1,52.83421
-10.0,1,52.842273
-10.0,1,52.843653
-10.0,1,52.843653
10.0,1,52.843653
-10.0,1,52.85406
10.0,1,52.857284
10.0,1,52.857284
-10.0,1,52.857284
10.0,1,52.870206
-10.0,1,52.871211
-10.0,1,52.871211
-10.0,1,52.871211
-10.0,1,52.878711
10.0,1,52.882183
-10.0,1,52.882183
-10.0,1,52.884184
-10.0,1,52.891992
-10.0,1,52.891992
-10.0,1,52.891992
-10.0,1,52.895084
-10.0,1,52.901323
-10.0,1,52.901323
10.0,1,52.904977
10.0,1,52.907533
-10.0,1,52.916404
-10.0,1,52.918411
-10.0,1,52.920416
-10.0,1,52.922421
-10.0,1,52.928414
-10.0,1,52.930419
-10.0,1,52.932424
-10.0,1,52.932424
10.0,1,52.940398
10.0,1,52.940398
10.0,1,52.94356
-10.0,1,52.94356
-10.0,1,52.955173
-10.0,1,52.955173
10.0,1,52.959184
10.0,1,52.961188
3.0,1,52.970957
10.0,1,52.97383
-10.0,1,52.97383
10.0,1,52.977911
-10.0,1,52.984966
-10.0,1,52.986039
10.0,1,52.986039
-10.0,1,52.988556
-10.0,1,52.995872
10.0,1,52.99875
-10.0,1,52.99875
-10.0,1,53.001069
-10.0,1,53.007517
-10.0,1,53.007517
10.0,1,53.011775
-10.0,1,53.011775
-10.0,1,53.018553
-10.0,1,53.020558
10.0,1,53.022563
-10.0,1,53.024568
-10.0,1,53.031503
-10.0,1,53.032575
-10.0,1,53.034218
10.0,1,53.034218
10.0,1,53.043701
-10.0,1,53.045447
10.0,1,53.047453
10.0,1,53.049458
10.0,1,53.057062
-10.0,1,53.059067
10.0,1,53.061072
-10.0,1,53.063078
-10.0,1,53.069765
10.0,1,53.071769
-10.0,1,53.073774
10.0,1,53.076784
-10.0,1,53.088021
10.0,1,53.09017
10.0,1,53.09017
-10.0,1,53.093206
10.0,1,53.099231
-10.0,1,53.101236
10.0,1,53.10324
-10.0,1,53.105245
10.0,1,53.110418
10.0,1,53.110418
10.0,1,53.117898
-10.0,1,53.117898
-10.0,1,53.124407
10.0,1,53.126416
-10.0,1,53.128421
10.0,1,53.130425
10.0,1,53.139779
10.0,1,53.141784
10.0,1,53.143789
-10.0,1,53.145793
-10.0,1,53.151222
10.0,1,53.15471
-10.0,1,53.155717
10.0,1,53.156797
-10.0,1,53.164577
-10.0,1,53.166601
10.0,1,53.16901
-10.0,1,53.16901
-10.0,1,53.176546
10.0,1,53.177577
-10.0,1,53.179591
-10.0,1,53.183033
-10.0,1,53.188945
10.0,1,53.188945
10.0,1,53.188945
10.0,1,53.188945
-10.0,1,53.203511
-10.0,1,53.206383
-10.0,1,53.206383
10.0,1,53.206383
-10.0,1,53.216446
-10.0,1,53.216446
-10.0,1,53.219525
-10.0,1,53.219525
10.0,1,53.227209
10.0,1,53.230037
-10.0,1,53.230037
-10.0,1,53.230037
10.0,1,53.237628
10.0,1,53.242129
-10.0,1,53.242129
-10.0,1,53.242129
10.0,1,53.252005
10.0,1,53.255582
10.0,1,53.255582
-10.0,1,53.258049
10.0,1,53.267432
-10.0,1,53.268559
-10.0,1,53.268559
10.0,1,53.270671
-10.0,1,53.278625
10.0,1,53.279653
-10.0,1,53.281781
-10.0,1,53.283528
-10.0,1,53.290043
10.0,1,53.29108
10.0,1,53.292372
-10.0,1,53.294309
10.0,1,53.30244
-10.0,1,53.304444
-10.0,1,53.30645
10.0,1,53.310459
10.0,1,53.315292
10.0,1,53.315292
10.0,1,53.315292
10.0,1,53.315292
-10.0,1,53.328791
10.0,1,53.332268
-10.0,1,53.332268
10.0,1,53.335156
-10.0,1,53.341769
-10.0,1,53.342784
10.0,1,53.344424
-10.0,1,53.345615
-10.0,1,53.353082
-10.0,1,53.353082
-10.0,1,53.355855
10.0,1,53.355855
10.0,1,53.366473
10.0,1,53.367477
-10.0,1,53.36926
10.0,1,53.371269
-10.0,1,53.378955
-10.0,1,53.380088
-10.0,1,53.380088
-10.0,1,53.382862
-10.0,1,53.38951
10.0,1,53.391522
-10.0,1,53.391522
-10.0,1,53.393528
-10.0,1,53.399794
10.0,1,53.403546
-10.0,1,53.403546
-10.0,1,53.405514
10.0,1,53.415324
-10.0,1,53.417329
-10.0,1,53.417329
10.0,1,53.419334
-10.0,1,53.426869
-10.0,1,53.430476
10.0,1,53.432752
-10.0,1,53.432752
-10.0,1,53.439852
-10.0,1,53.442822
-10.0,1,53.443896
10.0,1,53.445662
10.0,1,53.453772
10.0,1,53.453772
-10.0,1,53.453772
-10.0,1,53.453772
-10.0,1,53.464137
-10.0,1,53.466643
-10.0,1,53.466643
-10.0,1,53.469797
-10.0,1,53.475226
-10.0,1,53.477415
10.0,1,53.47867
10.0,1,53.482441
-10.0,1,53.488232
-10.0,1,53.489978
-10.0,1,53.491982
10.0,1,53.493987
-10.0,1,53.49881
10.0,1,53.500915
-10.0,1,53.502623
-10.0,1,53.504382
10.0,1,53.510495
10.0,1,53.512501
-10.0,1,53.514506
10.0,1,53.51651
10.0,1,53.526723
-10.0,1,53.527788
-10.0,1,53.529791
-10.0,1,53.531357
10.0,1,53.539487
-10.0,1,53.539487
-10.0,1,53.539487
-10.0,1,53.539487
-10.0,1,53.551862
-10.0,1,53.553367
-10.0,1,53.553367
-10.0,1,53.555374
-10.0,1,53.561585
10.0,1,53.565302
10.0,1,53.567812
-10.0,1,53.567812
-10.0,1,53.575526
-10.0,1,53.576642
10.0,1,53.578404
10.0,1,53.580357
-10.0,1,53.587421
-10.0,1,53.588612
10.0,1,53.590791
-10.0,1,53.590791
-10.0,1,53.599237
10.0,1,53.600986
10.0,1,53.604823
-10.0,1,53.604823
-10.0,1,53.611076
10.0,1,53.613081
-10.0,1,53.615086
-10.0,1,53.615086
-10.0,1,53.622491
10.0,1,53.624494
10.0,1,53.627684
10.0,1,53.627684
10.0,1,53.638497
-10.0,1,53.640501
-10.0,1,53.642506
10.0,1,53.644511
-10.0,1,53.652287
-10.0,1,53.653374
-10.0,1,53.654781
-10.0,1,53.65622
10.0,1,53.662199
10.0,1,53.664205
-10.0,1,53.666714
-10.0,1,53.668719
10.0,1,53.675985
-10.0,1,53.677028
10.0,1,53.679059
-10.0,1,53.680799
-10.0,1,53.687207
-10.0,1,53.688279
-10.0,1,53.690235
-10.0,1,53.691685
-10.0,1,53.696188
10.0,1,53.698259
10.0,1,53.702043
-10.0,1,53.702043
-10.0,1,53.711985
10.0,1,53.713989
10.0,1,53.715994
10.0,1,53.717999
-10.0,1,53.723587
-10.0,1,53.72469
-10.0,1,53.726996
-10.0,1,53.728003
10.0,1,53.735158
10.0,1,53.738243
10.0,1,53.738243
-10.0,1,53.738243
-10.0,1,53.75147
-10.0,1,53.75147
10.0,1,53.754672
10.0,1,53.754672
-10.0,1,53.761903
10.0,1,53.762947
-10.0,1,53.762947
-10.0,1,53.766377
-10.0,1,53.77181
-10.0,1,53.775505
-10.0,1,53.775505
-10.0,1,53.777613
-10.0,1,53.783548
10.0,1,53.786451
10.0,1,53.786451
10.0,1,53.788917
-10.0,1,53.79588
-10.0,1,53.800364
-10.0,1,53.800364
-10.0,1,53.802675
-10.0,1,53.809726
10.0,1,53.812899
-10.0,1,53.812899
10.0,1,53.812899
10.0,1,53.82204
-10.0,1,53.824229
-10.0,1,53.826049
10.0,1,53.826049
10.0,1,53.834251
-10.0,1,53.835373
10.0,1,53.838485
-10.0,1,53.83955
10.0,1,53.846651
-10.0,1,53.848656
-10.0,1,53.85066
10.0,1,53.852665
-10.0,1,53.86263
10.0,1,53.864636
-10.0,1,53.86714
10.0,1,53.868645
-10.0,1,53.87637
10.0,1,53.87637
-10.0,1,53.881603
10.0,1,53.881603
-10.0,1,53.891273
-10.0,1,53.892285
10.0,1,53.892285
10.0,1,53.892285
3.0,1,53.902371
10.0,1,53.905921
-10.0,1,53.905921
10.0,1,53.909508
10.0,1,53.915653
-10.0,1,53.915653
10.0,1,53.921614
3.0,1,53.921614
10.0,1,53.929025
10.0,1,53.93103
-10.0,1,53.933036
-10.0,1,53.93504
-10.0,1,53.941163
10.0,1,53.944402
-10.0,1,53.944402
-10.0,1,53.947152
-10.0,1,53.954395
-10.0,1,53.954395
-10.0,1,53.954395
-10.0,1,53.954395
-10.0,1,53.967399
10.0,1,53.97043
10.0,1,53.972716
10.0,1,53.974893
10.0,1,53.983014
10.0,1,53.985615
10.0,1,53.985615
-10.0,1,53.987961
10.0,1,53.997054
-10.0,1,53.997054
-10.0,1,53.999588
-10.0,1,54.000962
10.0,1,54.00842
-10.0,1,54.010425
-10.0,1,54.012431
-10.0,1,54.012431
-10.0,1,54.020872
-10.0,1,54.02194
10.0,1,54.02194
-10.0,1,54.024265
-10.0,1,54.030046
-10.0,1,54.032422
10.0,1,54.035562
10.0,1,54.035562
10.0,1,54.042384
10.0,1,54.042384
-10.0,1,54.042384
10.0,1,54.042384
10.0,1,54.056888
10.0,1,54.058392
-10.0,1,54.060369
-10.0,1,54.060369
-10.0,1,54.068881
-10.0,1,54.068881
-10.0,1,54.070886
-10.0,1,54.07289
-10.0,1,54.081008
10.0,1,54.082053
-10.0,1,54.082053
10.0,1,54.082053
-10.0,1,54.092485
10.0,1,54.094489
-10.0,1,54.096494
-10.0,1,54.096494
10.0,1,54.105402
-10.0,1,54.105402
-10.0,1,54.107408
10.0,1,54.109414
10.0,1,54.117547
3.0,1,54.117547
10.0,1,54.121467
-10.0,1,54.122622
10.0,1,54.131385
10.0,1,54.131385
-10.0,1,54.135634
-10.0,1,54.135634
-10.0,1,54.142926
10.0,1,54.144932
10.0,1,54.146937
-10.0,1,54.148941
-10.0,1,54.156473
-10.0,1,54.156473
10.0,1,54.160877
10.0,1,54.160877
10.0,1,54.16825
-10.0,1,54.170255
-10.0,1,54.170255
-10.0,1,54.17226
10.0,1,54.180065
10.0,1,54.18207
-10.0,1,54.186034
10.0,1,54.190082
10.0,1,54.196884
10.0,1,54.197929
-10.0,1,54.201086
10.0,1,54.202111
10.0,1,54.210288
-10.0,1,54.213502
-10.0,1,54.213502
10.0,1,54.215507
10.0,1,54.224429
10.0,1,54.227062
-10.0,1,54.227062
-10.0,1,54.229357
-10.0,1,54.234421
-10.0,1,54.236482
-10.0,1,54.236482
10.0,1,54.239656
10.0,1,54.247214
-10.0,1,54.24922
10.0,1,54.251224
-10.0,1,54.251224
-10.0,1,54.258838
-10.0,1,54.261849
-10.0,1,54.263855
10.0,1,54.263855
-10.0,1,54.27246
10.0,1,54.273681
10.0,1,54.276683
10.0,1,54.277689
10.0,1,54.286453
-10.0,1,54.286453
10.0,1,54.286453
10.0,1,54.290659
-10.0,1,54.300258
10.0,1,54.304177
-10.0,1,54.304177
10.0,1,54.308085
-10.0,1,54.312991
-10.0,1,54.315496
-10.0,1,54.315496
-10.0,1,54.315496
10.0,1,54.324848
10.0,1,54.324848
10.0,1,54.330978
-10.0,1,54.330978
-10.0,1,54.338114
10.0,1,54.339134
-10.0,1,54.34088
-10.0,1,54.34088
-10.0,1,54.348841
-10.0,1,54.350845
-10.0,1,54.350845
-10.0,1,54.352851
10.0,1,54.35979
-10.0,1,54.360842
-10.0,1,54.362645
-10.0,1,54.364015
10.0,1,54.372319
10.0,1,54.372319
-10.0,1,54.374655
3.0,1,54.374655
10.0,1,54.384256
-10.0,1,54.386451
10.0,1,54.3882
10.0,1,54.391415
-10.0,1,54.397929
-10.0,1,54.398964
10.0,1,54.400238
-10.0,1,54.400238
-10.0,1,54.409792
-10.0,1,54.411798
-10.0,1,54.413802
-10.0,1,54.413802
10.0,1,54.423056
-10.0,1,54.423056
-10.0,1,54.425769
10.0,1,54.425769
-10.0,1,54.434484
-10.0,1,54.435989
-10.0,1,54.437161
-10.0,1,54.438459
10.0,1,54.444411
10.0,1,54.446416
-10.0,1,54.448421
-10.0,1,54.450426
-10.0,1,54.457511
10.0,1,54.457511
-10.0,1,54.459843
-10.0,1,54.461935
-10.0,1,54.467796
10.0,1,54.471306
-10.0,1,54.471306
-10.0,1,54.4735
-10.0,1,54.474794
-10.0,1,54.480292
-10.0,1,54.480292
-10.0,1,54.480292
10.0,1,54.491996
10.0,1,54.495004
10.0,1,54.496022
-10.0,1,54.496022
10.0,1,54.507764
-10.0,1,54.507764
-10.0,1,54.509769
10.0,1,54.511773
-10.0,1,54.522273
-10.0,1,54.522273
10.0,1,54.522273
-10.0,1,54.522273
10.0,1,54.535778
-10.0,1,54.535778
-10.0,1,54.538647
-10.0,1,54.538647
-10.0,1,54.546043
10.0,1,54.549727
10.0,1,54.549727
10.0,1,54.549727
10.0,1,54.560193
10.0,1,54.563354
-10.0,1,54.564587
-10.0,1,54.566194
-10.0,1,54.573026
-10.0,1,54.573026
-10.0,1,54.575032
10.0,1,54.577037
10.0,1,54.582969
10.0,1,54.585304
-10.0,1,54.585304
10.0,1,54.58916
-10.0,1,54.597663
10.0,1,54.599669
10.0,1,54.601673
10.0,1,54.603677
10.0,1,54.610923
10.0,1,54.615447
-10.0,1,54.615447
10.0,1,54.619385
-10.0,1,54.628073
-10.0,1,54.628073
10.0,1,54.628073
10.0,1,54.636333
10.0,1,54.643938
10.0,1,54.643938
10.0,1,54.643938
10.0,1,54.643938
10.0,1,54.656306
-10.0,1,54.658313
10.0,1,54.660318
-10.0,1,54.662323
-10.0,1,54.668601
-10.0,1,54.668601
-10.0,1,54.670606
-10.0,1,54.670606
-10.0,1,54.678717
-10.0,1,54.679878
-10.0,1,54.679878
-10.0,1,54.679878
-10.0,1,54.688096
-10.0,1,54.6901
10.0,1,54.693993
10.0,1,54.693993
-10.0,1,54.702586
-10.0,1,54.703622
-10.0,1,54.705599
10.0,1,54.707077
10.0,1,54.715627
3.0,1,54.717632
10.0,1,54.719636
-10.0,1,54.721382
10.0,1,54.728046
-10.0,1,54.729066
10.0,1,54.729066
10.0,1,54.734328
-10.0,1,54.742123
-10.0,1,54.746134
10.0,1,54.748138
3.0,1,54.748138
3.0,1,54.756616
-10.0,1,54.756616
-10.0,1,54.756616
10.0,1,54.762443
10.0,1,54.769197
10.0,1,54.770203
-10.0,1,54.770203
-10.0,1,54.770203
10.0,1,54.770203
-10.0,1,54.770203
10.0,1,54.770203
10.0,1,54.785236
10.0,1,54.792909
10.0,1,54.792909
-10.0,1,54.795434
-10.0,1,54.79741
10.0,1,54.805306
-10.0,1,54.805306
-10.0,1,54.805306
10.0,1,54.805306
10.0,1,54.814677
10.0,1,54.816683
10.0,1,54.820692
10.0,1,54.822697
10.0,1,54.828019
10.0,1,54.830024
10.0,1,54.83203
-10.0,1,54.83604
10.0,1,54.84407
10.0,1,54.846075
10.0,1,54.849289
10.0,1,54.849289
10.0,1,54.861259
10.0,1,54.863891
10.0,1,54.867459
-10.0,1,54.867963
-10.0,1,54.875143
-10.0,1,54.875143
-10.0,1,54.875143
-10.0,1,54.875143
10.0,1,54.886712
-10.0,1,54.886712
10.0,1,54.886712
10.0,1,54.892013
-10.0,1,54.895521
10.0,1,54.895521
10.0,1,54.895521
-10.0,1,54.895521
10.0,1,54.909703
-10.0,1,54.913454
10.0,1,54.915459
-10.0,1,54.915459
10.0,1,54.92306
-10.0,1,54.925066
-10.0,1,54.927069
-10.0,1,54.929075
10.0,1,54.935598
10.0,1,54.938311
10.0,1,54.938311
-10.0,1,54.940567
-10.0,1,54.94779
-10.0,1,54.94779
-10.0,1,54.94779
-10.0,1,54.94779
10.0,1,54.962449
-10.0,1,54.962449
-10.0,1,54.964454
10.0,1,54.966459
-10.0,1,54.974157
-10.0,1,54.976161
-10.0,1,54.976161
10.0,1,54.978167
10.0,1,54.987141
-10.0,1,54.987141
-10.0,1,54.989453
10.0,1,54.992406
-10.0,1,54.998385
-10.0,1,54.999428
-10.0,1,54.999428
-10.0,1,55.003014
10.0,1,55.011204
-10.0,1,55.011204
-10.0,1,55.014865
-10.0,1,55.014865
-10.0,1,55.023307
10.0,1,55.024388
10.0,1,55.026423
10.0,1,55.028387
-10.0,1,55.035557
-10.0,1,55.037062
-10.0,1,55.039068
10.0,1,55.041072
-10.0,1,55.047512
10.0,1,55.049517
10.0,1,55.053027
-10.0,1,55.055034
10.0,1,55.063104
-10.0,1,55.063104
-10.0,1,55.066658
10.0,1,55.068897
10.0,1,55.078145
-10.0,1,55.080151
-10.0,1,55.082155
10.0,1,55.084161
-10.0,1,55.091341
-10.0,1,55.093346
-10.0,1,55.093346
-10.0,1,55.095351
-10.0,1,55.102457
10.0,1,55.103584
10.0,1,55.105052
10.0,1,55.107066
-10.0,1,55.114604
-10.0,1,55.11613
-10.0,1,55.117284
10.0,1,55.119291
-10.0,1,55.127506
10.0,1,55.129511
-10.0,1,55.131516
-10.0,1,55.133522
10.0,1,55.142974
10.0,1,55.145802
10.0,1,55.145802
-10.0,1,55.148711
-10.0,1,55.154482
10.0,1,55.156487
-10.0,1,55.158492
-10.0,1,55.160497
-10.0,1,55.166365
3.0,1,55.167875
-10.0,1,55.16988
3.0,1,55.16988
10.0,1,55.17733
-10.0,1,55.180374
10.0,1,55.180374
10.0,1,55.180374
-10.0,1,55.195143
-10.0,1,55.196206
10.0,1,55.19887
10.0,1,55.19887
-10.0,1,55.206644
10.0,1,55.209499
-10.0,1,55.209499
10.0,1,55.211247
-10.0,1,55.217143
10.0,1,55.219136
10.0,1,55.223118
-10.0,1,55.223118
10.0,1,55.230342
-10.0,1,55.232347
-10.0,1,55.232347
10.0,1,55.234352
10.0,1,55.241858
-10.0,1,55.242897
10.0,1,55.244373
-10.0,1,55.246076
-10.0,1,55.25327
-10.0,1,55.256019
10.0,1,55.258527
10.0,1,55.260936
-10.0,1,55.266162
10.0,1,55.269197
10.0,1,55.271497
-10.0,1,55.273835
-10.0,1,55.282021
-10.0,1,55.282021
-10.0,1,55.284492
-10.0,1,55.285854
10.0,1,55.292272
-10.0,1,55.292272
-10.0,1,55.292272
-10.0,1,55.292272
-10.0,1,55.310628
-10.0,1,55.310628
-10.0,1,55.312058
-10.0,1,55.312058
10.0,1,55.321507
-10.0,1,55.323112
-10.0,1,55.325296
-10.0,1,55.325296
10.0,1,55.33326
-10.0,1,55.335264
-10.0,1,55.335264
-10.0,1,55.337269
-10.0,1,55.343625
10.0,1,55.343625
-10.0,1,55.346224
10.0,1,55.349689
-10.0,1,55.354054
10.0,1,55.356124
-10.0,1,55.35813
-10.0,1,55.360135
-10.0,1,55.365189
-10.0,1,55.366253
10.0,1,55.368258
-10.0,1,55.369681
10.0,1,55.376511
-10.0,1,55.378516
-10.0,1,55.378516
10.0,1,55.382525
-10.0,1,55.388011
-10.0,1,55.390136
-10.0,1,55.391586
-10.0,1,55.393035
-10.0,1,55.398359
10.0,1,55.40114
10.0,1,55.40114
10.0,1,55.406181
-10.0,1,55.413983
10.0,1,55.415486
-10.0,1,55.417707
-10.0,1,55.419813
10.0,1,55.426955
-10.0,1,55.426955
-10.0,1,55.429535
10.0,1,55.431283
-10.0,1,55.438733
10.0,1,55.440928
10.0,1,55.440928
-10.0,1,55.442859
10.0,1,55.449287
10.0,1,55.451293
10.0,1,55.453297
-10.0,1,55.455303
-10.0,1,55.463258
-10.0,1,55.464421
-10.0,1,55.464421
-10.0,1,55.46843
-10.0,1,55.474311
-10.0,1,55.474311
-10.0,1,55.474311
10.0,1,55.480537
10.0,1,55.487897
10.0,1,55.489907
-10.0,1,55.491912
10.0,1,55.493917
10.0,1,55.50011
3.0,1,55.502115
-10.0,1,55.50412
-10.0,1,55.50412
10.0,1,55.51027
-10.0,1,55.51027
-10.0,1,55.51027
-10.0,1,55.51027
10.0,1,55.524725
-10.0,1,55.525731
10.0,1,55.529347
-10.0,1,55.529347
10.0,1,55.536495
10.0,1,55.539226
10.0,1,55.540732
-10.0,1,55.54174
10.0,1,55.548606
10.0,1,55.551315
10.0,1,55.553525
10.0,1,55.555698
10.0,1,55.563005
-10.0,1,55.563005
10.0,1,55.565153
-10.0,1,55.565153
10.0,1,55.574638
10.0,1,55.574638
10.0,1,55.574638
-10.0,1,55.574638
10.0,1,55.586881
-10.0,1,55.587921
10.0,1,55.589047
-10.0,1,55.590847
10.0,1,55.598211
-10.0,1,55.600216
10.0,1,55.602221
3.0,1,55.603967
10.0,1,55.60997
-10.0,1,55.611977
10.0,1,55.613982
-10.0,1,55.615987
10.0,1,55.625037
10.0,1,55.629048
10.0,1,55.631053
10.0,1,55.633057
10.0,1,55.64137
10.0,1,55.644718
10.0,1,55.647628
-10.0,1,55.647628
-10.0,1,55.65464
10.0,1,55.655712
-10.0,1,55.657207
-10.0,1,55.657207
10.0,1,55.667107
10.0,1,55.66968
-10.0,1,55.66968
-10.0,1,55.671968
-10.0,1,55.677927
10.0,1,55.679932
10.0,1,55.682942
-10.0,1,55.682942
-10.0,1,55.690851
10.0,1,55.691919
-10.0,1,55.693774
10.0,1,55.695779
3.0,1,55.702948
-10.0,1,55.704952
-10.0,1,55.704952
10.0,1,55.706957
-10.0,1,55.714267
10.0,1,55.714267
-10.0,1,55.717197
-10.0,1,55.717197
-10.0,1,55.727021
-10.0,1,55.727021
-10.0,1,55.731289
10.0,1,55.731289
-10.0,1,55.742002
10.0,1,55.744006
10.0,1,55.745751
-10.0,1,55.747758
-10.0,1,55.755693
3.0,1,55.755693
-10.0,1,55.755693
10.0,1,55.755693
10.0,1,55.767947
10.0,1,55.770353
10.0,1,55.772728
-10.0,1,55.772728
10.0,1,55.78126
10.0,1,55.78126
-10.0,1,55.78126
10.0,1,55.78547
10.0,1,55.791164
-10.0,1,55.79376
10.0,1,55.795428
-10.0,1,55.795428
10.0,1,55.80653
10.0,1,55.80653
-10.0,1,55.809056
10.0,1,55.813053
10.0,1,55.820992
-10.0,1,55.820992
-10.0,1,55.820992
10.0,1,55.826713
10.0,1,55.83311
-10.0,1,55.834147
10.0,1,55.836546
-10.0,1,55.837842
10.0,1,55.849494
10.0,1,55.849494
-10.0,1,55.852039
10.0,1,55.856439
-10.0,1,55.862977
10.0,1,55.864025
10.0,1,55.867792
-10.0,1,55.868798
10.0,1,55.876655
-10.0,1,55.876655
10.0,1,55.879022
-10.0,1,55.880407
-10.0,1,55.889569
-10.0,1,55.889569
-10.0,1,55.889569
10.0,1,55.892935
10.0,1,55.900353
-10.0,1,55.900353
10.0,1,55.904866
-10.0,1,55.904866
10.0,1,55.914583
-10.0,1,55.914583
-10.0,1,55.918237
10.0,1,55.919984
10.0,1,55.926937
10.0,1,55.930041
10.0,1,55.931987
10.0,1,55.931987
-10.0,1,55.939566
10.0,1,55.942757
-10.0,1,55.942757
-10.0,1,55.945018
10.0,1,55.953333
10.0,1,55.958188
-10.0,1,55.958188
10.0,1,55.962413
10.0,1,55.96907
10.0,1,55.970107
-10.0,1,55.972203
10.0,1,55.975748
10.0,1,55.982961
-10.0,1,55.983966
-10.0,1,55.983966
10.0,1,55.988524
-10.0,1,55.994793
10.0,1,55.995845
10.0,1,55.999774
10.0,1,56.002316
10.0,1,56.008914
10.0,1,56.012069
10.0,1,56.014238
10.0,1,56.01675
-10.0,1,56.022319
-10.0,1,56.023347
-10.0,1,56.025515
10.0,1,56.028147
-10.0,1,56.033398
-10.0,1,56.034464
10.0,1,56.036469
10.0,1,56.038474
10.0,1,56.045868
-10.0,1,56.047632
3.0,1,56.0487
10.0,1,56.050167
-10.0,1,56.056562
-10.0,1,56.056562
10.0,1,56.060571
10.0,1,56.062576
-10.0,1,56.072523
10.0,1,56.07357
-10.0,1,56.075104
-10.0,1,56.07699
-10.0,1,56.082924
-10.0,1,56.082924
10.0,1,56.082924
-10.0,1,56.082924
-10.0,1,56.099684
10.0,1,56.099684
10.0,1,56.099684
-10.0,1,56.099684
10.0,1,56.112109
10.0,1,56.112109
-10.0,1,56.112109
10.0,1,56.112109
-10.0,1,56.127019
10.0,1,56.127019
-10.0,1,56.127019
10.0,1,56.127019
10.0,1,56.139608
-10.0,1,56.139608
-10.0,1,56.139608
10.0,1,56.14482
-10.0,1,56.151899
10.0,1,56.153009
10.0,1,56.153009
-10.0,1,56.156325
10.0,1,56.165998
-10.0,1,56.165998
-10.0,1,56.168005
-10.0,1,56.16951
-10.0,1,56.178709
-10.0,1,56.179864
-10.0,1,56.181822
3.0,1,56.181822
10.0,1,56.189491
10.0,1,56.193
10.0,1,56.195005
10.0,1,56.195005
10.0,1,56.203246
-10.0,1,56.20525
-10.0,1,56.20525
-10.0,1,56.206996
-10.0,1,56.213747
-10.0,1,56.214771
-10.0,1,56.214771
-10.0,1,56.218412
-10.0,1,56.225464
10.0,1,56.228073
10.0,1,56.230665
10.0,1,56.230665
10.0,1,56.239061
-10.0,1,56.241066
-10.0,1,56.241066
-10.0,1,56.243071
10.0,1,56.249633
-10.0,1,56.249633
10.0,1,56.249633
-10.0,1,56.255347
-10.0,1,56.261779
10.0,1,56.262801
10.0,1,56.267009
-10.0,1,56.267009
10.0,1,56.273876
10.0,1,56.277886
10.0,1,56.27989
10.0,1,56.281895
10.0,1,56.293456
10.0,1,56.295461
10.0,1,56.297466
10.0,1,56.29947
10.0,1,56.305436
-10.0,1,56.307441
10.0,1,56.309445
10.0,1,56.31145
-10.0,1,56.318776
10.0,1,56.322455
-10.0,1,56.322455
-10.0,1,56.32446
-10.0,1,56.332314
10.0,1,56.333343
-10.0,1,56.335109
-10.0,1,56.335109
10.0,1,56.343572
10.0,1,56.344607
-10.0,1,56.346549
10.0,1,56.349972
10.0,1,56.356472
10.0,1,56.359995
-10.0,1,56.359995
-10.0,1,56.362412
-10.0,1,56.368932
10.0,1,56.371537
10.0,1,56.374044
-10.0,1,56.374044
10.0,1,56.381647
10.0,1,56.38273
10.0,1,56.38273
-10.0,1,56.388853
-10.0,1,56.39637
10.0,1,56.397374
-10.0,1,56.397374
10.0,1,56.403968
-10.0,1,56.410766
-10.0,1,56.412771
-10.0,1,56.412771
-10.0,1,56.414776
-10.0,1,56.420469
-10.0,1,56.421714
10.0,1,56.424607
-10.0,1,56.424607
-10.0,1,56.430917
10.0,1,56.434228
10.0,1,56.43743
-10.0,1,56.43743
-10.0,1,56.445378
-10.0,1,56.445378
-10.0,1,56.445378
10.0,1,56.44863
-10.0,1,56.454856
10.0,1,56.456561
-10.0,1,56.458435
-10.0,1,56.460691
-10.0,1,56.468139
-10.0,1,56.469647
-10.0,1,56.470651
-10.0,1,56.472021
10.0,1,56.47973
-10.0,1,56.47973
-10.0,1,56.481876
-10.0,1,56.483881
10.0,1,56.492089
-10.0,1,56.494094
-10.0,1,56.496099
-10.0,1,56.496099
-10.0,1,56.503902
10.0,1,56.504955
-10.0,1,56.506242
-10.0,1,56.506242
-10.0,1,56.516313
-10.0,1,56.517334
-10.0,1,56.517334
10.0,1,56.520972
10.0,1,56.528329
-10.0,1,56.528329
-10.0,1,56.530554
-10.0,1,56.532081
-10.0,1,56.537413
-10.0,1,56.539792
10.0,1,56.5408
10.0,1,56.542099
-10.0,1,56.548653
-10.0,1,56.55031
-10.0,1,56.55031
-10.0,1,56.55031
10.0,1,56.562389
-10.0,1,56.562389
-10.0,1,56.564733
10.0,1,56.567722
-10.0,1,56.571458
-10.0,1,56.571458
-10.0,1,56.571458
-10.0,1,56.571458
10.0,1,56.584386
-10.0,1,56.585422
10.0,1,56.588248
10.0,1,56.588248
-10.0,1,56.597281
10.0,1,56.599286
10.0,1,56.601291
-10.0,1,56.603037
-10.0,1,56.60932
10.0,1,56.610466
-10.0,1,56.612324
10.0,1,56.614399
-10.0,1,56.6238
10.0,1,56.626311
10.0,1,56.628316
10.0,1,56.63032
-10.0,1,56.636554
10.0,1,56.639673
-10.0,1,56.639673
-10.0,1,56.641782
10.0,1,56.647578
-10.0,1,56.649583
10.0,1,56.652593
-10.0,1,56.652593
3.0,1,56.660469
-10.0,1,56.660469
10.0,1,56.664339
10.0,1,56.664339
-10.0,1,56.672232
10.0,1,56.675459
10.0,1,56.675459
10.0,1,56.677485
-10.0,1,56.686854
10.0,1,56.688859
10.0,1,56.690863
-10.0,1,56.690863
-10.0,1,56.697449
-10.0,1,56.698494
-10.0,1,56.700484
10.0,1,56.703396
-10.0,1,56.710396
-10.0,1,56.710396
-10.0,1,56.712623
10.0,1,56.71437
-10.0,1,56.721838
-10.0,1,56.721838
10.0,1,56.725511
-10.0,1,56.725511
-10.0,1,56.735969
-10.0,1,56.735969
10.0,1,56.73998
-10.0,1,56.73998
-10.0,1,56.746001
10.0,1,56.75029
-10.0,1,56.75029
10.0,1,56.754017
-10.0,1,56.760133
10.0,1,56.762379
10.0,1,56.762379
10.0,1,56.764922
-10.0,1,56.773229
-10.0,1,56.773229
10.0,1,56.773229
-10.0,1,56.776489
-10.0,1,56.783382
-10.0,1,56.78442
10.0,1,56.78442
10.0,1,56.789167
-10.0,1,56.795301
-10.0,1,56.796537
10.0,1,56.796537
10.0,1,56.80162
-10.0,1,56.808089
-10.0,1,56.810094
10.0,1,56.8121
-10.0,1,56.814105
10.0,1,56.821735
10.0,1,56.823742
10.0,1,56.82475
-10.0,1,56.826332
10.0,1,56.833228
10.0,1,56.833228
10.0,1,56.838265
10.0,1,56.840777
-10.0,1,56.849115
10.0,1,56.852085
-10.0,1,56.852085
10.0,1,56.855593
-10.0,1,56.862226
-10.0,1,56.862226
10.0,1,56.864347
-10.0,1,56.865762
10.0,1,56.871594
10.0,1,56.877046
10.0,1,56.879269
10.0,1,56.88176
10.0,1,56.887708
10.0,1,56.887708
10.0,1,56.887708
-10.0,1,56.893009
-10.0,1,56.900266
-10.0,1,56.900266
10.0,1,56.900266
10.0,1,56.905697
-10.0,1,56.911849
-10.0,1,56.914301
10.0,1,56.916676
10.0,1,56.916676
-10.0,1,56.926355
-10.0,1,56.927375
10.0,1,56.927375
10.0,1,56.929514
-10.0,1,56.935581
-10.0,1,56.937773
10.0,1,56.939068
-10.0,1,56.940955
10.0,1,56.948927
-10.0,1,56.951704
-10.0,1,56.951704
10.0,1,56.951704
-10.0,1,56.963781
10.0,1,56.965787
-10.0,1,56.967534
-10.0,1,56.967534
10.0,1,56.975599
10.0,1,56.978804
10.0,1,56.978804
-10.0,1,56.980969
-10.0,1,56.988532
10.0,1,56.989703
-10.0,1,56.989703
-10.0,1,56.989703
-10.0,1,56.9998
-10.0,1,57.00109
10.0,1,57.004273
-10.0,1,57.006452
10.0,1,57.012553
-10.0,1,57.014348
10.0,1,57.017872
-10.0,1,57.017872
-10.0,1,57.024811
-10.0,1,57.025995
-10.0,1,57.025995
-10.0,1,57.029356
-10.0,1,57.034944
-10.0,1,57.038094
10.0,1,57.039194
10.0,1,57.039194
10.0,1,57.049643
-10.0,1,57.051649
10.0,1,57.053654
-10.0,1,57.055659
-10.0,1,57.062673
-10.0,1,57.062673
-10.0,1,57.062673
-10.0,1,57.062673
-10.0,1,57.075664
-10.0,1,57.077023
10.0,1,57.080491
-10.0,1,57.080491
-10.0,1,57.08727
-10.0,1,57.089274
-10.0,1,57.089274
-10.0,1,57.091279
-10.0,1,57.10022
10.0,1,57.101278
10.0,1,57.105366
10.0,1,57.10767
-10.0,1,57.114548
10.0,1,57.117613
-10.0,1,57.117613
10.0,1,57.121401
-10.0,1,57.128314
-10.0,1,57.13032
-10.0,1,57.132324
10.0,1,57.13433
-10.0,1,57.140934
10.0,1,57.140934
10.0,1,57.145823
10.0,1,57.145823
-10.0,1,57.152557
-10.0,1,57.15418
10.0,1,57.156696
-10.0,1,57.157705
-10.0,1,57.164343
10.0,1,57.168008
-10.0,1,57.168008
-10.0,1,57.170514
-10.0,1,57.180341
-10.0,1,57.181575
10.0,1,57.181575
10.0,1,57.183598
10.0,1,57.192029
-10.0,1,57.193058
10.0,1,57.195003
-10.0,1,57.196997
10.0,1,57.204357
3.0,1,57.204357
-10.0,1,57.204357
10.0,1,57.209592
-10.0,1,57.217485
-10.0,1,57.217485
-10.0,1,57.221355
10.0,1,57.223727
-10.0,1,57.229769
-10.0,1,57.230825
10.0,1,57.230825
-10.0,1,57.233825
10.0,1,57.242357
-10.0,1,57.243374
10.0,1,57.246564
10.0,1,57.248913
10.0,1,57.255219
10.0,1,57.256258
10.0,1,57.260561
-10.0,1,57.260561
-10.0,1,57.268026
10.0,1,57.270591
-10.0,1,57.271659
-10.0,1,57.272774
-10.0,1,57.278788
10.0,1,57.280792
10.0,1,57.282797
10.0,1,57.287867
-10.0,1,57.295277
-10.0,1,57.296323
-10.0,1,57.29776
10.0,1,57.299508
-10.0,1,57.306499
10.0,1,57.30758
-10.0,1,57.309258
-10.0,1,57.309258
-10.0,1,57.317729
10.0,1,57.320404
-10.0,1,57.320404
-10.0,1,57.32258
-10.0,1,57.32798
-10.0,1,57.32798
-10.0,1,57.331444
-10.0,1,57.331444
-10.0,1,57.339244
-10.0,1,57.340282
10.0,1,57.343815
-10.0,1,57.343815
10.0,1,57.350785
-10.0,1,57.352791
-10.0,1,57.354796
-10.0,1,57.354796
-10.0,1,57.362093
10.0,1,57.365105
10.0,1,57.36711
-10.0,1,57.369115
10.0,1,57.375962
-10.0,1,57.375962
-10.0,1,57.375962
-10.0,1,57.379476
-10.0,1,57.379476
-10.0,1,57.379476
10.0,1,57.379476
-10.0,1,57.379476
-10.0,1,57.400257
10.0,1,57.401294
10.0,1,57.405043
-10.0,1,57.405043
10.0,1,57.412616
10.0,1,57.413632
-10.0,1,57.415395
-10.0,1,57.416982
-10.0,1,57.424575
-10.0,1,57.424575
-10.0,1,57.42685
10.0,1,57.42685
-10.0,1,57.436513
10.0,1,57.438518
-10.0,1,57.440522
-10.0,1,57.440522
10.0,1,57.447942
-10.0,1,57.448973
10.0,1,57.451089
-10.0,1,57.452473
10.0,1,57.46046
-10.0,1,57.462538
10.0,1,57.464542
-10.0,1,57.466547
-10.0,1,57.473956
-10.0,1,57.475961
10.0,1,57.477966
10.0,1,57.479971
10.0,1,57.485796
10.0,1,57.489806
-10.0,1,57.491811
-10.0,1,57.493815
-10.0,1,57.50069
3.0,1,57.501725
-10.0,1,57.503114
10.0,1,57.505622
-10.0,1,57.514237
10.0,1,57.518248
10.0,1,57.521256
-10.0,1,57.521256
10.0,1,57.53124
10.0,1,57.53124
10.0,1,57.534558
10.0,1,57.537113
-10.0,1,57.544331
10.0,1,57.546336
10.0,1,57.548342
-10.0,1,57.550347
10.0,1,57.558198
-10.0,1,57.558198
-10.0,1,57.558198
-10.0,1,57.561949
10.0,1,57.568045
-10.0,1,57.570555
-10.0,1,57.570555
-10.0,1,57.574566
-10.0,1,57.580401
10.0,1,57.583898
-10.0,1,57.584406
-10.0,1,57.584406
-10.0,1,57.593138
-10.0,1,57.594156
-10.0,1,57.594156
10.0,1,57.598756
10.0,1,57.606311
-10.0,1,57.606311
-10.0,1,57.606311
-10.0,1,57.606311
10.0,1,57.621832
-10.0,1,57.622336
10.0,1,57.622336
10.0,1,57.627458
10.0,1,57.634978
-10.0,1,57.634978
-10.0,1,57.637257
-10.0,1,57.638537
10.0,1,57.647629
-10.0,1,57.648822
-10.0,1,57.648822
-10.0,1,57.650872
-10.0,1,57.657165
-10.0,1,57.658188
10.0,1,57.660988
-10.0,1,57.660988
-10.0,1,57.672038
-10.0,1,57.672038
10.0,1,57.67498
-10.0,1,57.67498
-10.0,1,57.683907
-10.0,1,57.683907
10.0,1,57.687759
10.0,1,57.687759
-10.0,1,57.695271
10.0,1,57.695271
-10.0,1,57.697592
-10.0,1,57.697592
-10.0,1,57.704484
-10.0,1,57.706024
10.0,1,57.708176
-10.0,1,57.709611
-10.0,1,57.7174
-10.0,1,57.7174
-10.0,1,57.719405
-10.0,1,57.719405
10.0,1,57.727941
-10.0,1,57.730925
-10.0,1,57.730925
10.0,1,57.735483
-10.0,1,57.741758
10.0,1,57.743626
10.0,1,57.746594
-10.0,1,57.746594
10.0,1,57.75674
10.0,1,57.75882
-10.0,1,57.75882
-10.0,1,57.75882
-10.0,1,57.767657
-10.0,1,57.767657
10.0,1,57.770257
-10.0,1,57.771599
-10.0,1,57.77829
-10.0,1,57.780294
10.0,1,57.782299
10.0,1,57.784303
10.0,1,57.792115
-10.0,1,57.792115
10.0,1,57.792115
-10.0,1,57.79621
-10.0,1,57.803699
10.0,1,57.805766
-10.0,1,57.808127
-10.0,1,57.808127
-10.0,1,57.815084
10.0,1,57.81709
10.0,1,57.819095
-10.0,1,57.8211
-10.0,1,57.82927
10.0,1,57.832117
-10.0,1,57.832117
-10.0,1,57.834299
10.0,1,57.844342
10.0,1,57.847547
10.0,1,57.847547
10.0,1,57.847547
-10.0,1,57.855607
-10.0,1,57.859286
10.0,1,57.859286
10.0,1,57.859286
10.0,1,57.87042
-10.0,1,57.872424
10.0,1,57.874429
10.0,1,57.876433
-10.0,1,57.884125
10.0,1,57.884125
-10.0,1,57.884125
10.0,1,57.884125
-10.0,1,57.896985
-10.0,1,57.899457
10.0,1,57.901462
10.0,1,57.903466
-10.0,1,57.909554
-10.0,1,57.910573
-10.0,1,57.912362
-10.0,1,57.912362
10.0,1,57.920948
10.0,1,57.92408
-10.0,1,57.92408
10.0,1,57.92408
-10.0,1,57.931832
10.0,1,57.933836
-10.0,1,57.935841
10.0,1,57.937846
-10.0,1,57.943039
-10.0,1,57.944127
10.0,1,57.94592
-10.0,1,57.947425
10.0,1,57.957265
10.0,1,57.960974
10.0,1,57.963484
-10.0,1,57.964665
-10.0,1,57.971421
-10.0,1,57.971421
10.0,1,57.973426
10.0,1,57.975431
10.0,1,57.984776
-10.0,1,57.984776
10.0,1,57.988227
10.0,1,57.988227
10.0,1,57.994979
-10.0,1,57.997071
10.0,1,58.000077
10.0,1,58.002437
10.0,1,58.00777
10.0,1,58.01078
-10.0,1,58.01078
10.0,1,58.016017
-10.0,1,58.024051
-10.0,1,58.025092
3.0,1,58.026839
-10.0,1,58.028844
10.0,1,58.03687
-10.0,1,58.03687
-10.0,1,58.038875
10.0,1,58.04088
-10.0,1,58.048379
-10.0,1,58.050384
10.0,1,58.052389
10.0,1,58.054393
-10.0,1,58.064585
10.0,1,58.065629
10.0,1,58.067505
10.0,1,58.070423
-10.0,1,58.077153
10.0,1,58.079157
10.0,1,58.081162
-10.0,1,58.081162
-10.0,1,58.088913
-10.0,1,58.089917
-10.0,1,58.089917
10.0,1,58.093927
10.0,1,58.099258
-10.0,1,58.101263
-10.0,1,58.103268
10.0,1,58.105273
-10.0,1,58.110992
10.0,1,58.112997
10.0,1,58.115001
-10.0,1,58.115001
-10.0,1,58.121984
10.0,1,58.125328
10.0,1,58.125328
-10.0,1,58.127439
-10.0,1,58.13345
-10.0,1,58.136566
10.0,1,58.136566
-10.0,1,58.139516
-10.0,1,58.147395
-10.0,1,58.147395
10.0,1,58.149402
-10.0,1,58.151407
-10.0,1,58.158817
-10.0,1,58.159862
-10.0,1,58.163437
-10.0,1,58.163437
10.0,1,58.170452
-10.0,1,58.170452
10.0,1,58.170452
-10.0,1,58.170452
10.0,1,58.187034
10.0,1,58.189038
10.0,1,58.191043
10.0,1,58.193048
-10.0,1,58.200233
-10.0,1,58.201324
-10.0,1,58.20268
10.0,1,58.20268
-10.0,1,58.21006
10.0,1,58.212065
-10.0,1,58.21407
-10.0,1,58.216075
-10.0,1,58.223077
-10.0,1,58.22409
-10.0,1,58.225505
10.0,1,58.225505
10.0,1,58.235313
-10.0,1,58.235313
-10.0,1,58.235313
-10.0,1,58.235313
10.0,1,58.245375
10.0,1,58.24738
10.0,1,58.249385
-10.0,1,58.25139
10.0,1,58.259401
10.0,1,58.262629
10.0,1,58.264635
10.0,1,58.26664
10.0,1,58.272674
10.0,1,58.274679
-10.0,1,58.276684
10.0,1,58.279822
-10.0,1,58.288
10.0,1,58.290004
10.0,1,58.292008
-10.0,1,58.292008
-10.0,1,58.299797
10.0,1,58.301801
-10.0,1,58.303806
-10.0,1,58.305811
-10.0,1,58.312147
10.0,1,58.314152
10.0,1,58.316156
10.0,1,58.318161
-10.0,1,58.32545
-10.0,1,58.327457
-10.0,1,58.329462
10.0,1,58.331466
-10.0,1,58.340478
-10.0,1,58.341484
10.0,1,58.343489
-10.0,1,58.345494
-10.0,1,58.351542
10.0,1,58.353546
-10.0,1,58.353546
-10.0,1,58.355551
-10.0,1,58.36395
-10.0,1,58.365104
-10.0,1,58.367109
10.0,1,58.369114
10.0,1,58.377367
10.0,1,58.380067
-10.0,1,58.380067
10.0,1,58.380067
-10.0,1,58.388731
-10.0,1,58.392799
-10.0,1,58.394803
-10.0,1,58.394803
10.0,1,58.402772
-10.0,1,58.404794
-10.0,1,58.406129
10.0,1,58.407519
-10.0,1,58.41539
-10.0,1,58.41539
10.0,1,58.419584
-10.0,1,58.421652
10.0,1,58.430024
10.0,1,58.433174
-10.0,1,58.434268
10.0,1,58.436683
10.0,1,58.442669
-10.0,1,58.444674
10.0,1,58.44668
-10.0,1,58.448685
-10.0,1,58.455878
10.0,1,58.458911
10.0,1,58.458911
10.0,1,58.461164
-10.0,1,58.469647
10.0,1,58.470653
10.0,1,58.474662
-10.0,1,58.474662
-10.0,1,58.482999
-10.0,1,58.484504
-10.0,1,58.484504
10.0,1,58.488514
10.0,1,58.495577
-10.0,1,58.497583
10.0,1,58.500592
-10.0,1,58.500592
10.0,1,58.51466
-10.0,1,58.51466
10.0,1,58.516406
10.0,1,58.518411
10.0,1,58.52736
10.0,1,58.529907
10.0,1,58.529907
10.0,1,58.534171
10.0,1,58.542599
-10.0,1,58.542599
-10.0,1,58.544603
-10.0,1,58.544603
10.0,1,58.552924
-10.0,1,58.552924
-10.0,1,58.556933
10.0,1,58.558938
-10.0,1,58.564368
-10.0,1,58.564368
10.0,1,58.567922
10.0,1,58.570932
-10.0,1,58.577144
-10.0,1,58.578179
10.0,1,58.578179
-10.0,1,58.580431
10.0,1,58.58941
10.0,1,58.592774
10.0,1,58.595165
10.0,1,58.597615
-10.0,1,58.603209
10.0,1,58.605213
10.0,1,58.607219
-10.0,1,58.609224
-10.0,1,58.619881
-10.0,1,58.62278
-10.0,1,58.623285
10.0,1,58.623285
-10.0,1,58.633682
10.0,1,58.634701
10.0,1,58.634701
-10.0,1,58.634701
-10.0,1,58.643878
-10.0,1,58.645997
10.0,1,58.648002
-10.0,1,58.650006
-10.0,1,58.65593
10.0,1,58.657936
10.0,1,58.661686
10.0,1,58.663691
10.0,1,58.670991
-10.0,1,58.672996
10.0,1,58.675002
-10.0,1,58.677006
10.0,1,58.682546
10.0,1,58.684551
-10.0,1,58.686557
10.0,1,58.688561
-10.0,1,58.696904
10.0,1,58.698908
-10.0,1,58.700913
-10.0,1,58.700913
10.0,1,58.709706
-10.0,1,58.709706
10.0,1,58.712164
10.0,1,58.715612
10.0,1,58.721142
-10.0,1,58.722647
-10.0,1,58.727357
10.0,1,58.729362
10.0,1,58.737095
10.0,1,58.738601
10.0,1,58.739609
-10.0,1,58.741394
10.0,1,58.750379
10.0,1,58.752383
-10.0,1,58.752383
-10.0,1,58.754389
-10.0,1,58.761893
10.0,1,58.76426
10.0,1,58.766784
10.0,1,58.768994
-10.0,1,58.775544
-10.0,1,58.777549
-10.0,1,58.777549
10.0,1,58.779554
10.0,1,58.787971
10.0,1,58.787971
-10.0,1,58.790039
-10.0,1,58.792065
10.0,1,58.797658
-10.0,1,58.799664
10.0,1,58.801669
10.0,1,58.803674
-10.0,1,58.810745
10.0,1,58.812749
10.0,1,58.814754
-10.0,1,58.817762
-10.0,1,58.823872
-10.0,1,58.825876
3.0,1,58.827881
-10.0,1,58.827881
10.0,1,58.83785
10.0,1,58.839855
-10.0,1,58.84186
-10.0,1,58.84186
-10.0,1,58.849782
10.0,1,58.852408
10.0,1,58.854793
-10.0,1,58.854793
-10.0,1,58.861546
10.0,1,58.86355
10.0,1,58.865556
10.0,1,58.867562
-10.0,1,58.876872
10.0,1,58.879512
-10.0,1,58.879512
-10.0,1,58.881766
10.0,1,58.888644
-10.0,1,58.89065
10.0,1,58.892655
10.0,1,58.89466
-10.0,1,58.902868
-10.0,1,58.902868
-10.0,1,58.902868
-10.0,1,58.902868
-10.0,1,58.912673
10.0,1,58.914678
10.0,1,58.916683
10.0,1,58.918688
10.0,1,58.925786
10.0,1,58.928795
10.0,1,58.932805
-10.0,1,58.932805
10.0,1,58.939852
-10.0,1,58.941858
-10.0,1,58.941858
10.0,1,58.944866
10.0,1,58.954858
-10.0,1,58.956863
10.0,1,58.958869
-10.0,1,58.960614
10.0,1,58.9671
10.0,1,58.969105
-10.0,1,58.97111
-10.0,1,58.973116
-10.0,1,58.976628
10.0,1,58.983117
-10.0,1,58.983117
10.0,1,58.983117
10.0,1,58.994027
-10.0,1,58.995049
-10.0,1,58.997054
10.0,1,58.999058
10.0,1,59.006222
-10.0,1,59.006222
10.0,1,59.010231
-10.0,1,59.010231
-10.0,1,59.019205
10.0,1,59.02121
10.0,1,59.023214
10.0,1,59.024219
10.0,1,59.033401
10.0,1,59.033401
10.0,1,59.036298
-10.0,1,59.038155
-10.0,1,59.045951
-10.0,1,59.045951
-10.0,1,59.048787
10.0,1,59.050303
-10.0,1,59.055902
-10.0,1,59.055902
10.0,1,59.055902
10.0,1,59.055902
10.0,1,59.073332
-10.0,1,59.077342
10.0,1,59.079347
-10.0,1,59.079347
10.0,1,59.087228
10.0,1,59.089234
-10.0,1,59.091239
-10.0,1,59.091239
3.0,1,59.100049
-10.0,1,59.103055
-10.0,1,59.103055
10.0,1,59.106266
10.0,1,59.113412
10.0,1,59.115721
-10.0,1,59.115721
10.0,1,59.115721
-10.0,1,59.124446
-10.0,1,59.126452
-10.0,1,59.128456
10.0,1,59.130461
10.0,1,59.139391
-10.0,1,59.139391
-10.0,1,59.141891
10.0,1,59.144866
10.0,1,59.150776
10.0,1,59.152782
10.0,1,59.156791
10.0,1,59.158796
-10.0,1,59.164787
10.0,1,59.166534
-10.0,1,59.171154
-10.0,1,59.171154
-10.0,1,59.179119
10.0,1,59.181124
-10.0,1,59.184634
10.0,1,59.18664
-10.0,1,59.192856
-10.0,1,59.196867
-10.0,1,59.198612
-10.0,1,59.198612
-10.0,1,59.206338
-10.0,1,59.208343
10.0,1,59.210348
10.0,1,59.210348
10.0,1,59.218882
10.0,1,59.220886
-10.0,1,59.220886
-10.0,1,59.222891
10.0,1,59.228802
10.0,1,59.232553
10.0,1,59.234558
10.0,1,59.236563
10.0,1,59.242838
10.0,1,59.244844
-10.0,1,59.24659
10.0,1,59.248595
10.0,1,59.256417
10.0,1,59.257478
10.0,1,59.261484
10.0,1,59.26249
-10.0,1,59.270551
-10.0,1,59.271057
-10.0,1,59.271057
-10.0,1,59.273062
10.0,1,59.28726
-10.0,1,59.28726
10.0,1,59.28726
-10.0,1,59.28726
-10.0,1,59.297331
10.0,1,59.30046
10.0,1,59.30046
-10.0,1,59.302891
-10.0,1,59.311352
-10.0,1,59.311352
-10.0,1,59.313358
10.0,1,59.315363
-10.0,1,59.321394
10.0,1,59.322431
10.0,1,59.323671
10.0,1,59.328132
-10.0,1,59.333684
-10.0,1,59.33569
-10.0,1,59.337695
-10.0,1,59.337695
10.0,1,59.345056
-10.0,1,59.347062
10.0,1,59.349067
-10.0,1,59.349067
-10.0,1,59.357024
-10.0,1,59.358427
-10.0,1,59.359852
-10.0,1,59.361262
-10.0,1,59.369148
10.0,1,59.372402
-10.0,1,59.37368
-10.0,1,59.37368
10.0,1,59.383535
10.0,1,59.383535
10.0,1,59.386463
10.0,1,59.389522
10.0,1,59.400706
-10.0,1,59.402711
10.0,1,59.404456
-10.0,1,59.406461
10.0,1,59.413362
-10.0,1,59.415367
-10.0,1,59.417372
10.0,1,59.419377
10.0,1,59.425374
10.0,1,59.427379
10.0,1,59.429384
10.0,1,59.431389
10.0,1,59.439179
-10.0,1,59.441184
-10.0,1,59.441184
-10.0,1,59.443188
-10.0,1,59.450743
10.0,1,59.452491
-10.0,1,59.453496
10.0,1,59.456903
-10.0,1,59.463977
10.0,1,59.465021
-10.0,1,59.467027
-10.0,1,59.47054
-10.0,1,59.476104
-10.0,1,59.478108
10.0,1,59.480113
-10.0,1,59.482119
10.0,1,59.488439
10.0,1,59.489482
10.0,1,59.491368
10.0,1,59.495503
-10.0,1,59.499547
-10.0,1,59.499547
10.0,1,59.499547
10.0,1,59.510478
-10.0,1,59.517612
-10.0,1,59.517612
-10.0,1,59.517612
-10.0,1,59.521254
10.0,1,59.529439
-10.0,1,59.530955
-10.0,1,59.532253
-10.0,1,59.533281
-10.0,1,59.539995
10.0,1,59.542
10.0,1,59.544004
10.0,1,59.546009
-10.0,1,59.554687
10.0,1,59.556692
-10.0,1,59.558698
-10.0,1,59.560704
-10.0,1,59.566337
-10.0,1,59.570981
10.0,1,59.570981
-10.0,1,59.570981
10.0,1,59.580944
-10.0,1,59.582949
-10.0,1,59.584953
-10.0,1,59.584953
-10.0,1,59.59122
-10.0,1,59.592759
-10.0,1,59.59501
10.0,1,59.597014
10.0,1,59.604396
10.0,1,59.606401
10.0,1,59.608406
-10.0,1,59.612161
10.0,1,59.622684
-10.0,1,59.623189
-10.0,1,59.623189
10.0,1,59.626563
10.0,1,59.635034
10.0,1,59.637041
10.0,1,59.639049
10.0,1,59.642811
-10.0,1,59.648751
-10.0,1,59.650757
-10.0,1,59.650757
-10.0,1,59.652763
10.0,1,59.662641
10.0,1,59.662641
10.0,1,59.664924
10.0,1,59.669037
-10.0,1,59.674743
-10.0,1,59.676008
10.0,1,59.676008
10.0,1,59.681209
-10.0,1,59.688471
10.0,1,59.689768
-10.0,1,59.692158
-10.0,1,59.693636
-10.0,1,59.700777
-10.0,1,59.702783
10.0,1,59.704787
10.0,1,59.707798
-10.0,1,59.714148
-10.0,1,59.715216
-10.0,1,59.715216
-10.0,1,59.715216
10.0,1,59.728286
10.0,1,59.730291
-10.0,1,59.732297
3.0,1,59.734303
-10.0,1,59.741842
-10.0,1,59.744625
-10.0,1,59.744625
10.0,1,59.747974
-10.0,1,59.754104
-10.0,1,59.755648
10.0,1,59.755648
-10.0,1,59.758379
-10.0,1,59.767197
10.0,1,59.769278
10.0,1,59.771341
-10.0,1,59.772345
10.0,1,59.780046
10.0,1,59.782052
10.0,1,59.785062
10.0,1,59.787068
10.0,1,59.794192
10.0,1,59.798203
10.0,1,59.800208
-10.0,1,59.802213
10.0,1,59.809861
-10.0,1,59.811867
10.0,1,59.813871
-10.0,1,59.815875
-10.0,1,59.822039
10.0,1,59.824044
10.0,1,59.826049
-10.0,1,59.828056
-10.0,1,59.837562
-10.0,1,59.839568
10.0,1,59.84358
-10.0,1,59.84358
-10.0,1,59.850824
-10.0,1,59.852829
-10.0,1,59.854835
10.0,1,59.856841
10.0,1,59.865586
10.0,1,59.865586
10.0,1,59.870434
-10.0,1,59.87147
10.0,1,59.879246
-10.0,1,59.881251
-10.0,1,59.883256
-10.0,1,59.883256
-10.0,1,59.891311
10.0,1,59.894523
-10.0,1,59.895745
10.0,1,59.898331
-10.0,1,59.906183
-10.0,1,59.906183
10.0,1,59.910485
10.0,1,59.910485
-10.0,1,59.918884
-10.0,1,59.920891
10.0,1,59.922896
-10.0,1,59.924901
-10.0,1,59.931455
10.0,1,59.93346
10.0,1,59.93346
10.0,1,59.937471
-10.0,1,59.94872
-10.0,1,59.94872
-10.0,1,59.950725
10.0,1,59.954736
10.0,1,59.962987
10.0,1,59.965436
10.0,1,59.96744
-10.0,1,59.969446
10.0,1,59.976726
10.0,1,59.980737
10.0,1,59.982742
-10.0,1,59.984747
-10.0,1,59.991949
-10.0,1,59.991949
-10.0,1,59.994473
-10.0,1,59.995492
10.0,1,60.003931
10.0,1,60.005388
10.0,1,60.009142
10.0,1,60.011639
10.0,1,60.019949
-10.0,1,60.021955
10.0,1,60.02396
-10.0,1,60.025964
10.0,1,60.033195
-10.0,1,60.034467
-10.0,1,60.035975
10.0,1,60.039194
10.0,1,60.046211
-10.0,1,60.050221
-10.0,1,60.051968
-10.0,1,60.056211
-10.0,1,60.062481
-10.0,1,60.064487
10.0,1,60.067997
10.0,1,60.070004
10.0,1,60.078677
-10.0,1,60.080682
10.0,1,60.082688
10.0,1,60.083692
10.0,1,60.094273
10.0,1,60.094273
10.0,1,60.096812
-10.0,1,60.099779
-10.0,1,60.107199
-10.0,1,60.10824
-10.0,1,60.10824
-10.0,1,60.111018
-10.0,1,60.118246
10.0,1,60.122257
-10.0,1,60.122257
10.0,1,60.126268
10.0,1,60.132848
-10.0,1,60.134853
10.0,1,60.136859
-10.0,1,60.138864
-10.0,1,60.143877
-10.0,1,60.146976
-10.0,1,60.148163
10.0,1,60.151204
10.0,1,60.157457
-10.0,1,60.159464
10.0,1,60.161469
10.0,1,60.167193
-10.0,1,60.173514
10.0,1,60.17552
-10.0,1,60.177525
10.0,1,60.181036
10.0,1,60.187611
10.0,1,60.191621
-10.0,1,60.191621
10.0,1,60.195131
-10.0,1,60.202283
10.0,1,60.204288
10.0,1,60.206294
10.0,1,60.208299
-10.0,1,60.21572
10.0,1,60.219732
10.0,1,60.221737
-10.0,1,60.223741
-10.0,1,60.230052
-10.0,1,60.232057
-10.0,1,60.232057
-10.0,1,60.234062
10.0,1,60.241632
10.0,1,60.243637
-10.0,1,60.245642
-10.0,1,60.245642
-10.0,1,60.251073
-10.0,1,60.253189
-10.0,1,60.253189
-10.0,1,60.257099
-10.0,1,60.264752
10.0,1,60.266757
-10.0,1,60.268762
10.0,1,60.271272
10.0,1,60.279977
-10.0,1,60.281983
10.0,1,60.283988
10.0,1,60.287998
10.0,1,60.296691
-10.0,1,60.296691
10.0,1,60.298696
-10.0,1,60.300702
3.0,1,60.30751
-10.0,1,60.309515
10.0,1,60.311521
10.0,1,60.313525
10.0,1,60.321224
10.0,1,60.32323
10.0,1,60.325234
-10.0,1,60.32724
10.0,1,60.335522
10.0,1,60.336031
-10.0,1,60.338063
-10.0,1,60.339978
-10.0,1,60.348917
-10.0,1,60.350921
-10.0,1,60.352928
10.0,1,60.354933
10.0,1,60.362139
-10.0,1,60.363214
-10.0,1,60.365368
-10.0,1,60.366904
10.0,1,60.375106
-10.0,1,60.375106
-10.0,1,60.377433
10.0,1,60.380111
10.0,1,60.390285
10.0,1,60.392291
10.0,1,60.394296
10.0,1,60.396301
-10.0,1,60.404547
10.0,1,60.406552
10.0,1,60.408557
10.0,1,60.410562
-10.0,1,60.41432
-10.0,1,60.421262
10.0,1,60.423268
10.0,1,60.425273
-10.0,1,60.432511
10.0,1,60.434974
10.0,1,60.434974
10.0,1,60.438895
10.0,1,60.447237
-10.0,1,60.447237
10.0,1,60.447237
10.0,1,60.450445
10.0,1,60.458861
10.0,1,60.461871
-10.0,1,60.463877
-10.0,1,60.465883
10.0,1,60.473637
10.0,1,60.476045
-10.0,1,60.476045
-10.0,1,60.477794
-10.0,1,60.484873
10.0,1,60.486879
10.0,1,60.488884
-10.0,1,60.49089
-10.0,1,60.499726
-10.0,1,60.501554
-10.0,1,60.503258
10.0,1,60.50638
10.0,1,60.513221
10.0,1,60.517126
-10.0,1,60.517126
-10.0,1,60.519131
-10.0,1,60.527832
10.0,1,60.529837
-10.0,1,60.531844
10.0,1,60.533848
-10.0,1,60.54031
-10.0,1,60.541815
-10.0,1,60.54382
-10.0,1,60.545825
10.0,1,60.553555
10.0,1,60.556535
-10.0,1,60.557542
-10.0,1,60.558883
10.0,1,60.567257
10.0,1,60.570135
10.0,1,60.572662
-10.0,1,60.574957
10.0,1,60.582399
-10.0,1,60.582399
10.0,1,60.585955
-10.0,1,60.585955
-10.0,1,60.594046
10.0,1,60.596051
10.0,1,60.600062
-10.0,1,60.600062
10.0,1,60.611403
-10.0,1,60.613409
10.0,1,60.615414
3.0,1,60.617419
10.0,1,60.627214
-10.0,1,60.629221
-10.0,1,60.629221
-10.0,1,60.631226
-10.0,1,60.639726
10.0,1,60.642616
10.0,1,60.645108
-10.0,1,60.645108
-10.0,1,60.653927
10.0,1,60.654949
-10.0,1,60.656467
10.0,1,60.660424
-10.0,1,60.666631
10.0,1,60.670384
10.0,1,60.671889
10.0,1,60.673893
-10.0,1,60.680609
-10.0,1,60.682615
10.0,1,60.684361
-10.0,1,60.686367
10.0,1,60.693402
-10.0,1,60.695407
-10.0,1,60.697413
10.0,1,60.699417
-10.0,1,60.706697
10.0,1,60.708701
10.0,1,60.710706
-10.0,1,60.712712
10.0,1,60.717546
10.0,1,60.726346
-10.0,1,60.726346
-10.0,1,60.728792
10.0,1,60.739048
10.0,1,60.741057
-10.0,1,60.743062
-10.0,1,60.745067
10.0,1,60.753508
10.0,1,60.756331
10.0,1,60.758779
-10.0,1,60.758779
-10.0,1,60.765278
-10.0,1,60.76631
-10.0,1,60.768605
-10.0,1,60.770757
-10.0,1,60.776521
10.0,1,60.778525
-10.0,1,60.780531
-10.0,1,60.782537
-10.0,1,60.789591
-10.0,1,60.789591
10.0,1,60.791596
-10.0,1,60.793601
-10.0,1,60.801383
-10.0,1,60.803012
10.0,1,60.803012
10.0,1,60.807639
10.0,1,60.814327
10.0,1,60.818338
-10.0,1,60.820343
-10.0,1,60.820343
-10.0,1,60.83074
-10.0,1,60.832747
-10.0,1,60.832747
-10.0,1,60.834753
10.0,1,60.843692
-10.0,1,60.845696
10.0,1,60.845696
10.0,1,60.849707
10.0,1,60.857206
10.0,1,60.857206
10.0,1,60.862618
-10.0,1,60.862618
10.0,1,60.871756
-10.0,1,60.873261
-10.0,1,60.875267
-10.0,1,60.875267
-10.0,1,60.882043
10.0,1,60.884049
-10.0,1,60.886055
-10.0,1,60.88806
10.0,1,60.896483
-10.0,1,60.896483
10.0,1,60.898489
10.0,1,60.902499
10.0,1,60.909669
-10.0,1,60.911674
-10.0,1,60.91368
10.0,1,60.915685
-10.0,1,60.924836
-10.0,1,60.927336
10.0,1,60.929704
10.0,1,60.932187
10.0,1,60.942536
-10.0,1,60.944543
-10.0,1,60.946548
-10.0,1,60.946548
10.0,1,60.954226
10.0,1,60.956232
-10.0,1,60.958237
-10.0,1,60.958237
-10.0,1,60.966658
10.0,1,60.970174
10.0,1,60.973685
-10.0,1,60.973685
-10.0,1,60.984265
-10.0,1,60.986272
-10.0,1,60.988185
10.0,1,60.988185
-10.0,1,60.995522
-10.0,1,60.997528
-10.0,1,60.997528
-10.0,1,61.001013
10.0,1,61.008565
10.0,1,61.011498
10.0,1,61.013846
10.0,1,61.015594
-10.0,1,61.022479
-10.0,1,61.022479
10.0,1,61.028993
-10.0,1,61.028993
-10.0,1,61.037408
10.0,1,61.039414
10.0,1,61.043425
10.0,1,61.045429
10.0,1,61.056948
-10.0,1,61.056948
-10.0,1,61.056948
-10.0,1,61.061003
10.0,1,61.068387
10.0,1,61.071899
-10.0,1,61.073904
10.0,1,61.075909
3.0,1,61.0832
-10.0,1,61.0832
10.0,1,61.085445
10.0,1,61.085445
10.0,1,61.09478
-10.0,1,61.096371
10.0,1,61.10006
10.0,1,61.101625
-10.0,1,61.108929
10.0,1,61.110677
10.0,1,61.112684
10.0,1,61.116696
-10.0,1,61.122986
10.0,1,61.125717
-10.0,1,61.126723
10.0,1,61.129017
10.0,1,61.136961
-10.0,1,61.136961
-10.0,1,61.136961
-10.0,1,61.136961
10.0,1,61.146713
-10.0,1,61.148721
10.0,1,61.150726
-10.0,1,61.152731
10.0,1,61.163572
10.0,1,61.165579
-10.0,1,61.167586
10.0,1,61.169591
-10.0,1,61.176708
-10.0,1,61.178713
10.0,1,61.180719
10.0,1,61.182724
-10.0,1,61.192167
10.0,1,61.19417
-10.0,1,61.19417
10.0,1,61.196745
-10.0,1,61.203067
-10.0,1,61.204812
10.0,1,61.206877
10.0,1,61.210808
10.0,1,61.219395
-10.0,1,61.220901
-10.0,1,61.220901
-10.0,1,61.220901
-10.0,1,61.230781
10.0,1,61.232786
10.0,1,61.234792
-10.0,1,61.236539
-10.0,1,61.243863
-10.0,1,61.245867
10.0,1,61.247873
-10.0,1,61.249878
-10.0,1,61.255179
10.0,1,61.259598
-10.0,1,61.259598
-10.0,1,61.26192
-10.0,1,61.272076
10.0,1,61.275915
-10.0,1,61.275915
10.0,1,61.28048
-10.0,1,61.2864
10.0,1,61.288405
-10.0,1,61.290411
10.0,1,61.292415
-10.0,1,61.299413
-10.0,1,61.300503
-10.0,1,61.300503
-10.0,1,61.303632
-10.0,1,61.311024
-10.0,1,61.312103
10.0,1,61.31378
-10.0,1,61.315527
10.0,1,61.32223
10.0,1,61.32624
10.0,1,61.328246
-10.0,1,61.328246
-10.0,1,61.336085
10.0,1,61.340095
10.0,1,61.3421
10.0,1,61.344106
-10.0,1,61.351965
10.0,1,61.355019
10.0,1,61.356459
-10.0,1,61.357597
-10.0,1,61.36651
10.0,1,61.369559
-10.0,1,61.369559
-10.0,1,61.37207
10.0,1,61.383504
10.0,1,61.386855
10.0,1,61.388861
10.0,1,61.392872
-10.0,1,61.399945
-10.0,1,61.399945
10.0,1,61.404366
-10.0,1,61.404366
10.0,1,61.413106
10.0,1,61.415112
10.0,1,61.417117
10.0,1,61.419123
-10.0,1,61.426861
10.0,1,61.428868
-10.0,1,61.428868
10.0,1,61.428868
-10.0,1,61.44173
10.0,1,61.442735
10.0,1,61.446747
10.0,1,61.448753
10.0,1,61.458405
10.0,1,61.460411
-10.0,1,61.462417
10.0,1,61.464422
10.0,1,61.472193
-10.0,1,61.474199
10.0,1,61.476204
10.0,1,61.47821
10.0,1,61.485932
-10.0,1,61.485932
10.0,1,61.493155
-10.0,1,61.493155
-10.0,1,61.50329
-10.0,1,61.505294
10.0,1,61.507301
10.0,1,61.509308
-10.0,1,61.516497
-10.0,1,61.518502
-10.0,1,61.518502
10.0,1,61.522514
10.0,1,61.530158
10.0,1,61.533392
-10.0,1,61.533392
-10.0,1,61.53568
-10.0,1,61.54425
-10.0,1,61.545515
10.0,1,61.545515
-10.0,1,61.54868
10.0,1,61.557299
10.0,1,61.559304
-10.0,1,61.561309
10.0,1,61.563314
-10.0,1,61.571053
10.0,1,61.572058
10.0,1,61.575517
10.0,1,61.577987
-10.0,1,61.583577
-10.0,1,61.585762
10.0,1,61.589081
-10.0,1,61.589081
-10.0,1,61.596229
10.0,1,61.604802
3.0,1,61.604802
-10.0,1,61.606808
-10.0,1,61.613053
10.0,1,61.617064
10.0,1,61.61907
-10.0,1,61.621077
-10.0,1,61.630352
10.0,1,61.631782
-10.0,1,61.633875
-10.0,1,61.636003
10.0,1,61.645014
-10.0,1,61.64602
-10.0,1,61.64602
10.0,1,61.650752
10.0,1,61.659501
-10.0,1,61.659501
10.0,1,61.663888
-10.0,1,61.663888
-10.0,1,61.672373
10.0,1,61.674377
-10.0,1,61.676382
-10.0,1,61.678128
-10.0,1,61.685968
-10.0,1,61.685968
-10.0,1,61.688481
10.0,1,61.691363
-10.0,1,61.697279
-10.0,1,61.699284
10.0,1,61.701289
-10.0,1,61.701289
-10.0,1,61.708143
10.0,1,61.714556
10.0,1,61.714556
-10.0,1,61.714556
-10.0,1,61.72559
-10.0,1,61.726597
3.0,1,61.726597
10.0,1,61.731918
10.0,1,61.7394
10.0,1,61.741412
-10.0,1,61.74242
10.0,1,61.745917
-10.0,1,61.752312
-10.0,1,61.754318
-10.0,1,61.756323
-10.0,1,61.759335
10.0,1,61.767552
-10.0,1,61.767552
10.0,1,61.769557
-10.0,1,61.771563
10.0,1,61.779642
10.0,1,61.779642
10.0,1,61.784635
-10.0,1,61.785818
-10.0,1,61.791971
-10.0,1,61.793976
-10.0,1,61.795983
-10.0,1,61.797988
10.0,1,61.803778
10.0,1,61.809628
-10.0,1,61.809628
10.0,1,61.813536
10.0,1,61.824007
10.0,1,61.824007
-10.0,1,61.828341
10.0,1,61.830902
10.0,1,61.838227
-10.0,1,61.838227
10.0,1,61.843617
-10.0,1,61.843617
10.0,1,61.85156
10.0,1,61.853565
-10.0,1,61.85557
-10.0,1,61.857575
-10.0,1,61.865298
10.0,1,61.868183
10.0,1,61.868183
-10.0,1,61.870377
-10.0,1,61.877244
10.0,1,61.879249
-10.0,1,61.88226
10.0,1,61.884264
10.0,1,61.893341
-10.0,1,61.895345
10.0,1,61.898356
10.0,1,61.900362
10.0,1,61.907984
10.0,1,61.911995
10.0,1,61.914
-10.0,1,61.916005
-10.0,1,61.923463
10.0,1,61.924549
-10.0,1,61.926555
-10.0,1,61.92856
-10.0,1,61.938046
-10.0,1,61.940299
-10.0,1,61.940299
-10.0,1,61.942769
-10.0,1,61.949654
10.0,1,61.951658
-10.0,1,61.953664
-10.0,1,61.953664
10.0,1,61.964016
10.0,1,61.964016
-10.0,1,61.966827
10.0,1,61.969966
10.0,1,61.975944
10.0,1,61.979696
10.0,1,61.981701
10.0,1,61.983706
10.0,1,61.993711
10.0,1,61.995715
-10.0,1,61.99772
10.0,1,61.999726
10.0,1,62.006134
-10.0,1,62.00814
-10.0,1,62.009644
10.0,1,62.012944
-10.0,1,62.018975
-10.0,1,62.018975
10.0,1,62.022985
10.0,1,62.02499
-10.0,1,62.031292
-10.0,1,62.033297
-10.0,1,62.035302
-10.0,1,62.037307
10.0,1,62.047806
10.0,1,62.050368
10.0,1,62.052666
-10.0,1,62.052666
10.0,1,62.062104
10.0,1,62.064109
10.0,1,62.066113
10.0,1,62.068118
10.0,1,62.07644
-10.0,1,62.07644
10.0,1,62.07644
-10.0,1,62.080219
-10.0,1,62.086752
10.0,1,62.090764
10.0,1,62.09277
-10.0,1,62.094774
10.0,1,62.102898
-10.0,1,62.104646
-10.0,1,62.104646
-10.0,1,62.106875
10.0,1,62.114548
-10.0,1,62.114548
10.0,1,62.114548
-10.0,1,62.118356
-10.0,1,62.125297
-10.0,1,62.127303
10.0,1,62.129308
-10.0,1,62.131313
-10.0,1,62.13925
10.0,1,62.14033
-10.0,1,62.14033
-10.0,1,62.144487
10.0,1,62.152419
10.0,1,62.152419
-10.0,1,62.158606
-10.0,1,62.160612
-10.0,1,62.16956
10.0,1,62.171865
-10.0,1,62.173371
-10.0,1,62.175376
-10.0,1,62.182089
10.0,1,62.186099
10.0,1,62.188104
10.0,1,62.190109
10.0,1,62.198689
10.0,1,62.2002
10.0,1,62.204213
-10.0,1,62.204213
-10.0,1,62.212142
-10.0,1,62.214147
-10.0,1,62.217899
10.0,1,62.219904
10.0,1,62.228642
-10.0,1,62.230933
10.0,1,62.234317
-10.0,1,62.234317
10.0,1,62.243137
3.0,1,62.245143
-10.0,1,62.247148
10.0,1,62.249153
10.0,1,62.255956
10.0,1,62.257961
10.0,1,62.261971
-10.0,1,62.262976
-10.0,1,62.273517
10.0,1,62.275522
-10.0,1,62.275522
10.0,1,62.279032
10.0,1,62.286467
10.0,1,62.288472
-10.0,1,62.290477
10.0,1,62.292482
-10.0,1,62.300802
10.0,1,62.302809
-10.0,1,62.304814
-10.0,1,62.304814
-10.0,1,62.312989
10.0,1,62.314994
-10.0,1,62.317
10.0,1,62.319005
10.0,1,62.326176
10.0,1,62.328182
-10.0,1,62.330187
-10.0,1,62.332193
10.0,1,62.342082
-10.0,1,62.342082
10.0,1,62.346416
10.0,1,62.349161
-10.0,1,62.355985
10.0,1,62.359738
10.0,1,62.361744
10.0,1,62.365754
-10.0,1,62.372701
-10.0,1,62.375605
10.0,1,62.380248
10.0,1,62.382437
-10.0,1,62.389101
10.0,1,62.391107
10.0,1,62.393113
10.0,1,62.395118
10.0,1,62.404725
10.0,1,62.407302
10.0,1,62.409308
-10.0,1,62.411314
-10.0,1,62.418883
-10.0,1,62.420629
-10.0,1,62.422635
-10.0,1,62.42464
-10.0,1,62.431088
10.0,1,62.433093
-10.0,1,62.436604
-10.0,1,62.437805
-10.0,1,62.446018
-10.0,1,62.447155
-10.0,1,62.449428
-10.0,1,62.449428
10.0,1,62.456804
-10.0,1,62.458809
10.0,1,62.460815
10.0,1,62.462821
-10.0,1,62.471866
10.0,1,62.473876
10.0,1,62.475549
-10.0,1,62.475549
10.0,1,62.485704
-10.0,1,62.485704
-10.0,1,62.490538
-10.0,1,62.492172
-10.0,1,62.499501
10.0,1,62.502512
-10.0,1,62.502512
10.0,1,62.506522
10.0,1,62.512808
-10.0,1,62.516559
-10.0,1,62.518565
-10.0,1,62.518565
-10.0,1,62.52636
10.0,1,62.529558
10.0,1,62.530891
10.0,1,62.534852
10.0,1,62.540564
10.0,1,62.544575
-10.0,1,62.544575
10.0,1,62.54658
10.0,1,62.555959
10.0,1,62.558333
-10.0,1,62.559752
-10.0,1,62.559752
10.0,1,62.568736
-10.0,1,62.570046
10.0,1,62.572198
10.0,1,62.573704
10.0,1,62.582467
10.0,1,62.585623
10.0,1,62.585623
10.0,1,62.589281
10.0,1,62.596163
10.0,1,62.596163
-10.0,1,62.596163
10.0,1,62.596163
-10.0,1,62.615402
10.0,1,62.618498
10.0,1,62.618498
10.0,1,62.622997
10.0,1,62.630591
10.0,1,62.630591
-10.0,1,62.630591
-10.0,1,62.635881
-10.0,1,62.64372
-10.0,1,62.644803
10.0,1,62.646906
-10.0,1,62.646906
10.0,1,62.65384
10.0,1,62.657851
-10.0,1,62.657851
10.0,1,62.661604
-10.0,1,62.668829
-10.0,1,62.668829
-10.0,1,62.670835
10.0,1,62.673846
-10.0,1,62.681984
10.0,1,62.681984
10.0,1,62.681984
10.0,1,62.689699
10.0,1,62.695875
-10.0,1,62.697881
-10.0,1,62.699886
10.0,1,62.701891
-10.0,1,62.712629
10.0,1,62.716839
-10.0,1,62.718157
-10.0,1,62.720518
10.0,1,62.729068
-10.0,1,62.729068
10.0,1,62.73288
-10.0,1,62.734886
-10.0,1,62.965826
10.0,1,62.967833
-10.0,1,62.969838
-10.0,1,62.969838
10.0,1,62.97964
-10.0,1,62.97964
10.0,1,62.981646
-10.0,1,62.983652
10.0,1,62.991184
10.0,1,62.995195
-10.0,1,62.995195
10.0,1,62.9972
10.0,1,63.005559
-10.0,1,63.007571
-10.0,1,63.009579
10.0,1,63.011584
10.0,1,63.019865
10.0,1,63.021612
-10.0,1,63.023618
-10.0,1,63.025623
-10.0,1,63.032567
-10.0,1,63.034573
-10.0,1,63.037584
10.0,1,63.037584
3.0,1,63.050166
-10.0,1,63.053293
3.0,1,63.053293
-10.0,1,63.053293
10.0,1,63.064508
-10.0,1,63.066514
10.0,1,63.068519
-10.0,1,63.070525
10.0,1,63.077687
10.0,1,63.081699
10.0,1,63.083704
-10.0,1,63.085709
-10.0,1,63.091824
10.0,1,63.091824
10.0,1,63.091824
3.0,1,63.095953
10.0,1,63.103736
10.0,1,63.107746
10.0,1,63.109752
10.0,1,63.111757
-10.0,1,63.119484
10.0,1,63.121489
-10.0,1,63.121489
10.0,1,63.123494
-10.0,1,63.131613
10.0,1,63.133618
10.0,1,63.135623
10.0,1,63.137628
-10.0,1,63.14554
10.0,1,63.150511
10.0,1,63.15252
-10.0,1,63.15252
-10.0,1,63.163269
10.0,1,63.165275
-10.0,1,63.16728
-10.0,1,63.169285
10.0,1,63.177485
-10.0,1,63.177485
10.0,1,63.181008
-10.0,1,63.181008
10.0,1,63.190491
-10.0,1,63.190491
-10.0,1,63.192505
10.0,1,63.195286
-10.0,1,63.201102
-10.0,1,63.203108
10.0,1,63.205113
10.0,1,63.207119
10.0,1,63.218197
10.0,1,63.221288
-10.0,1,63.221288
10.0,1,63.225012
10.0,1,63.230848
-10.0,1,63.232854
10.0,1,63.234859
-10.0,1,63.236864
-10.0,1,63.244871
-10.0,1,63.245944
10.0,1,63.247853
-10.0,1,63.249263
-10.0,1,63.255736
10.0,1,63.258944
-10.0,1,63.262322
10.0,1,63.262322
10.0,1,63.273442
10.0,1,63.274446
10.0,1,63.276451
10.0,1,63.280461
-10.0,1,63.28735
-10.0,1,63.288411
-10.0,1,63.289418
-10.0,1,63.291531
10.0,1,63.301083
10.0,1,63.303088
10.0,1,63.305093
10.0,1,63.307099
10.0,1,63.317051
-10.0,1,63.317051
-10.0,1,63.319055
10.0,1,63.320801
10.0,1,63.331655
-10.0,1,63.331655
10.0,1,63.336726
10.0,1,63.339402
-10.0,1,63.346633
10.0,1,63.346633
-10.0,1,63.348638
10.0,1,63.350643
10.0,1,63.357123
10.0,1,63.361134
10.0,1,63.363139
10.0,1,63.365144
-10.0,1,63.375981
-10.0,1,63.377986
10.0,1,63.379991
10.0,1,63.381997
-10.0,1,63.390434
10.0,1,63.393855
10.0,1,63.395859
10.0,1,63.397865
10.0,1,63.406855
10.0,1,63.409513
10.0,1,63.41064
-10.0,1,63.411815
-10.0,1,63.417491
-10.0,1,63.420221
10.0,1,63.423044
10.0,1,63.425342
10.0,1,63.432005
-10.0,1,63.435792
10.0,1,63.438029
-10.0,1,63.438029
10.0,1,63.448033
10.0,1,63.451573
10.0,1,63.453578
-10.0,1,63.455583
10.0,1,63.462493
-10.0,1,63.466509
-10.0,1,63.468514
10.0,1,63.470519
-10.0,1,63.47657
3.0,1,63.477621
10.0,1,63.479629
-10.0,1,63.48399
10.0,1,63.491499
10.0,1,63.493505
10.0,1,63.49551
10.0,1,63.497516
10.0,1,63.506615
-10.0,1,63.508475
-10.0,1,63.511485
-10.0,1,63.513658
10.0,1,63.52208
10.0,1,63.526091
10.0,1,63.527595
3.0,1,63.5296
10.0,1,63.537201
-10.0,1,63.539207
10.0,1,63.541211
10.0,1,63.543217
10.0,1,63.553041
-10.0,1,63.555265
10.0,1,63.556632
-10.0,1,63.557675
10.0,1,63.564233
-10.0,1,63.568243
-10.0,1,63.568243
10.0,1,63.570248
-10.0,1,63.578129
-10.0,1,63.578129
10.0,1,63.583294
-10.0,1,63.583294
10.0,1,63.590709
-10.0,1,63.590709
-10.0,1,63.5975
10.0,1,63.599027
-10.0,1,63.606621
10.0,1,63.60933
10.0,1,63.611642
-10.0,1,63.611642
10.0,1,63.619709
10.0,1,63.622719
-10.0,1,63.624726
-10.0,1,63.626731
-10.0,1,63.633459
10.0,1,63.635969
-10.0,1,63.637975
10.0,1,63.63998
-10.0,1,63.647255
-10.0,1,63.649261
10.0,1,63.651267
-10.0,1,63.655279
10.0,1,63.663223
-10.0,1,63.663223
10.0,1,63.667233
10.0,1,63.66898
-10.0,1,63.674931
10.0,1,63.678941
10.0,1,63.680946
10.0,1,63.682952
10.0,1,63.689926
10.0,1,63.693936
-10.0,1,63.693936
-10.0,1,63.695941
-10.0,1,63.706259
10.0,1,63.710299
10.0,1,63.710299
10.0,1,63.714741
10.0,1,63.722146
10.0,1,63.723165
10.0,1,63.724939
10.0,1,63.729032
10.0,1,63.736933
-10.0,1,63.738939
10.0,1,63.740943
-10.0,1,63.740943
-10.0,1,63.748564
-10.0,1,63.750156
-10.0,1,63.752161
-10.0,1,63.754166
-10.0,1,63.762057
10.0,1,63.765569
-10.0,1,63.765569
-10.0,1,63.767575
10.0,1,63.774984
10.0,1,63.776989
-10.0,1,63.778997
-10.0,1,63.781006
10.0,1,63.788203
-10.0,1,63.789238
10.0,1,63.789238
10.0,1,63.792804
-10.0,1,63.800111
10.0,1,63.802118
-10.0,1,63.804124
-10.0,1,63.806129
-10.0,1,63.814391
-10.0,1,63.816397
-10.0,1,63.816397
10.0,1,63.820408
10.0,1,63.827803
10.0,1,63.829808
-10.0,1,63.831814
-10.0,1,63.833819
-10.0,1,63.841063
-10.0,1,63.842134
-10.0,1,63.845714
10.0,1,63.845714
-10.0,1,63.85378
10.0,1,63.855784
10.0,1,63.858794
10.0,1,63.860799
-10.0,1,63.867875
10.0,1,63.87124
-10.0,1,63.87124
10.0,1,63.874865
10.0,1,63.882404
10.0,1,63.884408
10.0,1,63.886414
10.0,1,63.890426
10.0,1,63.896484
-10.0,1,63.898489
10.0,1,63.900494
10.0,1,63.902499
10.0,1,63.912667
-10.0,1,63.914672
10.0,1,63.916677
-10.0,1,63.916677
10.0,1,63.926947
-10.0,1,63.928953
10.0,1,63.930959
10.0,1,63.932964
-10.0,1,63.940184
10.0,1,63.941414
10.0,1,63.945345
10.0,1,63.948567
-10.0,1,63.955313
10.0,1,63.9576
10.0,1,63.959605
10.0,1,63.961611
10.0,1,63.96913
-10.0,1,63.971136
-10.0,1,63.973141
10.0,1,63.977152
10.0,1,63.983743
-10.0,1,63.985749
-10.0,1,63.987755
-10.0,1,63.987755
-10.0,1,63.995292
10.0,1,63.998217
10.0,1,64.001729
-10.0,1,64.003734
10.0,1,64.012267
10.0,1,64.014787
10.0,1,64.016851
10.0,1,64.018744
10.0,1,64.026273
10.0,1,64.028139
10.0,1,64.031891
-10.0,1,64.031891
-10.0,1,64.043079
10.0,1,64.045084
-10.0,1,64.047089
10.0,1,64.049094
-10.0,1,64.058086
-10.0,1,64.060031
10.0,1,64.062036
-10.0,1,64.063041
10.0,1,64.070115
-10.0,1,64.071178
10.0,1,64.071178
10.0,1,64.077228
-10.0,1,64.083099
3.0,1,64.085104
10.0,1,64.08711
10.0,1,64.089115
-10.0,1,64.096212
-10.0,1,64.098218
10.0,1,64.100222
10.0,1,64.102228
3.0,1,64.109399
-10.0,1,64.110905
10.0,1,64.112911
-10.0,1,64.114916
-10.0,1,64.121972
10.0,1,64.123846
-10.0,1,64.126856
10.0,1,64.126856
10.0,1,64.135155
10.0,1,64.137161
-10.0,1,64.139166
-10.0,1,64.141172
10.0,1,64.1502
10.0,1,64.154211
10.0,1,64.156216
10.0,1,64.158221
-10.0,1,64.166952
-10.0,1,64.169985
-10.0,1,64.169985
-10.0,1,64.171991
-10.0,1,64.179708
-10.0,1,64.181713
-10.0,1,64.183718
-10.0,1,64.185724
-10.0,1,64.193379
-10.0,1,64.195385
10.0,1,64.19739
10.0,1,64.199396
-10.0,1,64.205411
10.0,1,64.205411
10.0,1,64.205411
10.0,1,64.205411
10.0,1,64.224294
10.0,1,64.226299
10.0,1,64.228303
10.0,1,64.230308
-10.0,1,64.239268
10.0,1,64.241273
10.0,1,64.243278
10.0,1,64.245283
-10.0,1,64.253079
10.0,1,64.253079
10.0,1,64.253079
10.0,1,64.253079
10.0,1,64.271566
10.0,1,64.273571
-10.0,1,64.275577
10.0,1,64.277582
-10.0,1,64.286369
10.0,1,64.288373
10.0,1,64.290378
10.0,1,64.292383
10.0,1,64.300176
-10.0,1,64.300176
10.0,1,64.303169
-10.0,1,64.304654
-10.0,1,64.312015
10.0,1,64.31402
-10.0,1,64.316025
-10.0,1,64.318031
-10.0,1,64.326404
-10.0,1,64.328202
-10.0,1,64.330207
10.0,1,64.333958
10.0,1,64.340806
10.0,1,64.342813
-10.0,1,64.344818
-10.0,1,64.346823
10.0,1,64.353271
10.0,1,64.357282
-10.0,1,64.357282
10.0,1,64.359287
10.0,1,64.371385
-10.0,1,64.371385
-10.0,1,64.374212
10.0,1,64.37572
10.0,1,64.384956
10.0,1,64.384956
-10.0,1,64.387735
-10.0,1,64.389661
-10.0,1,64.397313
10.0,1,64.397313
10.0,1,64.401893
-10.0,1,64.401893
10.0,1,64.411051
10.0,1,64.413057
-10.0,1,64.415063
-10.0,1,64.417069
-10.0,1,64.423671
10.0,1,64.426117
-10.0,1,64.428283
10.0,1,64.430334
10.0,1,64.439045
-10.0,1,64.439045
10.0,1,64.441256
10.0,1,64.443006
-10.0,1,64.452981
-10.0,1,64.452981
-10.0,1,64.455296
10.0,1,64.456747
10.0,1,64.467068
-10.0,1,64.467068
-10.0,1,64.469383
10.0,1,64.472742
-10.0,1,64.481501
-10.0,1,64.482695
10.0,1,64.486628
-10.0,1,64.486628
-10.0,1,64.493546
-10.0,1,64.495552
10.0,1,64.497556
10.0,1,64.499562
10.0,1,64.508013
-10.0,1,64.509411
10.0,1,64.512928
10.0,1,64.515203
-10.0,1,64.521336
-10.0,1,64.523342
-10.0,1,64.525348
-10.0,1,64.527353
-10.0,1,64.535185
10.0,1,64.537297
10.0,1,64.541308
-10.0,1,64.541308
10.0,1,64.551028
-10.0,1,64.551028
-10.0,1,64.554043
10.0,1,64.557018
-10.0,1,64.564603
-10.0,1,64.564603
10.0,1,64.568815
-10.0,1,64.568815
10.0,1,64.577854
-10.0,1,64.579413
10.0,1,64.579413
10.0,1,64.584308
10.0,1,64.59396
-10.0,1,64.59396
10.0,1,64.597749
-10.0,1,64.601481
-10.0,1,64.607234
10.0,1,64.607234
10.0,1,64.607234
-10.0,1,64.61611
10.0,1,64.62362
10.0,1,64.626803
-10.0,1,64.626803
10.0,1,64.629056
-10.0,1,64.638437
-10.0,1,64.639478
10.0,1,64.642941
-10.0,1,64.642941
-10.0,1,64.650929
-10.0,1,64.654942
-10.0,1,64.656947
-10.0,1,64.656947
-10.0,1,64.66386
-10.0,1,64.665867
-10.0,1,64.667871
-10.0,1,64.669877
10.0,1,64.677865
-10.0,1,64.680673
-10.0,1,64.680673
-10.0,1,64.68347
-10.0,1,64.691276
10.0,1,64.692296
10.0,1,64.693626
10.0,1,64.695695
10.0,1,64.70851
10.0,1,64.710883
10.0,1,64.710883
-10.0,1,64.71352
-10.0,1,64.720299
-10.0,1,64.722305
10.0,1,64.724309
10.0,1,64.728321
-10.0,1,64.738101
10.0,1,64.740819
10.0,1,64.743404
10.0,1,64.743404
10.0,1,64.751297
3.0,1,64.753303
10.0,1,64.757313
-10.0,1,64.758318
-10.0,1,64.766094
10.0,1,64.767174
10.0,1,64.768801
-10.0,1,64.770716
10.0,1,64.780959
10.0,1,64.783714
10.0,1,64.783714
10.0,1,64.787841
10.0,1,64.79582
10.0,1,64.798436
-10.0,1,64.798436
10.0,1,64.802285
-10.0,1,64.811432
-10.0,1,64.813438
-10.0,1,64.815444
10.0,1,64.817448
10.0,1,64.828368
10.0,1,64.831424
-10.0,1,64.831424
10.0,1,64.833664
-10.0,1,64.840672
10.0,1,64.84474
-10.0,1,64.84474
-10.0,1,64.84822
-10.0,1,64.852885
10.0,1,64.854709
10.0,1,64.854709
10.0,1,64.854709
10.0,1,64.868861
-10.0,1,64.87087
-10.0,1,64.872875
-10.0,1,64.872875
10.0,1,64.881639
10.0,1,64.881639
-10.0,1,64.884731
10.0,1,64.887153
-10.0,1,64.892709
10.0,1,64.894714
10.0,1,64.898725
10.0,1,64.90047
10.0,1,64.909039
-10.0,1,64.910452
-10.0,1,64.911508
10.0,1,64.915158
10.0,1,64.925422
-10.0,1,64.927428
-10.0,1,64.929433
10.0,1,64.931437
10.0,1,64.938489
10.0,1,64.942038
-10.0,1,64.942038
10.0,1,64.946008
10.0,1,64.952241
-10.0,1,64.954247
-10.0,1,64.954247
10.0,1,64.958258
-10.0,1,64.964541
10.0,1,64.966635
10.0,1,64.969009
-10.0,1,64.970883
-10.0,1,64.977858
-10.0,1,64.978876
-10.0,1,64.980624
-10.0,1,64.983516
-10.0,1,64.990464
-10.0,1,64.991486
10.0,1,64.994818
-10.0,1,64.994818
10.0,1,65.005184
10.0,1,65.007189
-10.0,1,65.007189
10.0,1,65.011199
10.0,1,65.018843
10.0,1,65.021658
-10.0,1,65.021658
-10.0,1,65.021658
-10.0,1,65.032027
-10.0,1,65.034032
10.0,1,65.036038
10.0,1,65.038043
10.0,1,65.047278
10.0,1,65.049966
-10.0,1,65.051026
10.0,1,65.054164
10.0,1,65.061493
10.0,1,65.064353
10.0,1,65.064353
-10.0,1,65.066601
10.0,1,65.07602
10.0,1,65.078028
10.0,1,65.082039
10.0,1,65.084045
10.0,1,65.091695
10.0,1,65.095209
-10.0,1,65.096469
10.0,1,65.099654
-10.0,1,65.105458
10.0,1,65.109604
-10.0,1,65.109604
-10.0,1,65.112002
10.0,1,65.120639
10.0,1,65.236955
3.0,1,65.249725
10.0,1,65.25178
-10.0,1,65.259222
-10.0,1,65.261228
10.0,1,65.265238
10.0,1,65.266743
10.0,1,65.274072
10.0,1,65.276077
10.0,1,65.280087
10.0,1,65.282093
10.0,1,65.290528
-10.0,1,65.290528
-10.0,1,65.292817
-10.0,1,65.294416
10.0,1,65.30122
10.0,1,65.305232
-10.0,1,65.305232
10.0,1,65.309241
-10.0,1,65.315274
-10.0,1,65.31728
10.0,1,65.319284
-10.0,1,65.319284
-10.0,1,65.323294
-10.0,1,65.329417
10.0,1,65.33208
-10.0,1,65.33208
10.0,1,65.338522
-10.0,1,65.340527
10.0,1,65.342532
-10.0,1,65.345542
10.0,1,65.352809
10.0,1,65.353827
-10.0,1,65.356903
-10.0,1,65.358147
-10.0,1,65.368161
-10.0,1,65.368161
-10.0,1,65.368161
-10.0,1,65.372194
10.0,1,65.378027
10.0,1,65.378027
-10.0,1,65.378027
-10.0,1,65.378027
-10.0,1,65.392915
-10.0,1,65.39392
10.0,1,65.39392
-10.0,1,65.39392
-10.0,1,65.404784
10.0,1,65.40679
10.0,1,65.410802
-10.0,1,65.410802
10.0,1,65.419615
10.0,1,65.422608
10.0,1,65.422608
-10.0,1,65.426897
-10.0,1,65.432735
-10.0,1,65.434741
10.0,1,65.434741
10.0,1,65.436746
10.0,1,65.4476
10.0,1,65.449605
-10.0,1,65.451609
10.0,1,65.453615
-10.0,1,65.460192
10.0,1,65.461394
10.0,1,65.463612
10.0,1,65.465429
10.0,1,65.476279
10.0,1,65.480289
10.0,1,65.482294
10.0,1,65.484298
10.0,1,65.493817
10.0,1,65.493817
-10.0,1,65.496371
-10.0,1,65.498528
-10.0,1,65.503995
-10.0,1,65.506256
10.0,1,65.510139
-10.0,1,65.511314
-10.0,1,65.518262
-10.0,1,65.520008
-10.0,1,65.522014
-10.0,1,65.524019
10.0,1,65.532392
-10.0,1,65.532392
-10.0,1,65.534397
10.0,1,65.537907
-10.0,1,65.545639
-10.0,1,65.546679
-10.0,1,65.546679
-10.0,1,65.549168
10.0,1,65.557155
10.0,1,65.559448
-10.0,1,65.559448
-10.0,1,65.561651
-10.0,1,65.568047
10.0,1,65.568047
10.0,1,65.573171
10.0,1,65.575599
10.0,1,65.582048
10.0,1,65.583795
10.0,1,65.589279
10.0,1,65.591824
-10.0,1,65.599478
10.0,1,65.601484
-10.0,1,65.60349
10.0,1,65.605495
-10.0,1,65.61234
10.0,1,65.615352
-10.0,1,65.617358
10.0,1,65.619363
-10.0,1,65.625116
10.0,1,65.627122
10.0,1,65.629128
-10.0,1,65.631132
10.0,1,65.639687
10.0,1,65.640992
-10.0,1,65.64203
10.0,1,65.64203
10.0,1,65.651913
10.0,1,65.653921
-10.0,1,65.655726
10.0,1,65.659306
-10.0,1,65.662815
-10.0,1,65.665985
-10.0,1,65.668575
10.0,1,65.671697
10.0,1,65.678501
10.0,1,65.678501
-10.0,1,65.681582
10.0,1,65.685491
-10.0,1,65.692212
10.0,1,65.693438
10.0,1,65.693438
-10.0,1,65.693438
-10.0,1,65.709544
-10.0,1,65.709544
-10.0,1,65.71155
-10.0,1,65.713555
10.0,1,65.72168
-10.0,1,65.723685
10.0,1,65.725431
-10.0,1,65.727437
-10.0,1,65.73473
10.0,1,65.735785
10.0,1,65.7394
-10.0,1,65.741478
10.0,1,65.749425
-10.0,1,65.749425
-10.0,1,65.751463
-10.0,1,65.751463
10.0,1,65.76275
-10.0,1,65.76275
10.0,1,65.766761
-10.0,1,65.768766
10.0,1,65.776547
10.0,1,65.778552
10.0,1,65.78056
-10.0,1,65.782565
-10.0,1,65.788257
10.0,1,65.791267
-10.0,1,65.793272
10.0,1,65.795277
10.0,1,65.804348
10.0,1,65.805354
10.0,1,65.805354
10.0,1,65.813906
10.0,1,65.819468
10.0,1,65.82322
-10.0,1,65.825226
10.0,1,65.827231
10.0,1,65.834392
10.0,1,65.837669
-10.0,1,65.837669
-10.0,1,65.839563
-10.0,1,65.84625
-10.0,1,65.847847
10.0,1,65.849852
10.0,1,65.852862
-10.0,1,65.86069
10.0,1,65.863912
10.0,1,65.863912
10.0,1,65.863912
10.0,1,65.874874
10.0,1,65.878278
-10.0,1,65.878278
-10.0,1,65.878278
10.0,1,65.889911
-10.0,1,65.889911
-10.0,1,65.891916
-10.0,1,65.893922
10.0,1,65.900966
-10.0,1,65.901973
-10.0,1,65.904092
10.0,1,65.907412
-10.0,1,65.914036
10.0,1,65.917043
10.0,1,65.920349
-10.0,1,65.920349
10.0,1,65.930007
10.0,1,65.93282
10.0,1,65.936811
-10.0,1,65.936811
-10.0,1,65.944038
-10.0,1,65.945091
-10.0,1,65.947488
-10.0,1,65.948517
-10.0,1,65.955171
-10.0,1,65.957176
10.0,1,65.959181
3.0,1,65.961186
-10.0,1,65.969778
-10.0,1,65.970866
10.0,1,65.974092
-10.0,1,65.974092
10.0,1,65.980159
10.0,1,65.980159
10.0,1,65.980159
-10.0,1,65.980159
10.0,1,65.995946
10.0,1,65.997953
10.0,1,65.999959
10.0,1,66.001964
-10.0,1,66.009872
10.0,1,66.011895
10.0,1,66.015035
-10.0,1,66.015035
-10.0,1,66.022364
10.0,1,66.024371
10.0,1,66.027881
-10.0,1,66.027881
-10.0,1,66.040137
-10.0,1,66.041162
10.0,1,66.043918
-10.0,1,66.044425
10.0,1,66.053181
10.0,1,66.055454
10.0,1,66.057919
10.0,1,66.060457
-10.0,1,66.064811
10.0,1,66.070466
10.0,1,66.072471
10.0,1,66.074476
10.0,1,66.083048
-10.0,1,66.085053
10.0,1,66.087058
10.0,1,66.089063
10.0,1,66.096206
-10.0,1,66.098212
-10.0,1,66.100217
-10.0,1,66.102223
-10.0,1,66.109565
10.0,1,66.111571
10.0,1,66.113576
10.0,1,66.115581
10.0,1,66.12421
-10.0,1,66.125839
-10.0,1,66.125839
10.0,1,66.125839
-10.0,1,66.137142
-10.0,1,66.138179
-10.0,1,66.139926
-10.0,1,66.140992
-10.0,1,66.151386
10.0,1,66.155398
10.0,1,66.157404
10.0,1,66.159409
10.0,1,66.167896
10.0,1,66.169914
-10.0,1,66.171422
-10.0,1,66.172535
-10.0,1,66.180593
10.0,1,66.180593
10.0,1,66.185151
10.0,1,66.187267
-10.0,1,66.194195
10.0,1,66.195268
-10.0,1,66.196616
10.0,1,66.198747
-10.0,1,66.207046
10.0,1,66.209053
10.0,1,66.212056
-10.0,1,66.212056
-10.0,1,66.21891
10.0,1,66.220915
10.0,1,66.22292
-10.0,1,66.224926
10.0,1,66.233079
-10.0,1,66.233079
-10.0,1,66.234826
3.0,1,66.234826
-10.0,1,66.243511
-10.0,1,66.247277
10.0,1,66.249716
-10.0,1,66.255681
-10.0,1,66.261944
10.0,1,66.265616
-10.0,1,66.266793
10.0,1,66.270602
-10.0,1,66.276484
10.0,1,66.279983
10.0,1,66.279983
-10.0,1,66.282613
-10.0,1,66.291923
-10.0,1,66.293657
10.0,1,66.293657
-10.0,1,66.296303
10.0,1,66.306097
10.0,1,66.308505
10.0,1,66.308505
-10.0,1,66.311321
-10.0,1,66.320391
-10.0,1,66.322397
10.0,1,66.324401
-10.0,1,66.326406
10.0,1,66.334184
-10.0,1,66.334184
-10.0,1,66.337339
10.0,1,66.340093
10.0,1,66.345916
10.0,1,66.347921
-10.0,1,66.349926
10.0,1,66.351931
-10.0,1,66.358907
10.0,1,66.36242
-10.0,1,66.36242
-10.0,1,66.370296
10.0,1,66.376429
-10.0,1,66.378846
10.0,1,66.381607
-10.0,1,66.381607
10.0,1,66.389721
10.0,1,66.393473
-10.0,1,66.3946
10.0,1,66.3946
10.0,1,66.405749
-10.0,1,66.405749
10.0,1,66.409256
10.0,1,66.410264
10.0,1,66.418257
-10.0,1,66.420262
-10.0,1,66.422268
-10.0,1,66.424273
10.0,1,66.433123
-10.0,1,66.43535
-10.0,1,66.436485
10.0,1,66.439483
-10.0,1,66.445735
10.0,1,66.44774
10.0,1,66.449745
-10.0,1,66.45175
-10.0,1,66.459094
-10.0,1,66.460431
10.0,1,66.462435
10.0,1,66.466446
10.0,1,66.476288
10.0,1,66.480135
10.0,1,66.482635
-10.0,1,66.482635
-10.0,1,66.490788
10.0,1,66.493415
10.0,1,66.493415
10.0,1,66.497601
10.0,1,66.504458
-10.0,1,66.504458
-10.0,1,66.504458
10.0,1,66.504458
10.0,1,66.517931
10.0,1,66.520438
-10.0,1,66.521584
10.0,1,66.524176
10.0,1,66.532745
-10.0,1,66.532745
10.0,1,66.536497
10.0,1,66.538502
-10.0,1,66.545043
10.0,1,66.547048
-10.0,1,66.549054
10.0,1,66.551059
-10.0,1,66.557616
10.0,1,66.557616
3.0,1,66.557616
-10.0,1,66.557616
-10.0,1,66.573722
-10.0,1,66.573722
10.0,1,66.576233
-10.0,1,66.576233
-10.0,1,66.583673
3.0,1,66.59031
10.0,1,66.593124
-10.0,1,66.593124
-10.0,1,66.605786
-10.0,1,66.606837
10.0,1,66.606837
-10.0,1,66.609013
-10.0,1,66.617516
-10.0,1,66.617516
10.0,1,66.619521
10.0,1,66.621526
10.0,1,66.630081
10.0,1,66.632688
-10.0,1,66.635659
-10.0,1,66.635659
10.0,1,66.645289
10.0,1,66.645289
-10.0,1,66.649005
-10.0,1,66.650082
-10.0,1,66.657769
-10.0,1,66.659775
-10.0,1,66.66178
10.0,1,66.663526
3.0,1,66.670303
-10.0,1,66.67231
10.0,1,66.674314
-10.0,1,66.674314
10.0,1,66.682618
-10.0,1,66.684623
10.0,1,66.686628
10.0,1,66.688633
-10.0,1,66.695272
10.0,1,66.695272
-10.0,1,66.695272
10.0,1,66.695272
-10.0,1,66.710602
-10.0,1,66.710602
10.0,1,66.710602
-10.0,1,66.710602
-10.0,1,66.723675
-10.0,1,66.726451
10.0,1,66.726451
10.0,1,66.726451
-10.0,1,66.737787
10.0,1,66.740403
-10.0,1,66.740403
-10.0,1,66.74233
-10.0,1,66.75088
10.0,1,66.754089
-10.0,1,66.754089
10.0,1,66.758416
10.0,1,66.766495
10.0,1,66.769088
-10.0,1,66.770998
-10.0,1,66.772069
10.0,1,66.780689
-10.0,1,66.782827
-10.0,1,66.78385
10.0,1,66.785043
10.0,1,66.793492
10.0,1,66.796605
10.0,1,66.798809
-10.0,1,66.798809
-10.0,1,66.808045
10.0,1,66.811997
-10.0,1,66.811997
-10.0,1,66.814247
10.0,1,66.824166
10.0,1,66.825557
10.0,1,66.828811
-10.0,1,66.828811
10.0,1,66.83778
10.0,1,66.839785
-10.0,1,66.839785
-10.0,1,66.84179
-10.0,1,66.847519
3.0,1,66.85026
-10.0,1,66.85026
10.0,1,66.855165
-10.0,1,66.862002
-10.0,1,66.863023
-10.0,1,66.864654
-10.0,1,66.866163
10.0,1,66.873772
-10.0,1,66.874795
10.0,1,66.8768
10.0,1,66.879869
-10.0,1,66.887728
3.0,1,66.887728
-10.0,1,66.887728
-10.0,1,66.893714
10.0,1,66.901807
10.0,1,66.901807
-10.0,1,66.901807
10.0,1,66.908237
10.0,1,66.914034
-10.0,1,66.916039
10.0,1,66.916039
-10.0,1,66.916039
-10.0,1,66.927632
10.0,1,66.933168
10.0,1,66.936085
-10.0,1,66.936085
10.0,1,66.945335
-10.0,1,66.94648
-10.0,1,66.948734
-10.0,1,66.950845
10.0,1,66.959296
10.0,1,66.961897
-10.0,1,66.961897
-10.0,1,66.963906
-10.0,1,66.970755
10.0,1,66.972761
-10.0,1,66.974767
10.0,1,66.978778
10.0,1,66.98687
-10.0,1,66.98687
-10.0,1,66.989371
-10.0,1,66.990871
10.0,1,67.000677
-10.0,1,67.002679
-10.0,1,67.00468
10.0,1,67.006683
10.0,1,67.014381
-10.0,1,67.014381
10.0,1,67.01853
-10.0,1,67.01853
-10.0,1,67.028126
10.0,1,67.032853
-10.0,1,67.032853
10.0,1,67.036753
10.0,1,67.044853
10.0,1,67.044853
10.0,1,67.048107
10.0,1,67.05191
10.0,1,67.060525
10.0,1,67.060525
10.0,1,67.062927
-10.0,1,67.065331
-10.0,1,67.073712
10.0,1,67.074796
-10.0,1,67.076805
-10.0,1,67.078794
10.0,1,67.086694
10.0,1,67.089498
-10.0,1,67.090507
-10.0,1,67.090507
-10.0,1,67.098332
-10.0,1,67.099694
-10.0,1,67.101648
10.0,1,67.106009
10.0,1,67.114195
10.0,1,67.1158
10.0,1,67.118965
10.0,1,67.121473
10.0,1,67.127504
-10.0,1,67.129587
-10.0,1,67.131716
-10.0,1,67.133162
-10.0,1,67.142592
-10.0,1,67.144597
10.0,1,67.146602
-10.0,1,67.148608
10.0,1,67.154706
-10.0,1,67.156711
10.0,1,67.158716
3.0,1,67.160721
10.0,1,67.170005
10.0,1,67.170005
10.0,1,67.170005
10.0,1,67.177021
10.0,1,67.185104
10.0,1,67.18711
-10.0,1,67.189115
10.0,1,67.19112
-10.0,1,67.198498
10.0,1,67.200893
10.0,1,67.202899
10.0,1,67.204904
10.0,1,67.213818
-10.0,1,67.213818
-10.0,1,67.216693
-10.0,1,67.218702
-10.0,1,67.226768
10.0,1,67.226768
10.0,1,67.231413
10.0,1,67.231413
-10.0,1,67.239796
10.0,1,67.242262
10.0,1,67.244617
10.0,1,67.246346
10.0,1,67.256836
10.0,1,67.260243
-10.0,1,67.260243
10.0,1,67.263252
10.0,1,67.272354
10.0,1,67.274051
-10.0,1,67.275109
10.0,1,67.277114
10.0,1,67.285738
-10.0,1,67.287266
10.0,1,67.290375
10.0,1,67.292958
-10.0,1,67.299534
-10.0,1,67.300558
-10.0,1,67.300558
10.0,1,67.303365
10.0,1,67.310226
10.0,1,67.310226
-10.0,1,67.310226
10.0,1,67.310226
-10.0,1,67.325872
-10.0,1,67.327852
10.0,1,67.331506
10.0,1,67.33376
10.0,1,67.339429
10.0,1,67.341435
10.0,1,67.34545
-10.0,1,67.34545
-10.0,1,67.353774
10.0,1,67.356502
10.0,1,67.358042
10.0,1,67.363748
10.0,1,67.372545
10.0,1,67.375467
10.0,1,67.37898
10.0,1,67.380985
-10.0,1,67.386664
10.0,1,67.389676
3.0,1,67.391681
10.0,1,67.393686
-10.0,1,67.400026
10.0,1,67.402032
10.0,1,67.405785
10.0,1,67.40779
-10.0,1,67.413682
-10.0,1,67.415688
10.0,1,67.4197
-10.0,1,67.421446
-10.0,1,67.426953
-10.0,1,67.428335
10.0,1,67.432244
10.0,1,67.432244
-10.0,1,67.440991
10.0,1,67.443921
-10.0,1,67.443921
10.0,1,67.447599
-10.0,1,67.45245
10.0,1,67.456654
10.0,1,67.459572
10.0,1,67.459572
10.0,1,67.46826
-10.0,1,67.46826
-10.0,1,67.46826
10.0,1,67.476952
-10.0,1,67.484818
10.0,1,67.484818
10.0,1,67.484818
-10.0,1,67.484818
10.0,1,67.497773
10.0,1,67.501697
-10.0,1,67.501697
-10.0,1,67.501697
-10.0,1,67.511184
10.0,1,67.513189
10.0,1,67.517201
-10.0,1,67.517201
-10.0,1,67.525125
10.0,1,67.526194
10.0,1,67.530829
10.0,1,67.533077
10.0,1,67.54088
10.0,1,67.544093
10.0,1,67.544093
-10.0,1,67.546078
-10.0,1,67.554585
10.0,1,67.557548
10.0,1,67.557548
-10.0,1,67.559762
-10.0,1,67.56704
10.0,1,67.569514
-10.0,1,67.569514
10.0,1,67.573237
-10.0,1,67.582966
-10.0,1,67.584971
-10.0,1,67.586977
-10.0,1,67.588983
10.0,1,67.597353
10.0,1,67.598366
-10.0,1,67.600364
-10.0,1,67.602533
-10.0,1,67.608813
10.0,1,67.611047
10.0,1,67.614303
-10.0,1,67.61545
10.0,1,67.624432
10.0,1,67.627409
10.0,1,67.630243
10.0,1,67.632667
3.0,1,67.638765
10.0,1,67.642518
10.0,1,67.644523
10.0,1,67.646528
-10.0,1,67.653713
10.0,1,67.655718
10.0,1,67.655718
10.0,1,67.655718
10.0,1,67.669114
-10.0,1,67.671119
-10.0,1,67.673126
10.0,1,67.675132
-10.0,1,67.683273
10.0,1,67.685724
-10.0,1,67.687859
10.0,1,67.690786
-10.0,1,67.699934
10.0,1,67.702788
10.0,1,67.704985
-10.0,1,67.704985
10.0,1,67.712686
-10.0,1,67.714692
10.0,1,67.716697
10.0,1,67.718444
-10.0,1,67.725406
10.0,1,67.729493
10.0,1,67.729998
10.0,1,67.734086
10.0,1,67.741944
10.0,1,67.745955
10.0,1,67.747961
10.0,1,67.749967
10.0,1,67.757645
-10.0,1,67.75965
10.0,1,67.761655
-10.0,1,67.763661
10.0,1,67.772517
-10.0,1,67.775987
10.0,1,67.777021
10.0,1,67.77875
10.0,1,67.788036
-10.0,1,67.789067
10.0,1,67.791048
10.0,1,67.792446
10.0,1,67.802176
-10.0,1,67.804233
10.0,1,67.80874
10.0,1,67.80874
-10.0,1,67.819525
-10.0,1,67.819525
10.0,1,67.821966
10.0,1,67.82393
10.0,1,67.832599
10.0,1,67.834604
10.0,1,67.836609
10.0,1,67.84062
10.0,1,67.847295
-10.0,1,67.849576
-10.0,1,67.850625
-10.0,1,67.850625
10.0,1,67.858816
-10.0,1,67.861355
10.0,1,67.864074
10.0,1,67.866389
-10.0,1,67.874737
10.0,1,67.874737
10.0,1,67.87964
-10.0,1,67.880992
-10.0,1,67.888327
-10.0,1,67.891064
-10.0,1,67.891064
-10.0,1,67.893142
10.0,1,67.901825
10.0,1,67.903775
10.0,1,67.907073
-10.0,1,67.909903
-10.0,1,67.919342
10.0,1,67.921847
10.0,1,67.924559
10.0,1,67.926941
-10.0,1,67.934135
10.0,1,67.93704
-10.0,1,67.93704
-10.0,1,67.939372
10.0,1,67.948454
-10.0,1,67.948454
10.0,1,67.951081
10.0,1,67.953828
-10.0,1,67.960922
-10.0,1,67.961998
10.0,1,67.965321
-10.0,1,67.965321
-10.0,1,67.973117
-10.0,1,67.973117
-10.0,1,67.975379
10.0,1,67.977386
-10.0,1,67.985959
-10.0,1,67.987042
-10.0,1,67.988241
-10.0,1,67.989893
-10.0,1,67.997483
-10.0,1,67.998538
-10.0,1,68.000587
10.0,1,68.003021
-10.0,1,68.011322
-10.0,1,68.012341
10.0,1,68.015899
10.0,1,68.01716
10.0,1,68.02841
10.0,1,68.030652
10.0,1,68.033564
10.0,1,68.036331
-10.0,1,68.044767
10.0,1,68.046772
-10.0,1,68.048778
-10.0,1,68.050784
10.0,1,68.05891
-10.0,1,68.060915
10.0,1,68.062921
-10.0,1,68.064667
-10.0,1,68.072149
-10.0,1,68.073233
10.0,1,68.073233
10.0,1,68.077706
10.0,1,68.085541
-10.0,1,68.085541
-10.0,1,68.087547
10.0,1,68.089553
-10.0,1,68.099074
-10.0,1,68.099074
10.0,1,68.102509
-10.0,1,68.102509
10.0,1,68.110543
10.0,1,68.114553
10.0,1,68.114553
-10.0,1,68.116558
10.0,1,68.124806
-10.0,1,68.126812
-10.0,1,68.128558
-10.0,1,68.128558
-10.0,1,68.14037
10.0,1,68.142375
-10.0,1,68.146386
-10.0,1,68.146386
10.0,1,68.15373
10.0,1,68.157741
10.0,1,68.159746
10.0,1,68.161751
10.0,1,68.169302
-10.0,1,68.171307
-10.0,1,68.173312
-10.0,1,68.175317
10.0,1,68.181917
10.0,1,68.185927
10.0,1,68.187932
-10.0,1,68.187932
-10.0,1,68.194709
-10.0,1,68.196176
-10.0,1,68.198186
-10.0,1,68.200633
10.0,1,68.209348
-10.0,1,68.209348
10.0,1,68.213512
-10.0,1,68.213512
-10.0,1,68.221918
10.0,1,68.223452
-10.0,1,68.22546
-10.0,1,68.22546
10.0,1,68.233322
10.0,1,68.235327
10.0,1,68.238836
-10.0,1,68.242881
10.0,1,68.252142
-10.0,1,68.252142
10.0,1,68.254795
10.0,1,68.258591
10.0,1,68.267167
-10.0,1,68.269172
10.0,1,68.270918
10.0,1,68.272925
-10.0,1,68.28004
-10.0,1,68.28108
10.0,1,68.284375
10.0,1,68.284375
-10.0,1,68.292971
10.0,1,68.294979
-10.0,1,68.296899
10.0,1,68.300378
10.0,1,68.309343
10.0,1,68.311996
10.0,1,68.314615
10.0,1,68.316434
-10.0,1,68.322836
10.0,1,68.326101
-10.0,1,68.326101
10.0,1,68.329991
10.0,1,68.338273
-10.0,1,68.338273
-10.0,1,68.340686
10.0,1,68.343618
-10.0,1,68.35059
-10.0,1,68.355938
10.0,1,68.35834
10.0,1,68.360833
-10.0,1,68.370373
10.0,1,68.372887
10.0,1,68.375466
-10.0,1,68.3775
10.0,1,68.385726
-10.0,1,68.385726
10.0,1,68.387732
-10.0,1,68.389737
10.0,1,68.397818
10.0,1,68.398824
10.0,1,68.403321
-10.0,1,68.403321
-10.0,1,68.412334
10.0,1,68.415845
-10.0,1,68.415845
-10.0,1,68.41785
-10.0,1,68.425017
-10.0,1,68.427021
-10.0,1,68.429027
-10.0,1,68.431032
-10.0,1,68.437613
10.0,1,68.439618
10.0,1,68.441623
10.0,1,68.445133
-10.0,1,68.451064
-10.0,1,68.453196
-10.0,1,68.454726
10.0,1,68.457638
10.0,1,68.468306
10.0,1,68.470311
-10.0,1,68.472317
10.0,1,68.474322
-10.0,1,68.48204
-10.0,1,68.484046
-10.0,1,68.484046
-10.0,1,68.486052
-10.0,1,68.494565
10.0,1,68.495647
10.0,1,68.497653
10.0,1,68.499659
10.0,1,68.509985
10.0,1,68.51265
10.0,1,68.51265
10.0,1,68.51481
10.0,1,68.522072
-10.0,1,68.523818
10.0,1,68.52783
10.0,1,68.529835
10.0,1,68.537695
10.0,1,68.540213
-10.0,1,68.540213
10.0,1,68.544594
-10.0,1,68.55096
-10.0,1,68.552965
10.0,1,68.554971
10.0,1,68.556976
-10.0,1,68.565457
10.0,1,68.567902
-10.0,1,68.567902
10.0,1,68.574045
-10.0,1,68.580186
10.0,1,68.581303
-10.0,1,68.581303
-10.0,1,68.585816
10.0,1,68.595279
10.0,1,68.597625
10.0,1,68.599935
10.0,1,68.601682
10.0,1,68.610477
10.0,1,68.612967
-10.0,1,68.612967
-10.0,1,68.61546
-10.0,1,68.622372
10.0,1,68.625716
10.0,1,68.625716
-10.0,1,68.628413
-10.0,1,68.636401
10.0,1,68.638824
10.0,1,68.641428
10.0,1,68.643802
10.0,1,68.652443
10.0,1,68.655241
-10.0,1,68.655241
10.0,1,68.657697
10.0,1,68.6653
10.0,1,68.666404
-10.0,1,68.666404
-10.0,1,68.666404
-10.0,1,68.677803
-10.0,1,68.679504
10.0,1,68.684399
-10.0,1,68.68546
-10.0,1,68.692012
10.0,1,68.694017
10.0,1,68.696023
10.0,1,68.699033
10.0,1,68.706102
-10.0,1,68.707639
-10.0,1,68.708819
10.0,1,68.711698
10.0,1,68.719474
-10.0,1,68.719474
10.0,1,68.722224
-10.0,1,68.724859
10.0,1,68.732901
10.0,1,68.735449
10.0,1,68.737288
3.0,1,68.737288
10.0,1,68.747241
-10.0,1,68.747241
-10.0,1,68.749579
10.0,1,68.752955
10.0,1,68.76067
10.0,1,68.763233
-10.0,1,68.763233
10.0,1,68.765494
-10.0,1,68.77326
10.0,1,68.774307
-10.0,1,68.776314
-10.0,1,68.778399
10.0,1,68.787301
-10.0,1,68.787301
-10.0,1,68.789482
10.0,1,68.79209
10.0,1,68.8024
-10.0,1,68.8024
-10.0,1,68.804863
-10.0,1,68.804863
10.0,1,68.814369
-10.0,1,68.817271
-10.0,1,68.817271
10.0,1,68.821076
-10.0,1,68.827943
-10.0,1,68.827943
10.0,1,68.831995
-10.0,1,68.831995
10.0,1,68.838757
-10.0,1,68.840763
10.0,1,68.842769
-10.0,1,68.846779
-10.0,1,68.854796
-10.0,1,68.855959
-10.0,1,68.857834
-10.0,1,68.859458
10.0,1,68.867187
10.0,1,68.868225
-10.0,1,68.870731
10.0,1,68.87468
10.0,1,68.881177
10.0,1,68.883183
10.0,1,68.886693
-10.0,1,68.888698
10.0,1,68.896346
10.0,1,68.898856
-10.0,1,68.900161
-10.0,1,68.901184
10.0,1,68.913206
-10.0,1,68.916096
10.0,1,68.917229
-10.0,1,68.92098
10.0,1,68.928596
-10.0,1,68.929634
-10.0,1,68.931851
-10.0,1,68.932915
10.0,1,68.940598
-10.0,1,68.940598
10.0,1,68.945048
-10.0,1,68.945048
-10.0,1,68.953368
10.0,1,68.954412
-10.0,1,68.956411
-10.0,1,68.959059
-10.0,1,68.966371
-10.0,1,68.968462
10.0,1,68.968462
10.0,1,68.971567
10.0,1,68.979855
10.0,1,68.983865
10.0,1,68.98587
10.0,1,68.987875
-10.0,1,68.994586
10.0,1,68.99719
10.0,1,68.999253
-10.0,1,68.999253
-10.0,1,69.009599
10.0,1,69.012274
10.0,1,69.014444
-10.0,1,69.014444
10.0,1,69.027527
-10.0,1,69.029338
-10.0,1,69.031895
-10.0,1,69.033571
10.0,1,69.041944
10.0,1,69.041944
-10.0,1,69.046452
-10.0,1,69.047553
-10.0,1,69.05493
10.0,1,69.058126
-10.0,1,69.058126
10.0,1,69.061404
10.0,1,69.069403
-10.0,1,69.069403
10.0,1,69.071409
-10.0,1,69.073414
10.0,1,69.081141
-10.0,1,69.083149
10.0,1,69.085155
10.0,1,69.08716
10.0,1,69.097116
10.0,1,69.099512
10.0,1,69.101691
10.0,1,69.102197
10.0,1,69.111071
10.0,1,69.111071
10.0,1,69.115887
-10.0,1,69.115887
-10.0,1,69.124679
-10.0,1,69.124679
10.0,1,69.124679
10.0,1,69.124679
-10.0,1,69.140266
10.0,1,69.140266
-10.0,1,69.140266
10.0,1,69.140266
10.0,1,69.156238
-10.0,1,69.156238
10.0,1,69.161213
10.0,1,69.161213
-10.0,1,69.170123
-10.0,1,69.17225
-10.0,1,69.173389
-10.0,1,69.173389
-10.0,1,69.182119
10.0,1,69.185
10.0,1,69.187496
10.0,1,69.187496
10.0,1,69.197382
10.0,1,69.200778
10.0,1,69.200778
-10.0,1,69.204489
-10.0,1,69.211666
-10.0,1,69.2127
-10.0,1,69.214526
-10.0,1,69.215874
-10.0,1,69.223639
10.0,1,69.226173
10.0,1,69.226173
10.0,1,69.230188
10.0,1,69.239813
-10.0,1,69.242342
10.0,1,69.242342
10.0,1,69.242342
10.0,1,69.255177
-10.0,1,69.257182
10.0,1,69.259187
10.0,1,69.263197
10.0,1,69.270793
10.0,1,69.270793
10.0,1,69.272978
10.0,1,69.275278
10.0,1,69.282842
-10.0,1,69.284849
10.0,1,69.286854
-10.0,1,69.288859
10.0,1,69.297189
10.0,1,69.300724
10.0,1,69.304735
10.0,1,69.306743
-10.0,1,69.31232
10.0,1,69.3166
10.0,1,69.3166
10.0,1,69.319777
10.0,1,69.326955
-10.0,1,69.326955
10.0,1,69.329961
10.0,1,69.333781
-10.0,1,69.339741
-10.0,1,69.34078
-10.0,1,69.342278
-10.0,1,69.343941
-10.0,1,69.353155
-10.0,1,69.35516
10.0,1,69.357165
10.0,1,69.35917
10.0,1,69.366425
3.0,1,69.368431
-10.0,1,69.370436
10.0,1,69.372441
10.0,1,69.380018
10.0,1,69.383173
10.0,1,69.383173
10.0,1,69.385325
10.0,1,69.392824
-10.0,1,69.392824
10.0,1,69.392824
-10.0,1,69.392824
10.0,1,69.406285
10.0,1,69.408829
10.0,1,69.409833
10.0,1,69.411461
10.0,1,69.4195
10.0,1,69.42052
10.0,1,69.42233
10.0,1,69.426197
10.0,1,69.433385
-10.0,1,69.433385
10.0,1,69.43539
10.0,1,69.437396
10.0,1,69.447511
10.0,1,69.449516
10.0,1,69.451521
-10.0,1,69.453526
-10.0,1,69.465042
-10.0,1,69.465042
-10.0,1,69.465042
-10.0,1,69.468243
-10.0,1,69.475964
10.0,1,69.478471
10.0,1,69.478975
10.0,1,69.482688
10.0,1,69.489329
10.0,1,69.492552
10.0,1,69.492552
-10.0,1,69.494657
-10.0,1,69.502757
10.0,1,69.505807
-10.0,1,69.505807
-10.0,1,69.505807
10.0,1,69.514785
-10.0,1,69.51586
-10.0,1,69.51586
10.0,1,69.518391
10.0,1,69.52688
10.0,1,69.528885
10.0,1,69.530891
-10.0,1,69.532896
-10.0,1,69.539643
10.0,1,69.541648
10.0,1,69.543652
10.0,1,69.545657
-10.0,1,69.555147
10.0,1,69.555147
10.0,1,69.557471
10.0,1,69.55946
10.0,1,69.5674
10.0,1,69.5674
10.0,1,69.5674
10.0,1,69.5674
10.0,1,69.585558
10.0,1,69.587563
10.0,1,69.589567
-10.0,1,69.591572
10.0,1,69.599302
-10.0,1,69.599302
-10.0,1,69.602062
-10.0,1,69.603436
10.0,1,69.61064
10.0,1,69.613649
-10.0,1,69.615654
-10.0,1,69.615654
10.0,1,69.622247
10.0,1,69.624252
10.0,1,69.628261
10.0,1,69.629765
10.0,1,69.637317
-10.0,1,69.638372
10.0,1,69.642145
10.0,1,69.644149
10.0,1,69.65191
-10.0,1,69.653916
10.0,1,69.655919
-10.0,1,69.657921
10.0,1,69.666405
-10.0,1,69.666405
10.0,1,69.668411
10.0,1,69.670416
10.0,1,69.682352
-10.0,1,69.684358
10.0,1,69.686362
10.0,1,69.688366
10.0,1,69.697462
-10.0,1,69.697462
-10.0,1,69.697462
10.0,1,69.702754
-10.0,1,69.707778
10.0,1,69.70987
10.0,1,69.711731
10.0,1,69.715858
-10.0,1,69.722662
10.0,1,69.725891
10.0,1,69.725891
10.0,1,69.728044
-10.0,1,69.736247
10.0,1,69.737332
-10.0,1,69.73934
10.0,1,69.74334
-10.0,1,69.749275
10.0,1,69.751346
10.0,1,69.752558
10.0,1,69.755066
10.0,1,69.763766
-10.0,1,69.764838
10.0,1,69.768451
10.0,1,69.768451
10.0,1,69.775853
-10.0,1,69.778362
10.0,1,69.780367
10.0,1,69.782372
-10.0,1,69.792824
10.0,1,69.795736
-10.0,1,69.795736
10.0,1,69.79811
10.0,1,69.805692
10.0,1,69.809009
10.0,1,69.811234
10.0,1,69.811234
-10.0,1,69.818501
10.0,1,69.820507
10.0,1,69.822513
-10.0,1,69.824518
-10.0,1,69.831723
-10.0,1,69.831723
-10.0,1,69.833728
10.0,1,69.835733
10.0,1,69.843239
-10.0,1,69.844276
-10.0,1,69.846288
10.0,1,69.846288
10.0,1,69.854507
10.0,1,69.856513
-10.0,1,69.858517
10.0,1,69.860523
10.0,1,69.869711
-10.0,1,69.869711
10.0,1,69.869711
10.0,1,69.869711
10.0,1,69.883033
10.0,1,69.885039
10.0,1,69.887043
10.0,1,69.889048
10.0,1,69.897211
-10.0,1,69.897211
10.0,1,69.897211
10.0,1,69.897211
-10.0,1,69.914004
10.0,1,69.917524
-10.0,1,69.917524
-10.0,1,69.921364
-10.0,1,69.927147
10.0,1,69.927147
10.0,1,69.927147
-10.0,1,69.927147
10.0,1,69.939678
-10.0,1,69.941684
-10.0,1,69.943188
10.0,1,69.945193
10.0,1,69.951609
10.0,1,69.953614
10.0,1,69.955619
10.0,1,69.959128
-10.0,1,69.965022
-10.0,1,69.967027
10.0,1,69.969032
10.0,1,69.971037
10.0,1,69.978453
-10.0,1,69.979456
-10.0,1,69.982466
-10.0,1,69.982466
10.0,1,69.99071
-10.0,1,69.992209
10.0,1,69.992209
-10.0,1,69.992209
10.0,1,70.005443
-10.0,1,70.007888
-10.0,1,70.007888
-10.0,1,70.007888
-10.0,1,70.017757
10.0,1,70.019763
-10.0,1,70.021768
10.0,1,70.023773
10.0,1,70.031626
-10.0,1,70.031626
-10.0,1,70.034327
-10.0,1,70.035695
10.0,1,70.040371
10.0,1,70.042654
-10.0,1,70.042654
10.0,1,70.04807
10.0,1,70.054083
10.0,1,70.056088
-10.0,1,70.058094
10.0,1,70.060099
10.0,1,70.069072
10.0,1,70.069072
10.0,1,70.071548
10.0,1,70.073737
10.0,1,70.080562
-10.0,1,70.082567
-10.0,1,70.084572
10.0,1,70.086577
10.0,1,70.098465
10.0,1,70.101332
10.0,1,70.104473
-10.0,1,70.104473
-10.0,1,70.112167
10.0,1,70.115142
10.0,1,70.117562
10.0,1,70.117562
10.0,1,70.128558
10.0,1,70.131536
-10.0,1,70.131536
10.0,1,70.135141
-10.0,1,70.141021
10.0,1,70.144252
-10.0,1,70.144252
-10.0,1,70.14726
-10.0,1,70.153956
10.0,1,70.154996
-10.0,1,70.157092
10.0,1,70.157092
10.0,1,70.166677
10.0,1,70.168682
10.0,1,70.170687
10.0,1,70.172692
-10.0,1,70.180047
10.0,1,70.180047
-10.0,1,70.182519
-10.0,1,70.184504
-10.0,1,70.192304
-10.0,1,70.193349
10.0,1,70.195361
10.0,1,70.19845
10.0,1,70.20451
-10.0,1,70.20451
-10.0,1,70.20451
10.0,1,70.210022
-10.0,1,70.217712
10.0,1,70.218746
10.0,1,70.222756
-10.0,1,70.224761
10.0,1,70.232779
10.0,1,70.234785
10.0,1,70.238795
-10.0,1,70.238795
10.0,1,70.245826
-10.0,1,70.249837
10.0,1,70.249837
10.0,1,70.253847
-10.0,1,70.260314
-10.0,1,70.260314
10.0,1,70.264324
10.0,1,70.266329
-10.0,1,70.273501
-10.0,1,70.27569
-10.0,1,70.278296
10.0,1,70.28071
10.0,1,70.288419
10.0,1,70.289425
-10.0,1,70.291605
10.0,1,70.293593
-10.0,1,70.299484
10.0,1,70.302941
10.0,1,70.305449
10.0,1,70.305449
10.0,1,70.313428
-10.0,1,70.315434
10.0,1,70.317439
-10.0,1,70.317439
-10.0,1,70.324151
-10.0,1,70.325272
-10.0,1,70.327188
10.0,1,70.330011
-10.0,1,70.335969
10.0,1,70.337144
-10.0,1,70.337144
10.0,1,70.344629
10.0,1,70.353004
10.0,1,70.355008
10.0,1,70.357013
10.0,1,70.359019
10.0,1,70.364932
3.0,1,70.367366
-10.0,1,70.369113
-10.0,1,70.370355
10.0,1,70.378371
-10.0,1,70.380377
-10.0,1,70.382381
10.0,1,70.384386
-10.0,1,70.390956
-10.0,1,70.392591
-10.0,1,70.394717
10.0,1,70.396329
10.0,1,70.404978
-10.0,1,70.404978
10.0,1,70.409407
-10.0,1,70.409407
-10.0,1,70.41629
10.0,1,70.419055
10.0,1,70.419055
-10.0,1,70.42136
-10.0,1,70.428398
10.0,1,70.43105
-10.0,1,70.433148
-10.0,1,70.433148
10.0,1,70.441874
10.0,1,70.444422
10.0,1,70.444422
-10.0,1,70.446577
-10.0,1,70.456035
-10.0,1,70.457528
10.0,1,70.461562
10.0,1,70.461562
10.0,1,70.472385
-10.0,1,70.472385
10.0,1,70.475227
-10.0,1,70.476649
10.0,1,70.484353
-10.0,1,70.484353
-10.0,1,70.487214
10.0,1,70.489612
-10.0,1,70.497087
10.0,1,70.497087
10.0,1,70.502029
10.0,1,70.502029
-10.0,1,70.5098
10.0,1,70.511546
10.0,1,70.514594
10.0,1,70.516912
10.0,1,70.524704
-10.0,1,70.524704
-10.0,1,70.527211
10.0,1,70.527211
10.0,1,70.535261
10.0,1,70.537267
10.0,1,70.539272
-10.0,1,70.541277
10.0,1,70.550104
10.0,1,70.552742
-10.0,1,70.552742
-10.0,1,70.5548
10.0,1,70.564084
-10.0,1,70.56609
-10.0,1,70.568096
-10.0,1,70.570101
-10.0,1,70.578795
10.0,1,70.579799
-10.0,1,70.581459
10.0,1,70.586054
-10.0,1,70.592935
-10.0,1,70.594942
10.0,1,70.596948
-10.0,1,70.598954
10.0,1,70.607571
10.0,1,70.607571
-10.0,1,70.607571
10.0,1,70.607571
10.0,1,70.620807
-10.0,1,70.622313
-10.0,1,70.62432
-10.0,1,70.626325
-10.0,1,70.633467
10.0,1,70.635472
10.0,1,70.639483
10.0,1,70.641489
10.0,1,70.649667
10.0,1,70.651672
10.0,1,70.653418
-10.0,1,70.655424
-10.0,1,70.662491
-10.0,1,70.662995
10.0,1,70.665001
10.0,1,70.669012
10.0,1,70.678865
-10.0,1,70.682035
-10.0,1,70.683093
10.0,1,70.685895
10.0,1,70.692295
10.0,1,70.6943
-10.0,1,70.696305
-10.0,1,70.698309
-10.0,1,70.706385
10.0,1,70.709011
-10.0,1,70.709011
-10.0,1,70.709011
-10.0,1,70.71856
10.0,1,70.722001
10.0,1,70.724708
10.0,1,70.726585
10.0,1,70.733361
10.0,1,70.735368
10.0,1,70.737373
-10.0,1,70.739378
10.0,1,70.74783
-10.0,1,70.749835
-10.0,1,70.749835
10.0,1,70.751839
10.0,1,70.760602
-10.0,1,70.760602
10.0,1,70.763632
10.0,1,70.764638
-10.0,1,70.773439
10.0,1,70.775444
10.0,1,70.777449
10.0,1,70.781208
10.0,1,70.790201
10.0,1,70.792207
10.0,1,70.794212
10.0,1,70.798223
10.0,1,70.804363
10.0,1,70.806368
10.0,1,70.810119
10.0,1,70.812125
-10.0,1,70.818353
10.0,1,70.820801
-10.0,1,70.820801
-10.0,1,70.822928
10.0,1,70.830054
10.0,1,70.832059
-10.0,1,70.834064
10.0,1,70.836068
10.0,1,70.843771
10.0,1,70.843771
10.0,1,70.846074
10.0,1,70.846074
-10.0,1,70.854895
10.0,1,70.857906
-10.0,1,70.857906
-10.0,1,70.859911
-10.0,1,70.866537
10.0,1,70.868543
10.0,1,70.872553
-10.0,1,70.873558
10.0,1,70.880505
10.0,1,70.88341
10.0,1,70.88341
-10.0,1,70.885468
10.0,1,70.897058
10.0,1,70.897058
10.0,1,70.90197
10.0,1,70.904005
10.0,1,70.91082
10.0,1,70.911888
-10.0,1,70.913874
-10.0,1,70.913874
-10.0,1,70.924154
10.0,1,70.92684
-10.0,1,70.92684
-10.0,1,70.92684
3.0,1,70.93516
-10.0,1,70.936907
-10.0,1,70.939051
-10.0,1,70.940649
-10.0,1,70.947446
10.0,1,70.948481
-10.0,1,70.950591
10.0,1,70.952599
-10.0,1,70.959524
3.0,1,70.960648
10.0,1,70.962306
10.0,1,70.963863
10.0,1,70.970731
-10.0,1,70.972737
10.0,1,70.974743
10.0,1,70.976748
10.0,1,70.982937
10.0,1,70.984684
-10.0,1,70.986689
10.0,1,70.988693
10.0,1,70.99539
10.0,1,70.998413
10.0,1,71.000683
10.0,1,71.001981
10.0,1,71.012912
-10.0,1,71.014917
-10.0,1,71.014917
-10.0,1,71.016663
-10.0,1,71.02367
-10.0,1,71.025676
10.0,1,71.027681
10.0,1,71.03169
10.0,1,71.039127
10.0,1,71.041132
-10.0,1,71.043137
10.0,1,71.045142
10.0,1,71.052958
-10.0,1,71.052958
10.0,1,71.055483
-10.0,1,71.057195
-10.0,1,71.063455
10.0,1,71.066467
10.0,1,71.068471
-10.0,1,71.068471
-10.0,1,71.078885
-10.0,1,71.080389
-10.0,1,71.080389
10.0,1,71.082394
-10.0,1,71.089241
10.0,1,71.091245
10.0,1,71.093251
10.0,1,71.095255
-10.0,1,71.101985
-10.0,1,71.102999
10.0,1,71.104589
10.0,1,71.106292
10.0,1,71.11798
10.0,1,71.119985
10.0,1,71.12199
10.0,1,71.123996
3.0,1,71.130534
-10.0,1,71.132539
-10.0,1,71.134543
10.0,1,71.134543
-10.0,1,71.143543
-10.0,1,71.145022
10.0,1,71.146437
10.0,1,71.147878
-10.0,1,71.155236
10.0,1,71.157241
10.0,1,71.159245
-10.0,1,71.161251
10.0,1,71.167525
10.0,1,71.170688
10.0,1,71.172924
10.0,1,71.172924
10.0,1,71.182554
10.0,1,71.184559
-10.0,1,71.186565
-10.0,1,71.188569
10.0,1,71.196536
10.0,1,71.199685
10.0,1,71.201943
-10.0,1,71.201943
-10.0,1,71.210314
10.0,1,71.212942
10.0,1,71.212942
-10.0,1,71.215174
10.0,1,71.225662
10.0,1,71.227668
10.0,1,71.229673
10.0,1,71.231678
10.0,1,71.239114
-10.0,1,71.241119
10.0,1,71.243124
10.0,1,71.24513
10.0,1,71.252331
10.0,1,71.25554
-10.0,1,71.25554
-10.0,1,71.257781
10.0,1,71.266654
-10.0,1,71.266654
10.0,1,71.269162
10.0,1,71.269162
-10.0,1,71.279008
10.0,1,71.283018
-10.0,1,71.285022
-10.0,1,71.285022
-10.0,1,71.291526
-10.0,1,71.292572
10.0,1,71.294544
-10.0,1,71.295973
-10.0,1,71.300967
10.0,1,71.304429
-10.0,1,71.306134
10.0,1,71.309092
10.0,1,71.315863
-10.0,1,71.316965
10.0,1,71.319156
10.0,1,71.322979
10.0,1,71.329147
10.0,1,71.332899
-10.0,1,71.336407
-10.0,1,71.336407
10.0,1,71.34471
-10.0,1,71.346715
10.0,1,71.348721
10.0,1,71.350726
10.0,1,71.358506
-10.0,1,71.359519
10.0,1,71.359519
10.0,1,71.362389
10.0,1,71.371636
-10.0,1,71.371636
-10.0,1,71.371636
-10.0,1,71.374944
10.0,1,71.381501
-10.0,1,71.383507
-10.0,1,71.385511
10.0,1,71.387516
10.0,1,71.393835
10.0,1,71.39584
-10.0,1,71.397845
-10.0,1,71.399849
10.0,1,71.405805
10.0,1,71.409815
-10.0,1,71.409815
10.0,1,71.413566
-10.0,1,71.420454
-10.0,1,71.420454
-10.0,1,71.422459
-10.0,1,71.424464
10.0,1,71.428516
10.0,1,71.428516
10.0,1,71.428516
-10.0,1,71.428516
-10.0,1,71.447035
10.0,1,71.44904
10.0,1,71.453056
-10.0,1,71.453056
-10.0,1,71.460728
-10.0,1,71.461742
-10.0,1,71.463747
10.0,1,71.465751
10.0,1,71.473158
-10.0,1,71.475163
10.0,1,71.47717
-10.0,1,71.479175
10.0,1,71.487009
10.0,1,71.490827
-10.0,1,71.490827
10.0,1,71.493172
-10.0,1,71.499836
-10.0,1,71.499836
10.0,1,71.503845
10.0,1,71.50585
-10.0,1,71.511577
10.0,1,71.513582
10.0,1,71.515586
-10.0,1,71.51759
-10.0,1,71.522964
-10.0,1,71.525038
-10.0,1,71.527043
10.0,1,71.529048
10.0,1,71.534645
10.0,1,71.53665
10.0,1,71.538655
10.0,1,71.542665
10.0,1,71.547678
10.0,1,71.552314
10.0,1,71.552314
-10.0,1,71.554355
10.0,1,71.566039
10.0,1,71.568044
10.0,1,71.570048
10.0,1,71.572053
10.0,1,71.580583
-10.0,1,71.581802
-10.0,1,71.58392
10.0,1,71.58757
10.0,1,71.593918
3.0,1,71.594934
10.0,1,71.594934
10.0,1,71.598339
-10.0,1,71.60601
-10.0,1,71.608015
10.0,1,71.61002
-10.0,1,71.612025
-10.0,1,71.619408
10.0,1,71.621974
10.0,1,71.62248
-10.0,1,71.624483
10.0,1,71.633699
-10.0,1,71.633699
-10.0,1,71.635705
-10.0,1,71.637711
-10.0,1,71.643096
-10.0,1,71.644758
10.0,1,71.648042
-10.0,1,71.649814
-10.0,1,71.656235
10.0,1,71.657263
-10.0,1,71.658567
10.0,1,71.660486
-10.0,1,71.670812
10.0,1,71.674744
10.0,1,71.674744
10.0,1,71.67714
10.0,1,71.686854
10.0,1,71.689452
10.0,1,71.691714
10.0,1,71.69393
10.0,1,71.701651
10.0,1,71.701651
-10.0,1,71.704074
10.0,1,71.707484
10.0,1,71.713492
-10.0,1,71.715628
10.0,1,71.717633
10.0,1,71.719638
10.0,1,71.727299
10.0,1,71.73077
10.0,1,71.73077
-10.0,1,71.733221
10.0,1,71.741271
-10.0,1,71.741271
10.0,1,71.745022
-10.0,1,71.745022
10.0,1,71.752468
-10.0,1,71.754474
10.0,1,71.756479
10.0,1,71.760489
10.0,1,71.77229
-10.0,1,71.77229
10.0,1,71.775177
10.0,1,71.77959
10.0,1,71.789531
10.0,1,71.791537
10.0,1,71.792541
10.0,1,71.794546
-10.0,1,71.802577
-10.0,1,71.80363
10.0,1,71.80363
-10.0,1,71.806427
10.0,1,71.813599
10.0,1,71.815604
-10.0,1,71.817609
-10.0,1,71.819614
10.0,1,71.827008
10.0,1,71.829014
10.0,1,71.831018
10.0,1,71.833024
-10.0,1,71.840596
-10.0,1,71.842175
-10.0,1,71.84358
10.0,1,71.845038
-10.0,1,71.854146
-10.0,1,71.854146
10.0,1,71.856151
10.0,1,71.858157
10.0,1,71.865317
10.0,1,71.867322
10.0,1,71.871332
-10.0,1,71.871332
10.0,1,71.880688
10.0,1,71.883054
-10.0,1,71.883054
-10.0,1,71.885209
10.0,1,71.895617
10.0,1,71.899627
-10.0,1,71.899627
-10.0,1,71.901632
10.0,1,71.909029
10.0,1,71.909029
-10.0,1,71.911533
-10.0,1,71.913518
10.0,1,71.920244
-10.0,1,71.922249
10.0,1,71.924254
10.0,1,71.926259
10.0,1,71.934649
-10.0,1,71.936655
10.0,1,71.936655
-10.0,1,71.938659
10.0,1,71.946367
-10.0,1,71.947417
10.0,1,71.949356
-10.0,1,71.950769
-10.0,1,71.958499
10.0,1,71.960503
10.0,1,71.962508
-10.0,1,71.964513
-10.0,1,71.970193
10.0,1,71.972198
-10.0,1,71.974203
-10.0,1,71.976207
-10.0,1,71.981826
10.0,1,71.983832
10.0,1,71.985837
10.0,1,71.987842
-10.0,1,71.996988
10.0,1,71.996988
10.0,1,72.004251
10.0,1,72.006256
-10.0,1,72.012841
10.0,1,72.014847
10.0,1,72.016852
10.0,1,72.018857
10.0,1,72.027108
10.0,1,72.028857
-10.0,1,72.032868
10.0,1,72.034872
10.0,1,72.040809
-10.0,1,72.042814
10.0,1,72.04456
10.0,1,72.046565
-10.0,1,72.055315
10.0,1,72.056335
10.0,1,72.057566
10.0,1,72.06148
-10.0,1,72.068339
3.0,1,72.070878
-10.0,1,72.073111
10.0,1,72.075318
10.0,1,72.082916
10.0,1,72.082916
-10.0,1,72.086297
-10.0,1,72.086297
10.0,1,72.092408
10.0,1,72.092408
-10.0,1,72.092408
10.0,1,72.092408
10.0,1,72.112233
-10.0,1,72.112233
-10.0,1,72.114238
10.0,1,72.116243
-10.0,1,72.124448
-10.0,1,72.126453
-10.0,1,72.12846
10.0,1,72.130466
10.0,1,72.137648
-10.0,1,72.13867
-10.0,1,72.140927
10.0,1,72.140927
10.0,1,72.149235
10.0,1,72.15124
10.0,1,72.153245
10.0,1,72.156255
10.0,1,72.163178
10.0,1,72.165183
10.0,1,72.167188
-10.0,1,72.169193
-10.0,1,72.176255
10.0,1,72.178259
-10.0,1,72.179764
10.0,1,72.181769
10.0,1,72.191096
10.0,1,72.193101
10.0,1,72.195106
-10.0,1,72.195106
-10.0,1,72.203096
10.0,1,72.206449
10.0,1,72.208632
-10.0,1,72.208632
-10.0,1,72.216798
10.0,1,72.218823
-10.0,1,72.218823
10.0,1,72.226125
10.0,1,72.234633
-10.0,1,72.234633
10.0,1,72.234633
-10.0,1,72.234633
10.0,1,72.248791
10.0,1,72.250538
-10.0,1,72.252543
10.0,1,72.254549
10.0,1,72.263842
10.0,1,72.265847
10.0,1,72.267853
-10.0,1,72.269859
10.0,1,72.277741
10.0,1,72.279746
-10.0,1,72.281492
10.0,1,72.283497
-10.0,1,72.290431
-10.0,1,72.292437
10.0,1,72.294442
-10.0,1,72.296448
-10.0,1,72.303113
10.0,1,72.305118
10.0,1,72.307123
10.0,1,72.309128
-10.0,1,72.316397
10.0,1,72.318402
-10.0,1,72.320407
10.0,1,72.322413
10.0,1,72.333394
-10.0,1,72.3354
-10.0,1,72.337405
-10.0,1,72.337405
10.0,1,72.347195
-10.0,1,72.347195
-10.0,1,72.347195
-10.0,1,72.35088
-10.0,1,72.357704
10.0,1,72.359709
10.0,1,72.361714
10.0,1,72.363719
10.0,1,72.370634
-10.0,1,72.372639
10.0,1,72.374644
-10.0,1,72.375648
10.0,1,72.383115
-10.0,1,72.385119
10.0,1,72.387124
10.0,1,72.389129
10.0,1,72.396384
-10.0,1,72.39839
10.0,1,72.400395
-10.0,1,72.4024
-10.0,1,72.408259
10.0,1,72.409359
10.0,1,72.413566
-10.0,1,72.413566
10.0,1,72.420448
-10.0,1,72.422194
-10.0,1,72.4242
10.0,1,72.426205
10.0,1,72.433802
10.0,1,72.436952
10.0,1,72.439147
-10.0,1,72.442585
-10.0,1,72.451172
-10.0,1,72.452195
-10.0,1,72.453941
10.0,1,72.456873
10.0,1,72.46484
10.0,1,72.46484
10.0,1,72.466835
10.0,1,72.469708
10.0,1,72.477277
-10.0,1,72.479782
10.0,1,72.481787
-10.0,1,72.483791
10.0,1,72.490176
-10.0,1,72.491195
10.0,1,72.493483
-10.0,1,72.494724
10.0,1,72.502764
10.0,1,72.504769
10.0,1,72.508778
-10.0,1,72.508778
10.0,1,72.516714
-10.0,1,72.518718
-10.0,1,72.518718
10.0,1,72.520722
-10.0,1,72.528365
-10.0,1,72.530371
10.0,1,72.532376
-10.0,1,72.534381
10.0,1,72.540715
10.0,1,72.541855
-10.0,1,72.543982
10.0,1,72.547415
10.0,1,72.557599
-10.0,1,72.559604
10.0,1,72.561609
10.0,1,72.563614
10.0,1,72.572088
-10.0,1,72.572088
-10.0,1,72.572088
-10.0,1,72.572088
10.0,1,72.584393
-10.0,1,72.584393
10.0,1,72.587128
-10.0,1,72.588278
-10.0,1,72.594806
-10.0,1,72.595811
10.0,1,72.599822
-10.0,1,72.599822
-10.0,1,72.606924
10.0,1,72.608928
10.0,1,72.611938
10.0,1,72.613943
10.0,1,72.619698
-10.0,1,72.621703
10.0,1,72.623708
10.0,1,72.625713
10.0,1,72.634758
10.0,1,72.638036
10.0,1,72.640243
-10.0,1,72.640243
-10.0,1,72.648428
10.0,1,72.649465
10.0,1,72.650943
10.0,1,72.652901
-10.0,1,72.659589
-10.0,1,72.664017
10.0,1,72.668043
10.0,1,72.668043
10.0,1,72.677338
10.0,1,72.680348
10.0,1,72.682354
-10.0,1,72.684359
-10.0,1,72.690116
10.0,1,72.693126
10.0,1,72.69513
-10.0,1,72.69513
-10.0,1,72.703117
-10.0,1,72.703117
-10.0,1,72.705122
10.0,1,72.706868
10.0,1,72.716901
10.0,1,72.716901
10.0,1,72.719128
10.0,1,72.722944
-10.0,1,72.726983
10.0,1,72.730028
10.0,1,72.732033
10.0,1,72.736042
10.0,1,72.743496
10.0,1,72.743496
10.0,1,72.74563
-10.0,1,72.747447
10.0,1,72.75479
-10.0,1,72.75479
10.0,1,72.75479
10.0,1,72.75479
3.0,1,72.770734
10.0,1,72.770734
-10.0,1,72.770734
10.0,1,72.780787
10.0,1,72.788298
10.0,1,72.788298
10.0,1,72.79274
10.0,1,72.795233
-10.0,1,72.804131
10.0,1,72.806933
10.0,1,72.806933
-10.0,1,72.809141
10.0,1,72.817881
10.0,1,72.817881
10.0,1,72.822701
-10.0,1,72.822701
10.0,1,72.829846
10.0,1,72.833598
10.0,1,72.835602
10.0,1,72.837607
10.0,1,72.845122
-10.0,1,72.845122
-10.0,1,72.847371
10.0,1,72.850321
-10.0,1,72.856186
10.0,1,72.856186
-10.0,1,72.858926
10.0,1,72.861055
-10.0,1,72.869375
-10.0,1,72.87041
10.0,1,72.872416
10.0,1,72.874421
-10.0,1,72.885147
10.0,1,72.887152
-10.0,1,72.889156
10.0,1,72.891161
-10.0,1,72.895738
10.0,1,72.900885
-10.0,1,72.902905
-10.0,1,72.902905
10.0,1,72.913084
-10.0,1,72.913084
10.0,1,72.915356
10.0,1,72.918936
10.0,1,72.924683
-10.0,1,72.926688
10.0,1,72.928694
10.0,1,72.930698
10.0,1,72.937905
-10.0,1,72.938937
10.0,1,72.940824
-10.0,1,72.942572
-10.0,1,72.949307
10.0,1,72.951311
-10.0,1,72.953316
-10.0,1,72.953316
10.0,1,72.961465
-10.0,1,72.963471
10.0,1,72.965477
-10.0,1,72.969491
-10.0,1,72.974276
-10.0,1,72.974276
10.0,1,72.980532
10.0,1,72.983815
3.0,1,72.99022
-10.0,1,72.99022
-10.0,1,72.996608
-10.0,1,72.996608
10.0,1,73.008529
-10.0,1,73.008529
10.0,1,73.010534
10.0,1,73.014544
10.0,1,73.020075
10.0,1,73.024085
10.0,1,73.026089
10.0,1,73.028094
10.0,1,73.03482
10.0,1,73.03783
10.0,1,73.039836
10.0,1,73.041842
10.0,1,73.050547
-10.0,1,73.053556
10.0,1,73.055562
10.0,1,73.057567
-10.0,1,73.065408
10.0,1,73.066441
10.0,1,73.067593
10.0,1,73.06934
10.0,1,73.077446
10.0,1,73.080456
-10.0,1,73.080456
10.0,1,73.084466
10.0,1,73.092685
-10.0,1,73.092685
10.0,1,73.096558
-10.0,1,73.096558
-10.0,1,73.106219
10.0,1,73.108784
-10.0,1,73.108784
10.0,1,73.112214
-10.0,1,73.117727
-10.0,1,73.119732
-10.0,1,73.121737
10.0,1,73.123741
10.0,1,73.13166
10.0,1,73.132665
10.0,1,73.132665
3.0,1,73.138512
-10.0,1,73.144916
-10.0,1,73.146921
10.0,1,73.148668
-10.0,1,73.150672
10.0,1,73.158565
-10.0,1,73.159601
-10.0,1,73.161762
10.0,1,73.163081
-10.0,1,73.170738
10.0,1,73.172742
10.0,1,73.174747
-10.0,1,73.17675
10.0,1,73.183883
10.0,1,73.183883
10.0,1,73.187858
-10.0,1,73.187858
-10.0,1,73.195587
10.0,1,73.198632
10.0,1,73.200636
10.0,1,73.202641
10.0,1,73.21016
-10.0,1,73.21016
-10.0,1,73.21367
-10.0,1,73.21367
10.0,1,73.225802
10.0,1,73.227807
10.0,1,73.229811
10.0,1,73.231816
10.0,1,73.239028
10.0,1,73.239028
-10.0,1,73.242896
-10.0,1,73.243927
-10.0,1,73.251246
-10.0,1,73.252404
-10.0,1,73.252404
-10.0,1,73.255218
10.0,1,73.261951
-10.0,1,73.262981
-10.0,1,73.264703
10.0,1,73.267178
10.0,1,73.274249
-10.0,1,73.275754
-10.0,1,73.276761
10.0,1,73.276761
10.0,1,73.287766
10.0,1,73.289771
10.0,1,73.291516
-10.0,1,73.293521
-10.0,1,73.302201
10.0,1,73.304566
-10.0,1,73.304566
3.0,1,73.307487
10.0,1,73.313868
10.0,1,73.315873
10.0,1,73.317878
10.0,1,73.319882
10.0,1,73.33224
-10.0,1,73.333722
10.0,1,73.336035
-10.0,1,73.336035
10.0,1,73.34354
10.0,1,73.345545
-10.0,1,73.34755
-10.0,1,73.349555
-10.0,1,73.357482
-10.0,1,73.358524
10.0,1,73.359909
10.0,1,73.363018
10.0,1,73.37049
-10.0,1,73.37049
10.0,1,73.37634
10.0,1,73.37634
10.0,1,73.384136
10.0,1,73.388146
-10.0,1,73.390151
10.0,1,73.392155
-10.0,1,73.397742
10.0,1,73.399718
-10.0,1,73.401723
-10.0,1,73.403728
-10.0,1,73.411398
10.0,1,73.412492
10.0,1,73.414475
10.0,1,73.418577
10.0,1,73.425149
-10.0,1,73.427153
-10.0,1,73.429157
-10.0,1,73.429157
-10.0,1,73.438606
10.0,1,73.439627
10.0,1,73.442705
-10.0,1,73.443731
10.0,1,73.451992
-10.0,1,73.451992
-10.0,1,73.454561
10.0,1,73.457392
-10.0,1,73.467938
-10.0,1,73.470982
10.0,1,73.472987
10.0,1,73.474992
10.0,1,73.484766
-10.0,1,73.484766
-10.0,1,73.48677
-10.0,1,73.488775
-10.0,1,73.495555
-10.0,1,73.497059
10.0,1,73.500072
10.0,1,73.500072
10.0,1,73.507829
10.0,1,73.509835
-10.0,1,73.512844
10.0,1,73.512844
10.0,1,73.522068
10.0,1,73.524073
-10.0,1,73.526078
10.0,1,73.528082
10.0,1,73.536012
10.0,1,73.538018
-10.0,1,73.538018
10.0,1,73.542027
-10.0,1,73.550022
10.0,1,73.552027
10.0,1,73.556038
10.0,1,73.558042
10.0,1,73.566074
10.0,1,73.569552
-10.0,1,73.571806
10.0,1,73.571806
10.0,1,73.581112
10.0,1,73.581112
10.0,1,73.585589
-10.0,1,73.585589
10.0,1,73.595455
10.0,1,73.597461
-10.0,1,73.599465
-10.0,1,73.599465
-10.0,1,73.607277
-10.0,1,73.609283
10.0,1,73.611288
-10.0,1,73.611288
10.0,1,73.61979
-10.0,1,73.61979
10.0,1,73.622587
10.0,1,73.624593
10.0,1,73.633551
-10.0,1,73.633551
-10.0,1,73.635557
10.0,1,73.638566
-10.0,1,73.645349
10.0,1,73.647353
10.0,1,73.649357
10.0,1,73.653367
-10.0,1,73.662233
10.0,1,73.66541
10.0,1,73.667731
10.0,1,73.670342
10.0,1,73.676216
10.0,1,73.678222
10.0,1,73.681231
-10.0,1,73.683235
10.0,1,73.690884
3.0,1,73.690884
10.0,1,73.690884
10.0,1,73.695208
-10.0,1,73.702188
10.0,1,73.704195
10.0,1,73.7062
-10.0,1,73.708204
10.0,1,73.716559
10.0,1,73.718305
10.0,1,73.721232
10.0,1,73.7239
3.0,1,73.731559
10.0,1,73.734298
10.0,1,73.737212
-10.0,1,73.737212
3.0,1,73.744258
10.0,1,73.746263
-10.0,1,73.748268
10.0,1,73.750014
10.0,1,73.758115
-10.0,1,73.758115
10.0,1,73.761998
10.0,1,73.764333
10.0,1,73.772984
10.0,1,73.77499
-10.0,1,73.776994
10.0,1,73.779
10.0,1,73.785823
-10.0,1,73.787828
10.0,1,73.789832
-10.0,1,73.791838
3.0,1,73.798524
-10.0,1,73.800529
10.0,1,73.802534
-10.0,1,73.804539
10.0,1,73.810978
-10.0,1,73.812985
3.0,1,73.81499
10.0,1,73.818999
10.0,1,73.824391
-10.0,1,73.826396
10.0,1,73.828401
-10.0,1,73.830407
-10.0,1,73.836035
10.0,1,73.838041
10.0,1,73.842051
10.0,1,73.842051
-10.0,1,73.852051
10.0,1,73.854056
10.0,1,73.85606
-10.0,1,73.85606
-10.0,1,73.86443
-10.0,1,73.86443
-10.0,1,73.867032
10.0,1,73.868539
10.0,1,73.880098
10.0,1,73.881603
10.0,1,73.883609
-10.0,1,73.885614
-10.0,1,73.891349
-10.0,1,73.891349
-10.0,1,73.891349
10.0,1,73.891349
-10.0,1,73.907229
10.0,1,73.909235
10.0,1,73.911239
-10.0,1,73.913244
10.0,1,73.922153
10.0,1,73.923159
10.0,1,73.926509
10.0,1,73.928813
-10.0,1,73.933664
-10.0,1,73.936877
-10.0,1,73.938204
10.0,1,73.941167
10.0,1,73.947628
10.0,1,73.948642
10.0,1,73.952656
-10.0,1,73.952656
10.0,1,73.960127
10.0,1,73.964137
10.0,1,73.966141
-10.0,1,73.966141
10.0,1,73.973242
-10.0,1,73.975248
-10.0,1,73.977252
10.0,1,73.979257
-10.0,1,73.984735
-10.0,1,73.988003
-10.0,1,73.990008
-10.0,1,73.990008
10.0,1,73.997493
10.0,1,73.999499
3.0,1,74.001504
-10.0,1,74.002509
10.0,1,74.01037
10.0,1,74.012376
10.0,1,74.01438
10.0,1,74.016386
-10.0,1,74.023564
10.0,1,74.025568
-10.0,1,74.025568
10.0,1,74.027573
10.0,1,74.036603
10.0,1,74.038608
10.0,1,74.040612
-10.0,1,74.040612
10.0,1,74.050485
10.0,1,74.052052
10.0,1,74.055017
-10.0,1,74.055017
-10.0,1,74.06156
10.0,1,74.063566
-10.0,1,74.065571
-10.0,1,74.067992
10.0,1,74.075564
-10.0,1,74.077571
10.0,1,74.079576
-10.0,1,74.082081
-10.0,1,74.089085
10.0,1,74.091542
10.0,1,74.091542
10.0,1,74.095951
-10.0,1,74.104802
-10.0,1,74.106807
-10.0,1,74.108813
10.0,1,74.108813
10.0,1,74.11599
10.0,1,74.12
10.0,1,74.122004
-10.0,1,74.12401
-10.0,1,74.129627
-10.0,1,74.129627
-10.0,1,74.129627
10.0,1,74.129627
10.0,1,74.145344
-10.0,1,74.146528
-10.0,1,74.148747
10.0,1,74.150452
10.0,1,74.157983
-10.0,1,74.159988
10.0,1,74.162998
10.0,1,74.165003
-10.0,1,74.171547
-10.0,1,74.172565
10.0,1,74.174031
10.0,1,74.1769
10.0,1,74.184565
10.0,1,74.187086
-10.0,1,74.187086
-10.0,1,74.189375
-10.0,1,74.197051
3.0,1,74.198071
10.0,1,74.199464
-10.0,1,74.201477
10.0,1,74.209611
-10.0,1,74.209611
10.0,1,74.214756
-10.0,1,74.216498
10.0,1,74.224631
10.0,1,74.227636
10.0,1,74.227636
-10.0,1,74.229811
10.0,1,74.237056
10.0,1,74.239842
10.0,1,74.239842
-10.0,1,74.242128
-10.0,1,74.250072
10.0,1,74.252624
-10.0,1,74.252624
10.0,1,74.255632
10.0,1,74.264879
-10.0,1,74.264879
-10.0,1,74.264879
-10.0,1,74.26844
-10.0,1,74.275133
-10.0,1,74.276154
10.0,1,74.279635
10.0,1,74.279635
10.0,1,74.288937
10.0,1,74.288937
10.0,1,74.288937
10.0,1,74.296439
10.0,1,74.302821
-10.0,1,74.302821
-10.0,1,74.305854
10.0,1,74.309183
-10.0,1,74.315566
10.0,1,74.315566
10.0,1,74.318028
10.0,1,74.318028
10.0,1,74.333228
10.0,1,74.335232
10.0,1,74.337236
10.0,1,74.33924
-10.0,1,74.34637
10.0,1,74.349209
-10.0,1,74.349209
-10.0,1,74.351712
-10.0,1,74.359538
10.0,1,74.360569
-10.0,1,74.362566
10.0,1,74.366182
-10.0,1,74.37338
-10.0,1,74.374409
10.0,1,74.377111
-10.0,1,74.377111
-10.0,1,74.385453
10.0,1,74.388034
-10.0,1,74.388034
-10.0,1,74.390301
-10.0,1,74.398221
10.0,1,74.398221
10.0,1,74.400837
10.0,1,74.402776
10.0,1,74.411543
-10.0,1,74.412548
10.0,1,74.413605
10.0,1,74.414829
10.0,1,74.42129
-10.0,1,74.423295
10.0,1,74.4253
10.0,1,74.428309
-10.0,1,74.438151
10.0,1,74.440157
10.0,1,74.442162
10.0,1,74.444167
10.0,1,74.45155
-10.0,1,74.45257
-10.0,1,74.454683
10.0,1,74.457669
-10.0,1,74.463015
-10.0,1,74.46502
10.0,1,74.467025
-10.0,1,74.469031
10.0,1,74.477177
-10.0,1,74.477177
-10.0,1,74.482043
10.0,1,74.482548
-10.0,1,74.490215
-10.0,1,74.493377
-10.0,1,74.493377
-10.0,1,74.495462
-10.0,1,74.502499
10.0,1,74.504504
10.0,1,74.506508
-10.0,1,74.508012
-10.0,1,74.513674
10.0,1,74.516914
10.0,1,74.516914
10.0,1,74.521168
10.0,1,74.527993
10.0,1,74.531293
-10.0,1,74.531293
10.0,1,74.533645
10.0,1,74.54401
10.0,1,74.54401
-10.0,1,74.546643
10.0,1,74.549958
-10.0,1,74.555756
-10.0,1,74.555756
-10.0,1,74.555756
-10.0,1,74.555756
-10.0,1,74.566792
10.0,1,74.568862
10.0,1,74.571648
-10.0,1,74.571648
-10.0,1,74.580038
10.0,1,74.582547
10.0,1,74.584552
-10.0,1,74.584552
-10.0,1,74.590665
10.0,1,74.590665
-10.0,1,74.590665
10.0,1,74.590665
-10.0,1,74.603529
-10.0,1,74.604691
10.0,1,74.607042
10.0,1,74.60891
10.0,1,74.618607
-10.0,1,74.619611
10.0,1,74.621616
10.0,1,74.625626
10.0,1,74.633677
-10.0,1,74.635423
-10.0,1,74.635423
10.0,1,74.637429
10.0,1,74.644607
10.0,1,74.646612
10.0,1,74.648617
10.0,1,74.654277
10.0,1,74.661569
-10.0,1,74.663574
10.0,1,74.66558
-10.0,1,74.666584
-10.0,1,74.674639
-10.0,1,74.674639
10.0,1,74.676535
-10.0,1,74.678473
-10.0,1,74.688494
-10.0,1,74.688494
-10.0,1,74.690498
-10.0,1,74.690498
10.0,1,74.698218
-10.0,1,74.700224
-10.0,1,74.702229
10.0,1,74.704235
-10.0,1,74.712026
-10.0,1,74.714031
-10.0,1,74.715591
10.0,1,74.716973
-10.0,1,74.72443
-10.0,1,74.727953
10.0,1,74.730704
10.0,1,74.730704
10.0,1,74.741666
10.0,1,74.74367
-10.0,1,74.74367
10.0,1,74.745416
-10.0,1,74.75339
-10.0,1,74.75339
10.0,1,74.75725
-10.0,1,74.75725
-10.0,1,74.767385
-10.0,1,74.769391
-10.0,1,74.771396
10.0,1,74.773401
10.0,1,74.782703
10.0,1,74.782703
-10.0,1,74.784708
10.0,1,74.786712
-10.0,1,74.795226
10.0,1,74.795226
-10.0,1,74.797655
10.0,1,74.799613
10.0,1,74.806495
-10.0,1,74.8085
10.0,1,74.810505
-10.0,1,74.812511
10.0,1,74.819758
10.0,1,74.820871
10.0,1,74.824579
-10.0,1,74.824579
10.0,1,74.833728
10.0,1,74.835502
10.0,1,74.835502
-10.0,1,74.838035
3.0,1,74.845765
10.0,1,74.846874
-10.0,1,74.848845
10.0,1,74.85262
10.0,1,74.855632
-10.0,1,74.855632
10.0,1,74.855632
-10.0,1,74.855632
10.0,1,74.872766
-10.0,1,74.872766
10.0,1,74.879043
10.0,1,74.881264
-10.0,1,74.887578
10.0,1,74.888662
10.0,1,74.890184
10.0,1,74.89199
10.0,1,74.900017
-10.0,1,74.900017
-10.0,1,74.902739
10.0,1,74.904623
-10.0,1,74.912218
10.0,1,74.913244
10.0,1,74.914494
10.0,1,74.916815
10.0,1,74.924082
-10.0,1,74.926087
10.0,1,74.928092
10.0,1,74.930097
10.0,1,74.937897
-10.0,1,74.937897
10.0,1,74.942618
-10.0,1,74.942618
-10.0,1,74.949637
-10.0,1,74.951643
10.0,1,74.953648
10.0,1,74.955652
-10.0,1,74.962788
10.0,1,74.964792
-10.0,1,74.966797
10.0,1,74.968802
10.0,1,74.9764
-10.0,1,74.978405
10.0,1,74.982917
10.0,1,74.987265
-10.0,1,74.992974
10.0,1,74.994979
10.0,1,74.996484
10.0,1,75.000494
10.0,1,75.006383
10.0,1,75.008389
10.0,1,75.010394
10.0,1,75.014145
10.0,1,75.02169
10.0,1,75.023818
10.0,1,75.025674
-10.0,1,75.027945
-10.0,1,75.0352
10.0,1,75.037762
10.0,1,75.037762
10.0,1,75.042092
-10.0,1,75.049061
-10.0,1,75.051946
-10.0,1,75.051946
10.0,1,75.055579
10.0,1,75.061971
10.0,1,75.065498
-10.0,1,75.065498
10.0,1,75.068048
-10.0,1,75.075778
10.0,1,75.079212
-10.0,1,75.079212
10.0,1,75.081242
10.0,1,75.089709
-10.0,1,75.089709
10.0,1,75.095289
10.0,1,75.095289
-10.0,1,75.10311
-10.0,1,75.105115
10.0,1,75.10712
10.0,1,75.11113
10.0,1,75.118963
10.0,1,75.121673
10.0,1,75.123179
10.0,1,75.124186
-10.0,1,75.131926
10.0,1,75.133931
10.0,1,75.135936
-10.0,1,75.138946
10.0,1,75.148258
10.0,1,75.150263
10.0,1,75.154273
-10.0,1,75.154273
-10.0,1,75.162188
10.0,1,75.163267
10.0,1,75.165272
-10.0,1,75.167277
-10.0,1,75.173843
-10.0,1,75.175848
10.0,1,75.177853
10.0,1,75.179858
-10.0,1,75.186002
10.0,1,75.186002
-10.0,1,75.186002
10.0,1,75.186002
10.0,1,75.201952
-10.0,1,75.201952
10.0,1,75.201952
-10.0,1,75.208193
10.0,1,75.216079
10.0,1,75.219831
-10.0,1,75.219831
10.0,1,75.221836
10.0,1,75.230936
-10.0,1,75.230936
10.0,1,75.233462
-10.0,1,75.234639
10.0,1,75.243966
10.0,1,75.246915
10.0,1,75.249445
10.0,1,75.251727
10.0,1,75.25669
10.0,1,75.258753
10.0,1,75.260635
-10.0,1,75.262474
10.0,1,75.269624
-10.0,1,75.271629
10.0,1,75.273635
-10.0,1,75.27564
-10.0,1,75.283105
-10.0,1,75.284227
-10.0,1,75.286105
10.0,1,75.28744
10.0,1,75.29456
-10.0,1,75.296716
10.0,1,75.296716
10.0,1,75.29909
10.0,1,75.305491
-10.0,1,75.310079
-10.0,1,75.310079
-10.0,1,75.3137
-10.0,1,75.323228
-10.0,1,75.324247
10.0,1,75.324247
-10.0,1,75.326537
10.0,1,75.334389
10.0,1,75.33545
10.0,1,75.337096
-10.0,1,75.341221
10.0,1,75.348652
-10.0,1,75.348652
10.0,1,75.351544
10.0,1,75.354885
-10.0,1,75.361628
-10.0,1,75.361628
10.0,1,75.364033
10.0,1,75.365425
10.0,1,75.374607
10.0,1,75.376353
10.0,1,75.378359
-10.0,1,75.380365
10.0,1,75.386185
10.0,1,75.388329
-10.0,1,75.390222
10.0,1,75.393772
-10.0,1,75.400698
-10.0,1,75.401718
10.0,1,75.404958
10.0,1,75.407282
10.0,1,75.414119
10.0,1,75.415131
10.0,1,75.419246
-10.0,1,75.421559
10.0,1,75.431791
10.0,1,75.433795
10.0,1,75.4358
-10.0,1,75.437804
-10.0,1,75.445409
10.0,1,75.446433
-10.0,1,75.448437
-10.0,1,75.450442
-10.0,1,75.457199
-10.0,1,75.459203
10.0,1,75.461208
10.0,1,75.463213
10.0,1,75.470194
10.0,1,75.4722
10.0,1,75.474205
-10.0,1,75.47621
-10.0,1,75.483224
10.0,1,75.485229
10.0,1,75.488239
-10.0,1,75.490244
10.0,1,75.498615
10.0,1,75.501191
-10.0,1,75.502219
10.0,1,75.505806
-10.0,1,75.51158
10.0,1,75.513585
-10.0,1,75.51559
10.0,1,75.517595
-10.0,1,75.527263
10.0,1,75.529268
-10.0,1,75.531273
-10.0,1,75.531273
10.0,1,75.540905
-10.0,1,75.542911
-10.0,1,75.544915
10.0,1,75.54692
10.0,1,75.553455
10.0,1,75.556495
-10.0,1,75.557596
-10.0,1,75.557596
10.0,1,75.564691
-10.0,1,75.566696
10.0,1,75.568701
10.0,1,75.570706
10.0,1,75.577321
10.0,1,75.580331
10.0,1,75.582338
10.0,1,75.583342
10.0,1,75.591503
-10.0,1,75.593509
-10.0,1,75.595513
10.0,1,75.595513
-10.0,1,75.604885
10.0,1,75.60689
3.0,1,75.608896
10.0,1,75.6109
10.0,1,75.617333
10.0,1,75.621343
10.0,1,75.621343
-10.0,1,75.623348
-10.0,1,75.630421
10.0,1,75.6332
10.0,1,75.6332
10.0,1,75.637111
10.0,1,75.643741
-10.0,1,75.643741
-10.0,1,75.649608
-10.0,1,75.65108
10.0,1,75.658318
10.0,1,75.661929
-10.0,1,75.661929
10.0,1,75.661929
-10.0,1,75.672151
-10.0,1,75.674156
10.0,1,75.676161
-10.0,1,75.678166
10.0,1,75.687278
10.0,1,75.689281
-10.0,1,75.691286
10.0,1,75.69329
-10.0,1,75.699605
10.0,1,75.70161
-10.0,1,75.703614
10.0,1,75.70536
10.0,1,75.712713
-10.0,1,75.714719
10.0,1,75.716724
10.0,1,75.718729
-10.0,1,75.727569
10.0,1,75.729573
-10.0,1,75.731577
10.0,1,75.733582
-10.0,1,75.740617
10.0,1,75.743374
-10.0,1,75.743374
10.0,1,75.74712
-10.0,1,75.752254
10.0,1,75.758115
-10.0,1,75.758115
10.0,1,75.761448
10.0,1,75.76798
-10.0,1,75.768983
10.0,1,75.773293
-10.0,1,75.773293
10.0,1,75.781063
-10.0,1,75.783069
10.0,1,75.784072
10.0,1,75.786136
-10.0,1,75.794248
10.0,1,75.796978
10.0,1,75.796978
10.0,1,75.80016
10.0,1,75.806539
-10.0,1,75.807558
10.0,1,75.810945
-10.0,1,75.810945
-10.0,1,75.817185
10.0,1,75.819505
10.0,1,75.82319
-10.0,1,75.82319
10.0,1,75.832236
3.0,1,75.832236
10.0,1,75.836919
10.0,1,75.836919
10.0,1,75.847415
10.0,1,75.847415
10.0,1,75.850112
-10.0,1,75.852522
10.0,1,75.861073
-10.0,1,75.864152
10.0,1,75.864152
10.0,1,75.864152
10.0,1,75.878355
-10.0,1,75.878355
10.0,1,75.880702
10.0,1,75.883116
10.0,1,75.889705
-10.0,1,75.891711
10.0,1,75.89372
10.0,1,75.897733
10.0,1,75.904016
-10.0,1,75.904016
10.0,1,75.904016
10.0,1,75.910213
-10.0,1,75.916218
3.0,1,75.916218
-10.0,1,75.919465
-10.0,1,75.921309
10.0,1,75.931275
10.0,1,75.931275
10.0,1,75.93397
10.0,1,75.937073
-10.0,1,75.943833
-10.0,1,75.943833
10.0,1,75.946531
-10.0,1,75.947888
-10.0,1,75.954856
3.0,1,75.955945
10.0,1,75.959893
10.0,1,75.959893
10.0,1,75.968587
10.0,1,75.972597
10.0,1,75.975127
10.0,1,75.975127
-10.0,1,75.986236
10.0,1,75.988241
-10.0,1,75.989246
-10.0,1,75.991251
-10.0,1,75.999326
10.0,1,76.001728
10.0,1,76.004058
-10.0,1,76.004058
-10.0,1,76.011775
10.0,1,76.012902
10.0,1,76.014908
-10.0,1,76.016912
-10.0,1,76.024467
-10.0,1,76.025508
-10.0,1,76.025508
-10.0,1,76.027895
-10.0,1,76.03529
10.0,1,76.038174
-10.0,1,76.038174
10.0,1,76.042039
-10.0,1,76.048443
-10.0,1,76.049463
10.0,1,76.052274
-10.0,1,76.052781
10.0,1,76.061435
-10.0,1,76.062475
10.0,1,76.06681
-10.0,1,76.068315
10.0,1,76.075864
10.0,1,76.078385
10.0,1,76.080725
10.0,1,76.080725
-10.0,1,76.091966
10.0,1,76.093971
10.0,1,76.095975
-10.0,1,76.09798
10.0,1,76.105265
10.0,1,76.109275
10.0,1,76.11128
10.0,1,76.113285
-10.0,1,76.120644
10.0,1,76.12265
10.0,1,76.124655
10.0,1,76.12666
-10.0,1,76.133828
10.0,1,76.136467
10.0,1,76.136467
-10.0,1,76.138544
10.0,1,76.147141
10.0,1,76.149146
10.0,1,76.151151
-10.0,1,76.153156
10.0,1,76.160007
-10.0,1,76.163069
10.0,1,76.163069
10.0,1,76.165397
10.0,1,76.173457
-10.0,1,76.175463
10.0,1,76.178973
10.0,1,76.18098
-10.0,1,76.187561
-10.0,1,76.18867
10.0,1,76.190141
10.0,1,76.194245
10.0,1,76.203517
-10.0,1,76.205522
10.0,1,76.209533
-10.0,1,76.209533
10.0,1,76.216869
10.0,1,76.217914
10.0,1,76.21981
-10.0,1,76.221761
-10.0,1,76.229121
-10.0,1,76.231126
10.0,1,76.23313
-10.0,1,76.235135
-10.0,1,76.243052
10.0,1,76.243052
-10.0,1,76.245692
10.0,1,76.247794
10.0,1,76.254569
10.0,1,76.257579
-10.0,1,76.259583
-10.0,1,76.261588
-10.0,1,76.268106
10.0,1,76.27011
10.0,1,76.272115
10.0,1,76.27362
10.0,1,76.280769
-10.0,1,76.282775
-10.0,1,76.28378
10.0,1,76.285785
10.0,1,76.294065
10.0,1,76.294065
10.0,1,76.296447
10.0,1,76.300735
-10.0,1,76.309753
10.0,1,76.311758
10.0,1,76.313763
10.0,1,76.315768
10.0,1,76.324424
-10.0,1,76.324424
-10.0,1,76.327326
10.0,1,76.328742
-10.0,1,76.335477
-10.0,1,76.337224
-10.0,1,76.337224
10.0,1,76.337224
10.0,1,76.346685
-10.0,1,76.348691
-10.0,1,76.350696
10.0,1,76.3527
10.0,1,76.359422
-10.0,1,76.361427
-10.0,1,76.363432
10.0,1,76.365437
-10.0,1,76.372512
-10.0,1,76.374518
-10.0,1,76.374518
-10.0,1,76.376523
10.0,1,76.383792
-10.0,1,76.384797
-10.0,1,76.386277
-10.0,1,76.387554
-10.0,1,76.395571
10.0,1,76.39827
-10.0,1,76.399776
-10.0,1,76.400865
-10.0,1,76.406873
-10.0,1,76.408876
10.0,1,76.41088
-10.0,1,76.412882
-10.0,1,76.421895
-10.0,1,76.423897
10.0,1,76.425899
10.0,1,76.4279
-10.0,1,76.435652
10.0,1,76.437654
10.0,1,76.439656
10.0,1,76.442305
10.0,1,76.449609
-10.0,1,76.453613
-10.0,1,76.453613
10.0,1,76.455615
-10.0,1,76.461684
10.0,1,76.46343
-10.0,1,76.465436
10.0,1,76.46744
10.0,1,76.473993
10.0,1,76.475998
-10.0,1,76.478004
-10.0,1,76.47951
10.0,1,76.487141
10.0,1,76.489146
10.0,1,76.491151
10.0,1,76.493156
10.0,1,76.500567
10.0,1,76.504576
-10.0,1,76.506581
-10.0,1,76.508586
-10.0,1,76.515905
-10.0,1,76.51791
10.0,1,76.519916
10.0,1,76.52192
-10.0,1,76.531945
-10.0,1,76.53395
10.0,1,76.535956
10.0,1,76.537961
10.0,1,76.546922
-10.0,1,76.546922
10.0,1,76.550932
10.0,1,76.552938
10.0,1,76.559464
-10.0,1,76.561469
10.0,1,76.563474
10.0,1,76.56548
10.0,1,76.57323
-10.0,1,76.575235
-10.0,1,76.57724
-10.0,1,76.57724
10.0,1,76.585393
10.0,1,76.587398
10.0,1,76.591149
-10.0,1,76.591149
-10.0,1,76.598655
10.0,1,76.60066
10.0,1,76.602665
10.0,1,76.606676
10.0,1,76.614563
10.0,1,76.616776
-10.0,1,76.616776
10.0,1,76.618911
-10.0,1,76.625964
10.0,1,76.62647
10.0,1,76.630479
-10.0,1,76.632483
10.0,1,76.640849
10.0,1,76.642855
-10.0,1,76.644859
10.0,1,76.646864
10.0,1,76.652596
-10.0,1,76.654601
10.0,1,76.656606
-10.0,1,76.658612
10.0,1,76.667366
3.0,1,76.669877
-10.0,1,76.669877
10.0,1,76.671883
10.0,1,76.679926
10.0,1,76.680948
10.0,1,76.684297
-10.0,1,76.684801
-10.0,1,76.693768
10.0,1,76.696308
10.0,1,76.696308
10.0,1,76.700667
-10.0,1,76.707172
10.0,1,76.707172
-10.0,1,76.70929
10.0,1,76.713019
-10.0,1,76.715534
10.0,1,76.715534
10.0,1,76.723257
10.0,1,76.727455
-10.0,1,76.733643
-10.0,1,76.734777
-10.0,1,76.736656
10.0,1,76.738585
-10.0,1,76.746023
10.0,1,76.752252
-10.0,1,76.752252
-10.0,1,76.755189
-10.0,1,76.761605
-10.0,1,76.763352
-10.0,1,76.765967
10.0,1,76.767972
10.0,1,76.776624
10.0,1,76.778628
-10.0,1,76.780634
10.0,1,76.782638
3.0,1,76.789284
10.0,1,76.791289
-10.0,1,76.7943
-10.0,1,76.7943
-10.0,1,76.801216
10.0,1,76.803221
10.0,1,76.805227
-10.0,1,76.807232
-10.0,1,76.81024
-10.0,1,76.81024
-10.0,1,76.81024
-10.0,1,76.81024
-10.0,1,76.829108
10.0,1,76.831114
10.0,1,76.833119
10.0,1,76.835124
10.0,1,76.844376
10.0,1,76.846379
10.0,1,76.848384
3.0,1,76.850389
10.0,1,76.858176
-10.0,1,76.863897
10.0,1,76.866056
-10.0,1,76.866056
-10.0,1,76.873434
10.0,1,76.877862
10.0,1,76.880308
10.0,1,76.883119
-10.0,1,76.889174
10.0,1,76.891179
10.0,1,76.893184
-10.0,1,76.895189
-10.0,1,76.902622
10.0,1,76.903643
-10.0,1,76.905149
10.0,1,76.906948
10.0,1,76.914265
10.0,1,76.91627
10.0,1,76.918275
10.0,1,76.922285
10.0,1,76.929404
10.0,1,76.932659
10.0,1,76.935256
10.0,1,76.937682
10.0,1,76.94481
-10.0,1,76.94481
-10.0,1,76.946882
-10.0,1,76.948147
-10.0,1,76.954474
10.0,1,76.956479
10.0,1,76.960489
-10.0,1,76.960489
-10.0,1,76.968502
-10.0,1,76.972347
10.0,1,76.976358
10.0,1,76.978363
10.0,1,76.986236
10.0,1,76.986236
-10.0,1,76.988987
-10.0,1,76.99067
10.0,1,76.998917
10.0,1,76.999921
10.0,1,77.003931
-10.0,1,77.005936
10.0,1,77.014062
10.0,1,77.015811
-10.0,1,77.017389
10.0,1,77.019242
10.0,1,77.025237
10.0,1,77.029993
10.0,1,77.031741
10.0,1,77.03275
-10.0,1,77.041197
10.0,1,77.044467
-10.0,1,77.044467
10.0,1,77.047734
10.0,1,77.057018
10.0,1,77.057018
-10.0,1,77.059453
10.0,1,77.063453
10.0,1,77.069986
10.0,1,77.073285
10.0,1,77.073285
-10.0,1,77.075525
10.0,1,77.085334
10.0,1,77.089343
10.0,1,77.089343
-10.0,1,77.091348
10.0,1,77.102597
-10.0,1,77.102597
10.0,1,77.104754
-10.0,1,77.106139
10.0,1,77.115228
10.0,1,77.117409
10.0,1,77.117409
-10.0,1,77.119349
-10.0,1,77.126755
-10.0,1,77.130245
-10.0,1,77.130245
-10.0,1,77.132325
-10.0,1,77.140293
10.0,1,77.141332
10.0,1,77.145126
-10.0,1,77.145126
-10.0,1,77.154004
10.0,1,77.154004
10.0,1,77.158014
10.0,1,77.160019
-10.0,1,77.166272
-10.0,1,77.168276
-10.0,1,77.170281
10.0,1,77.172287
10.0,1,77.178602
-10.0,1,77.180606
-10.0,1,77.180606
10.0,1,77.182612
3.0,1,77.192735
-10.0,1,77.192735
10.0,1,77.198023
10.0,1,77.200436
10.0,1,77.209012
3.0,1,77.209012
10.0,1,77.211017
-10.0,1,77.213022
10.0,1,77.221164
10.0,1,77.224575
-10.0,1,77.224575
10.0,1,77.22843
-10.0,1,77.233874
3.0,1,77.235879
-10.0,1,77.236884
10.0,1,77.238888
10.0,1,77.247405
-10.0,1,77.247405
-10.0,1,77.24941
-10.0,1,77.251415
10.0,1,77.25756
10.0,1,77.259566
10.0,1,77.261571
3.0,1,77.263576
10.0,1,77.270176
10.0,1,77.274187
-10.0,1,77.274187
10.0,1,77.276191
10.0,1,77.283704
10.0,1,77.284714
-10.0,1,77.286831
10.0,1,77.288734
10.0,1,77.29523
10.0,1,77.297236
10.0,1,77.300746
-10.0,1,77.300746
-10.0,1,77.312115
-10.0,1,77.31314
3.0,1,77.31516
-10.0,1,77.316666
3.0,1,77.32602
10.0,1,77.328025
-10.0,1,77.328025
10.0,1,77.33003
-10.0,1,77.337492
10.0,1,77.339496
-10.0,1,77.341501
10.0,1,77.343506
-10.0,1,77.35069
-10.0,1,77.35171
10.0,1,77.354666
10.0,1,77.354666
-10.0,1,77.364632
10.0,1,77.364632
10.0,1,77.364632
-10.0,1,77.369483
-10.0,1,77.376513
10.0,1,77.379524
10.0,1,77.381531
-10.0,1,77.383536
10.0,1,77.392257
10.0,1,77.392257
-10.0,1,77.395265
10.0,1,77.399559
10.0,1,77.408035
10.0,1,77.408035
10.0,1,77.411041
10.0,1,77.415779
10.0,1,77.422837
10.0,1,77.424842
10.0,1,77.426847
-10.0,1,77.428852
10.0,1,77.436512
-10.0,1,77.436512
-10.0,1,77.439058
10.0,1,77.441866
10.0,1,77.447847
10.0,1,77.449852
10.0,1,77.453862
10.0,1,77.455867
10.0,1,77.461605
10.0,1,77.46361
-10.0,1,77.465615
10.0,1,77.46762
-10.0,1,77.474796
-10.0,1,77.476801
-10.0,1,77.478806
-10.0,1,77.478806
-10.0,1,77.485214
-10.0,1,77.487219
10.0,1,77.489223
10.0,1,77.490727
-10.0,1,77.497188
10.0,1,77.499195
10.0,1,77.501199
-10.0,1,77.503204
10.0,1,77.512106
-10.0,1,77.513158
10.0,1,77.515228
10.0,1,77.518646
10.0,1,77.528958
10.0,1,77.530963
10.0,1,77.532967
-10.0,1,77.534972
10.0,1,77.540841
10.0,1,77.544852
3.0,1,77.546856
-10.0,1,77.546856
10.0,1,77.554161
10.0,1,77.557431
10.0,1,77.560245
10.0,1,77.562927
-10.0,1,77.568656
-10.0,1,77.570163
10.0,1,77.57217
-10.0,1,77.574176
10.0,1,77.583084
3.0,1,77.583084
10.0,1,77.586104
10.0,1,77.586104
10.0,1,77.594853
-10.0,1,77.59688
10.0,1,77.60038
-10.0,1,77.60038
10.0,1,77.608249
10.0,1,77.610254
-10.0,1,77.612259
-10.0,1,77.614264
10.0,1,77.621233
10.0,1,77.625243
10.0,1,77.627248
10.0,1,77.629252
-10.0,1,77.639798
10.0,1,77.642286
10.0,1,77.642286
-10.0,1,77.64449
10.0,1,77.651625
10.0,1,77.65363
10.0,1,77.655635
-10.0,1,77.65764
-10.0,1,77.663463
10.0,1,77.665972
-10.0,1,77.665972
-10.0,1,77.669613
10.0,1,77.676531
-10.0,1,77.678537
10.0,1,77.680542
10.0,1,77.682046
-10.0,1,77.69045
10.0,1,77.692456
10.0,1,77.69446
10.0,1,77.696465
-10.0,1,77.702962
10.0,1,77.702962
10.0,1,77.702962
10.0,1,77.702962
-10.0,1,77.71407
10.0,1,77.71671
10.0,1,77.71671
10.0,1,77.71671
10.0,1,77.729906
10.0,1,77.729906
10.0,1,77.729906
10.0,1,77.729906
10.0,1,77.746909
10.0,1,77.752262
10.0,1,77.754581
-10.0,1,77.754581
10.0,1,77.761723
-10.0,1,77.763728
-10.0,1,77.765733
-10.0,1,77.767739
-10.0,1,77.775269
10.0,1,77.778384
10.0,1,77.778384
10.0,1,77.780336
10.0,1,77.787924
-10.0,1,77.789929
10.0,1,77.791933
-10.0,1,77.793437
10.0,1,77.80213
-10.0,1,77.80213
-10.0,1,77.804587
-10.0,1,77.805779
-10.0,1,77.813928
10.0,1,77.813928
10.0,1,77.818695
10.0,1,77.821068
10.0,1,77.828858
10.0,1,77.831286
10.0,1,77.831286
10.0,1,77.833401
10.0,1,77.843122
10.0,1,77.845127
-10.0,1,77.847132
-10.0,1,77.849136
-10.0,1,77.855365
-10.0,1,77.856402
10.0,1,77.8621
-10.0,1,77.8621
-10.0,1,77.870086
10.0,1,77.872091
-10.0,1,77.874097
10.0,1,77.876102
-10.0,1,77.883177
10.0,1,77.885182
10.0,1,77.888192
-10.0,1,77.890197
10.0,1,77.896188
10.0,1,77.898474
10.0,1,77.901125
-10.0,1,77.901125
10.0,1,77.908056
10.0,1,77.910061
-10.0,1,77.912066
-10.0,1,77.914071
10.0,1,77.92001
-10.0,1,77.92001
10.0,1,77.923345
10.0,1,77.926322
10.0,1,77.932915
10.0,1,77.935856
10.0,1,77.938213
10.0,1,77.940839
10.0,1,77.946402
-10.0,1,77.948408
-10.0,1,77.950413
10.0,1,77.953922
-10.0,1,77.961525
10.0,1,77.962572
10.0,1,77.963672
10.0,1,77.967941
-10.0,1,77.97649
-10.0,1,77.978916
-10.0,1,77.978916
-10.0,1,77.981637
3.0,1,77.988546
3.0,1,77.989566
10.0,1,77.991437
10.0,1,77.995521
-10.0,1,78.002069
10.0,1,78.003088
10.0,1,78.004374
-10.0,1,78.00625
10.0,1,78.013616
-10.0,1,78.015621
10.0,1,78.019631
10.0,1,78.126476
-10.0,1,78.142373
10.0,1,78.142373
-10.0,1,78.142373
10.0,1,78.142373
10.0,1,78.159477
10.0,1,78.162404
10.0,1,78.162404
-10.0,1,78.164448
10.0,1,78.173176
-10.0,1,78.174181
10.0,1,78.178294
10.0,1,78.178294
-10.0,1,78.187252
10.0,1,78.188317
-10.0,1,78.190063
-10.0,1,78.191598
10.0,1,78.198384
-10.0,1,78.199558
10.0,1,78.201517
3.0,1,78.202804
-10.0,1,78.211016
-10.0,1,78.211016
-10.0,1,78.211016
-10.0,1,78.211016
10.0,1,78.222664
10.0,1,78.225833
-10.0,1,78.225833
10.0,1,78.228079
10.0,1,78.234992
-10.0,1,78.236997
-10.0,1,78.239002
-10.0,1,78.241007
10.0,1,78.247191
10.0,1,78.249197
-10.0,1,78.251201
10.0,1,78.254223
10.0,1,78.26464
10.0,1,78.26464
10.0,1,78.268817
3.0,1,78.268817
-10.0,1,78.277476
-10.0,1,78.278568
10.0,1,78.281564
10.0,1,78.283954
10.0,1,78.291171
10.0,1,78.294146
10.0,1,78.294146
10.0,1,78.296557
10.0,1,78.304215
10.0,1,78.304215
10.0,1,78.309242
10.0,1,78.312001
10.0,1,78.317217
10.0,1,78.321228
10.0,1,78.321228
-10.0,1,78.323232
10.0,1,78.332433
10.0,1,78.332433
-10.0,1,78.334438
-10.0,1,78.336443
-10.0,1,78.342329
-10.0,1,78.344335
10.0,1,78.347344
3.0,1,78.349348
10.0,1,78.35548
10.0,1,78.358464
10.0,1,78.360605
10.0,1,78.360605
10.0,1,78.371186
-10.0,1,78.375197
-10.0,1,78.375197
10.0,1,78.377201
-10.0,1,78.384206
10.0,1,78.387716
10.0,1,78.389721
-10.0,1,78.391725
-10.0,1,78.398287
-10.0,1,78.399395
3.0,1,78.399395
10.0,1,78.403749
10.0,1,78.410628
10.0,1,78.412632
-10.0,1,78.414637
-10.0,1,78.416641
3.0,1,78.424674
10.0,1,78.42642
-10.0,1,78.428426
10.0,1,78.432437
-10.0,1,78.440951
-10.0,1,78.442455
10.0,1,78.444461
-10.0,1,78.446465
-10.0,1,78.454363
10.0,1,78.456731
10.0,1,78.4585
-10.0,1,78.46236
10.0,1,78.471205
10.0,1,78.471205
10.0,1,78.474141
10.0,1,78.474141
10.0,1,78.488676
10.0,1,78.491231
10.0,1,78.493635
-10.0,1,78.493635
10.0,1,78.501733
10.0,1,78.502765
-10.0,1,78.504704
10.0,1,78.507293
10.0,1,78.515628
-10.0,1,78.515628
10.0,1,78.518078
10.0,1,78.520028
-10.0,1,78.527819
3.0,1,78.528872
-10.0,1,78.530205
10.0,1,78.532029
10.0,1,78.54025
3.0,1,78.542255
-10.0,1,78.54426
10.0,1,78.546265
10.0,1,78.553638
10.0,1,78.553638
-10.0,1,78.557364
10.0,1,78.561582
10.0,1,78.569557
10.0,1,78.569557
-10.0,1,78.571723
-10.0,1,78.571723
10.0,1,78.580864
-10.0,1,78.580864
10.0,1,78.583077
10.0,1,78.587024
10.0,1,78.594836
10.0,1,78.596842
-10.0,1,78.598846
10.0,1,78.600851
-10.0,1,78.607673
-10.0,1,78.60968
10.0,1,78.611685
10.0,1,78.61369
-10.0,1,78.621684
10.0,1,78.623248
10.0,1,78.626602
10.0,1,78.626602
10.0,1,78.634627
10.0,1,78.636632
-10.0,1,78.638637
10.0,1,78.640642
-10.0,1,78.651638
10.0,1,78.653644
-10.0,1,78.655649
-10.0,1,78.657654
10.0,1,78.663864
-10.0,1,78.66587
-10.0,1,78.667875
10.0,1,78.66988
-10.0,1,78.676884
10.0,1,78.678888
10.0,1,78.679893
-10.0,1,78.6819
10.0,1,78.689314
-10.0,1,78.691319
10.0,1,78.693324
-10.0,1,78.695329
-10.0,1,78.704731
-10.0,1,78.705769
10.0,1,78.708789
-10.0,1,78.710028
-10.0,1,78.716963
10.0,1,78.719483
-10.0,1,78.719483
10.0,1,78.723192
10.0,1,78.730953
10.0,1,78.730953
-10.0,1,78.733451
10.0,1,78.736805
10.0,1,78.743971
10.0,1,78.743971
10.0,1,78.746527
10.0,1,78.749991
-10.0,1,78.755346
10.0,1,78.758356
10.0,1,78.760361
-10.0,1,78.762366
10.0,1,78.769564
10.0,1,78.770598
-10.0,1,78.772614
-10.0,1,78.774384
10.0,1,78.782431
10.0,1,78.784436
10.0,1,78.78594
10.0,1,78.787945
10.0,1,78.796569
-10.0,1,78.796569
10.0,1,78.80074
10.0,1,78.80074
-10.0,1,78.811935
10.0,1,78.813888
-10.0,1,78.815447
10.0,1,78.818861
10.0,1,78.827313
10.0,1,78.827313
10.0,1,78.829665
-10.0,1,78.831395
10.0,1,78.838449
10.0,1,78.83952
-10.0,1,78.841488
-10.0,1,78.843489
-10.0,1,78.850108
10.0,1,78.853118
10.0,1,78.855123
10.0,1,78.857127
-10.0,1,78.862404
10.0,1,78.86441
3.0,1,78.866414
10.0,1,78.868419
10.0,1,78.876124
-10.0,1,78.877193
-10.0,1,78.879066
-10.0,1,78.881499
-10.0,1,78.887365
10.0,1,78.890253
10.0,1,78.890253
10.0,1,78.894846
10.0,1,78.900588
10.0,1,78.903893
10.0,1,78.906306
10.0,1,78.906306
10.0,1,78.91379
-10.0,1,78.916936
-10.0,1,78.921157
10.0,1,78.922271
-10.0,1,78.929875
-10.0,1,78.93202
10.0,1,78.934247
10.0,1,78.934247
10.0,1,78.943404
-10.0,1,78.943404
3.0,1,78.945676
10.0,1,78.948073
-10.0,1,78.954816
-10.0,1,78.955832
10.0,1,78.957149
-10.0,1,78.958549
-10.0,1,78.966203
10.0,1,78.967256
3.0,1,78.968768
10.0,1,78.970636
10.0,1,78.97983
-10.0,1,78.97983
10.0,1,78.983595
-10.0,1,78.983595
10.0,1,78.992292
10.0,1,78.994816
10.0,1,78.997564
-10.0,1,78.999893
10.0,1,79.007645
3.0,1,79.009011
-10.0,1,79.012187
10.0,1,79.012187
-10.0,1,79.020575
10.0,1,79.020575
10.0,1,79.023886
-10.0,1,79.028832
-10.0,1,79.035847
-10.0,1,79.036889
10.0,1,79.038532
-10.0,1,79.041765
-10.0,1,79.047793
10.0,1,79.049799
-10.0,1,79.051804
-10.0,1,79.053808
10.0,1,79.061189
10.0,1,79.063193
10.0,1,79.065198
10.0,1,79.067203
10.0,1,79.075228
10.0,1,79.077234
10.0,1,79.079239
10.0,1,79.081244
10.0,1,79.088608
-10.0,1,79.089646
10.0,1,79.09175
10.0,1,79.092948
10.0,1,79.101417
-10.0,1,79.101417
10.0,1,79.105547
10.0,1,79.107796
-10.0,1,79.114177
-10.0,1,79.115203
10.0,1,79.116387
10.0,1,79.118053
10.0,1,79.125988
-10.0,1,79.127009
10.0,1,79.130634
10.0,1,79.133178
-10.0,1,79.141835
10.0,1,79.14285
10.0,1,79.146971
10.0,1,79.146971
10.0,1,79.155732
-10.0,1,79.15677
10.0,1,79.158814
-10.0,1,79.160139
10.0,1,79.167445
10.0,1,79.169479
10.0,1,79.170955
-10.0,1,79.172871
-10.0,1,79.178705
10.0,1,79.178705
10.0,1,79.185237
10.0,1,79.18675
-10.0,1,79.193714
10.0,1,79.195719
-10.0,1,79.197723
10.0,1,79.199728
10.0,1,79.205338
-10.0,1,79.207343
-10.0,1,79.209349
10.0,1,79.211354
-10.0,1,79.218112
-10.0,1,79.218112
10.0,1,79.218112
-10.0,1,79.218112
10.0,1,79.231792
-10.0,1,79.232797
10.0,1,79.236201
10.0,1,79.236201
10.0,1,79.244081
-10.0,1,79.246086
10.0,1,79.251804
10.0,1,79.254736
-10.0,1,79.261399
-10.0,1,79.262419
10.0,1,79.265895
10.0,1,79.268214
10.0,1,79.275501
10.0,1,79.275501
-10.0,1,79.277657
-10.0,1,79.279502
-10.0,1,79.287434
-10.0,1,79.287434
-10.0,1,79.289439
-10.0,1,79.291444
10.0,1,79.299158
10.0,1,79.301813
10.0,1,79.304207
10.0,1,79.306499
-10.0,1,79.312927
-10.0,1,79.314032
10.0,1,79.317146
3.0,1,79.317146
10.0,1,79.325142
10.0,1,79.327324
10.0,1,79.331338
-10.0,1,79.331338
3.0,1,79.33915
10.0,1,79.342161
-10.0,1,79.344167
-10.0,1,79.346171
10.0,1,79.352019
10.0,1,79.356656
10.0,1,79.359282
-10.0,1,79.359282
10.0,1,79.369199
10.0,1,79.371204
-10.0,1,79.374214
10.0,1,79.37622
10.0,1,79.382836
10.0,1,79.386346
10.0,1,79.38835
10.0,1,79.390096
10.0,1,79.398072
10.0,1,79.401183
10.0,1,79.403699
10.0,1,79.403699
10.0,1,79.413778
10.0,1,79.413778
-10.0,1,79.415833
10.0,1,79.419187
-10.0,1,79.425417
-10.0,1,79.426494
-10.0,1,79.426494
10.0,1,79.430634
10.0,1,79.437799
10.0,1,79.438937
-10.0,1,79.438937
-10.0,1,79.441359
10.0,1,79.448184
-10.0,1,79.450188
10.0,1,79.452193
10.0,1,79.453698
10.0,1,79.461701
10.0,1,79.463707
-10.0,1,79.465712
-10.0,1,79.467717
10.0,1,79.478128
-10.0,1,79.480837
-10.0,1,79.480837
-10.0,1,79.482913
-10.0,1,79.490942
10.0,1,79.494074
-10.0,1,79.494074
-10.0,1,79.496144
10.0,1,79.503321
10.0,1,79.505326
-10.0,1,79.507331
10.0,1,79.509336
-10.0,1,79.517612
-10.0,1,79.518635
10.0,1,79.520595
-10.0,1,79.521989
3.0,1,79.529454
10.0,1,79.532555
-10.0,1,79.532555
10.0,1,79.536831
10.0,1,79.542732
-10.0,1,79.544738
-10.0,1,79.546742
10.0,1,79.548488
10.0,1,79.555906
-10.0,1,79.557147
10.0,1,79.559152
-10.0,1,79.561157
10.0,1,79.567981
10.0,1,79.569983
10.0,1,79.571985
-10.0,1,79.573987
3.0,1,79.583999
10.0,1,79.586503
10.0,1,79.588505
-10.0,1,79.589821
10.0,1,79.598453
10.0,1,79.601276
10.0,1,79.603546
10.0,1,79.605822
10.0,1,79.611705
3.0,1,79.613711
10.0,1,79.615716
10.0,1,79.617721
-10.0,1,79.625404
-10.0,1,79.627709
10.0,1,79.627709
10.0,1,79.630478
10.0,1,79.638129
10.0,1,79.640134
-10.0,1,79.642139
3.0,1,79.643644
10.0,1,79.651272
-10.0,1,79.65231
10.0,1,79.656036
10.0,1,79.656036
3.0,1,79.665378
10.0,1,79.667382
-10.0,1,79.669387
-10.0,1,79.671392
10.0,1,79.678789
-10.0,1,79.67983
-10.0,1,79.681911
10.0,1,79.683423
10.0,1,79.695463
10.0,1,79.697862
10.0,1,79.697862
10.0,1,79.699846
-10.0,1,79.706751
10.0,1,79.709654
10.0,1,79.712083
10.0,1,79.714113
10.0,1,79.722431
-10.0,1,79.724437
10.0,1,79.726442
10.0,1,79.730453
10.0,1,79.738959
10.0,1,79.740964
-10.0,1,79.742968
10.0,1,79.744972
10.0,1,79.750927
-10.0,1,79.753936
10.0,1,79.755941
10.0,1,79.757946
10.0,1,79.765878
-10.0,1,79.765878
3.0,1,79.767982
10.0,1,79.769729
10.0,1,79.777755
-10.0,1,79.779761
10.0,1,79.781766
-10.0,1,79.781766
-10.0,1,79.788487
-10.0,1,79.790245
-10.0,1,79.792392
10.0,1,79.79566
10.0,1,79.801465
10.0,1,79.801465
10.0,1,79.801465
-10.0,1,79.801465
-10.0,1,79.817369
10.0,1,79.821513
10.0,1,79.824447
10.0,1,79.826674
10.0,1,79.831809
10.0,1,79.835319
-10.0,1,79.835319
10.0,1,79.837324
-10.0,1,79.84467
-10.0,1,79.84467
-10.0,1,79.846672
-10.0,1,79.847972
-10.0,1,79.854081
3.0,1,79.856086
10.0,1,79.85809
10.0,1,79.860094
10.0,1,79.866848
10.0,1,79.86794
10.0,1,79.872055
10.0,1,79.874138
10.0,1,79.880672
-10.0,1,79.882678
-10.0,1,79.882678
-10.0,1,79.884684
-10.0,1,79.892009
10.0,1,79.893048
10.0,1,79.89653
10.0,1,79.899204
-10.0,1,79.905608
3.0,1,79.906761
-10.0,1,79.910567
-10.0,1,79.910567
10.0,1,79.922518
10.0,1,79.922518
10.0,1,79.922518
-10.0,1,79.926412
-10.0,1,79.934178
10.0,1,79.936314
10.0,1,79.939303
10.0,1,79.939303
10.0,1,79.943877
10.0,1,79.943877
10.0,1,79.943877
10.0,1,79.95349
-10.0,1,79.962195
-10.0,1,79.963237
10.0,1,79.964549
-10.0,1,79.966013
-10.0,1,79.972481
10.0,1,79.974487
10.0,1,79.976492
10.0,1,79.980502
-10.0,1,79.986514
-10.0,1,79.988142
10.0,1,79.990418
10.0,1,79.991874
-10.0,1,80.000229
10.0,1,80.002926
-10.0,1,80.002926
-10.0,1,80.002926
10.0,1,80.011994
-10.0,1,80.011994
-10.0,1,80.015114
10.0,1,80.016626
-10.0,1,80.021804
-10.0,1,80.026734
-10.0,1,80.029182
10.0,1,80.032178
10.0,1,80.039849
10.0,1,80.041854
10.0,1,80.043859
-10.0,1,80.043859
10.0,1,80.052834
-10.0,1,80.053838
10.0,1,80.056202
10.0,1,80.058474
10.0,1,80.066378
-10.0,1,80.066378
3.0,1,80.068581
10.0,1,80.069807
10.0,1,80.076767
10.0,1,80.078773
10.0,1,80.080778
10.0,1,80.084788
-10.0,1,80.091877
10.0,1,80.094951
3.0,1,80.094951
-10.0,1,80.096955
-10.0,1,80.101714
10.0,1,80.103791
3.0,1,80.105901
-10.0,1,80.107735
-10.0,1,80.114719
-10.0,1,80.116723
10.0,1,80.117728
10.0,1,80.119733
10.0,1,80.127077
10.0,1,80.12809
-10.0,1,80.130039
10.0,1,80.133855
10.0,1,80.142062
10.0,1,80.144068
-10.0,1,80.146072
-10.0,1,80.148077
-10.0,1,80.154147
-10.0,1,80.156152
-10.0,1,80.158156
3.0,1,80.158156
10.0,1,80.165916
3.0,1,80.165916
-10.0,1,80.169885
10.0,1,80.171835
10.0,1,80.180293
10.0,1,80.182039
10.0,1,80.184569
-10.0,1,80.184569
10.0,1,80.19292
10.0,1,80.194925
-10.0,1,80.197935
10.0,1,80.19994
3.0,1,80.207358
-10.0,1,80.209364
10.0,1,80.211369
10.0,1,80.213373
-10.0,1,80.220395
-10.0,1,80.2224
-10.0,1,80.224405
10.0,1,80.22641
-10.0,1,80.234332
10.0,1,80.235355
10.0,1,80.238431
10.0,1,80.238431
10.0,1,80.249106
-10.0,1,80.251112
-10.0,1,80.253117
-10.0,1,80.255121
-10.0,1,80.260972
-10.0,1,80.262048
10.0,1,80.265601
10.0,1,80.265601
10.0,1,80.272935
10.0,1,80.274941
-10.0,1,80.276687
-10.0,1,80.278692
10.0,1,80.286977
-10.0,1,80.286977
-10.0,1,80.28914
-10.0,1,80.290644
10.0,1,80.296856
-10.0,1,80.298862
-10.0,1,80.300866
10.0,1,80.302871
3.0,1,80.530724
-10.0,1,80.530724
3.0,1,80.53273
10.0,1,80.536739
10.0,1,80.543041
10.0,1,80.545047
-10.0,1,80.546793
10.0,1,80.548798
-10.0,1,80.556533
-10.0,1,80.557575
10.0,1,80.560271
-10.0,1,80.560271
-10.0,1,80.567973
10.0,1,80.571066
-10.0,1,80.571066
-10.0,1,80.573239
-10.0,1,80.579681
10.0,1,80.579681
-10.0,1,80.586943
3.0,1,80.586943
10.0,1,80.59617
10.0,1,80.598537
-10.0,1,80.598537
-10.0,1,80.602186
10.0,1,80.609684
10.0,1,80.61169
10.0,1,80.61169
10.0,1,80.615699
10.0,1,80.620793
-10.0,1,80.62289
10.0,1,80.625782
10.0,1,80.628706
10.0,1,80.634582
10.0,1,80.63782
-10.0,1,80.638325
10.0,1,80.638325
-10.0,1,80.647407
10.0,1,80.648468
10.0,1,80.650261
10.0,1,80.654155
-10.0,1,80.659832
10.0,1,80.661836
10.0,1,80.663841
10.0,1,80.665846
10.0,1,80.674631
10.0,1,80.674631
-10.0,1,80.677236
10.0,1,80.679268
-10.0,1,80.686974
10.0,1,80.689544
10.0,1,80.689544
10.0,1,80.689544
10.0,1,80.706836
-10.0,1,80.706836
10.0,1,80.71041
10.0,1,80.712797
10.0,1,80.719974
10.0,1,80.720978
10.0,1,80.724734
10.0,1,80.724734
10.0,1,80.735012
10.0,1,80.737768
-10.0,1,80.737768
10.0,1,80.741086
10.0,1,80.747798
-10.0,1,80.748856
-10.0,1,80.752867
10.0,1,80.752867
10.0,1,80.76328
10.0,1,80.76328
10.0,1,80.767598
10.0,1,80.769703
10.0,1,80.777346
10.0,1,80.777346
10.0,1,80.779525
-10.0,1,80.78175
10.0,1,80.789202
-10.0,1,80.790219
10.0,1,80.792317
10.0,1,80.793583
-10.0,1,80.79988
-10.0,1,80.804764
-10.0,1,80.807036
10.0,1,80.809942
-10.0,1,80.815934
-10.0,1,80.81794
-10.0,1,80.81794
-10.0,1,80.819944
-10.0,1,80.828171
-10.0,1,80.828171
-10.0,1,80.830633
10.0,1,80.833354
10.0,1,80.838742
10.0,1,80.840746
-10.0,1,80.842759
3.0,1,80.844764
-10.0,1,80.853337
-10.0,1,80.85443
10.0,1,80.857227
10.0,1,80.859574
10.0,1,80.867084
-10.0,1,80.867084
10.0,1,80.869354
10.0,1,80.870747
10.0,1,80.878574
3.0,1,80.880579
10.0,1,80.882585
10.0,1,80.88459
10.0,1,80.893124
-10.0,1,80.894629
-10.0,1,80.896634
-10.0,1,80.896634
-10.0,1,80.90464
-10.0,1,80.905703
-10.0,1,80.906903
-10.0,1,80.908685
-10.0,1,80.917974
-10.0,1,80.919198
10.0,1,80.921218
10.0,1,80.924517
-10.0,1,80.931106
-10.0,1,80.932652
10.0,1,80.936661
-10.0,1,80.936661
-10.0,1,80.944051
10.0,1,80.946056
10.0,1,80.948061
10.0,1,80.950067
-10.0,1,80.958718
10.0,1,80.96005
10.0,1,80.963004
10.0,1,80.963004
-10.0,1,80.97102
-10.0,1,80.972081
10.0,1,80.974651
-10.0,1,80.975672
10.0,1,80.982534
10.0,1,80.98454
-10.0,1,80.98705
10.0,1,80.989055
10.0,1,80.997253
10.0,1,80.998357
10.0,1,81.00191
10.0,1,81.00191
10.0,1,81.009432
-10.0,1,81.011438
-10.0,1,81.013443
10.0,1,81.015447
-10.0,1,81.024726
-10.0,1,81.026732
10.0,1,81.028737
-10.0,1,81.030742
-10.0,1,81.038424
10.0,1,81.041516
-10.0,1,81.041516
-10.0,1,81.043787
-10.0,1,81.052298
-10.0,1,81.052298
10.0,1,81.057049
-10.0,1,81.058749
-10.0,1,81.06527
-10.0,1,81.066426
-10.0,1,81.068681
10.0,1,81.07144
10.0,1,81.079436
-10.0,1,81.079436
10.0,1,81.082093
10.0,1,81.084101
10.0,1,81.09225
10.0,1,81.095909
-10.0,1,81.097733
10.0,1,81.097733
10.0,1,81.106006
-10.0,1,81.107023
10.0,1,81.109168
10.0,1,81.110465
10.0,1,81.117763
3.0,1,81.119768
-10.0,1,81.121772
10.0,1,81.123777
10.0,1,81.130354
10.0,1,81.132507
10.0,1,81.132507
-10.0,1,81.137942
-10.0,1,81.145897
-10.0,1,81.147403
-10.0,1,81.147403
10.0,1,81.15002
10.0,1,81.156694
10.0,1,81.158699
-10.0,1,81.160704
-10.0,1,81.162708
-10.0,1,81.169567
-10.0,1,81.170616
10.0,1,81.173385
3.0,1,81.173385
-10.0,1,81.178693
10.0,1,81.178693
-10.0,1,81.178693
-10.0,1,81.178693
10.0,1,81.193921
10.0,1,81.196616
10.0,1,81.199145
10.0,1,81.199145
-10.0,1,81.206823
10.0,1,81.206823
10.0,1,81.209088
-10.0,1,81.211361
10.0,1,81.218804
10.0,1,81.220809
10.0,1,81.222813
10.0,1,81.224818
-10.0,1,81.234008
10.0,1,81.234008
10.0,1,81.236137
10.0,1,81.23851
10.0,1,81.250071
-10.0,1,81.250071
10.0,1,81.253712
10.0,1,81.256547
-10.0,1,81.263722
-10.0,1,81.26475
10.0,1,81.267874
-10.0,1,81.267874
-10.0,1,81.274942
10.0,1,81.277457
-10.0,1,81.277457
10.0,1,81.280318
-10.0,1,81.288135
-10.0,1,81.288135
-10.0,1,81.290884
10.0,1,81.293954
-10.0,1,81.300426
10.0,1,81.301438
-10.0,1,81.303773
10.0,1,81.304836
10.0,1,81.313458
10.0,1,81.315463
10.0,1,81.317467
10.0,1,81.321477
10.0,1,81.327802
10.0,1,81.33088
10.0,1,81.333465
10.0,1,81.335719
10.0,1,81.340547
10.0,1,81.340547
-10.0,1,81.340547
-10.0,1,81.340547
-10.0,1,81.356735
10.0,1,81.358741
-10.0,1,81.360745
10.0,1,81.36275
-10.0,1,81.370549
10.0,1,81.372623
10.0,1,81.374629
10.0,1,81.378638
10.0,1,81.385766
-10.0,1,81.387271
-10.0,1,81.388274
10.0,1,81.389526
10.0,1,81.397938
-10.0,1,81.399072
-10.0,1,81.401129
10.0,1,81.40477
-10.0,1,81.410978
10.0,1,81.414516
-10.0,1,81.414516
-10.0,1,81.414516
-10.0,1,81.424917
10.0,1,81.425958
10.0,1,81.429355
10.0,1,81.431434
10.0,1,81.439803
10.0,1,81.442453
-10.0,1,81.442453
10.0,1,81.444598
10.0,1,81.447353
-10.0,1,81.447353
-10.0,1,81.447353
10.0,1,81.447353
-10.0,1,81.469339
10.0,1,81.47038
10.0,1,81.472008
10.0,1,81.47602
-10.0,1,81.482154
10.0,1,81.48416
-10.0,1,81.487169
-10.0,1,81.489175
10.0,1,81.497115
-10.0,1,81.497115
-10.0,1,81.49938
10.0,1,81.500736
10.0,1,81.507059
10.0,1,81.511069
-10.0,1,81.511069
10.0,1,81.515079
10.0,1,81.522861
10.0,1,81.522861
10.0,1,81.526284
10.0,1,81.52731
10.0,1,81.535278
10.0,1,81.537283
-10.0,1,81.539288
-10.0,1,81.541034
-10.0,1,81.549049
-10.0,1,81.549049
-10.0,1,81.552041
-10.0,1,81.554001
10.0,1,81.561805
10.0,1,81.564832
10.0,1,81.567066
-10.0,1,81.567066
10.0,1,81.578162
10.0,1,81.580168
10.0,1,81.582172
10.0,1,81.584177
-10.0,1,81.593367
10.0,1,81.595373
10.0,1,81.597377
10.0,1,81.599382
-10.0,1,81.606896
-10.0,1,81.609396
-10.0,1,81.612014
-10.0,1,81.612014
10.0,1,81.619763
-10.0,1,81.62078
10.0,1,81.623028
-10.0,1,81.624368
-10.0,1,81.632358
-10.0,1,81.632358
10.0,1,81.635834
-10.0,1,81.63684
-10.0,1,81.643209
10.0,1,81.645214
-10.0,1,81.647219
-10.0,1,81.649224
-10.0,1,81.657059
-10.0,1,81.65825
10.0,1,81.65963
10.0,1,81.661083
-10.0,1,81.668039
10.0,1,81.670044
-10.0,1,81.672049
-10.0,1,81.674054
-10.0,1,81.679535
10.0,1,81.68154
10.0,1,81.687313
10.0,1,81.687313
-10.0,1,81.697521
-10.0,1,81.700081
10.0,1,81.700081
-10.0,1,81.702752
10.0,1,81.709687
-10.0,1,81.711692
-10.0,1,81.713697
-10.0,1,81.715445
10.0,1,81.722281
-10.0,1,81.724286
10.0,1,81.72629
10.0,1,81.728294
-10.0,1,81.735613
10.0,1,81.737617
-10.0,1,81.739621
10.0,1,81.741626
10.0,1,81.750044
10.0,1,81.750044
3.0,1,81.750044
10.0,1,81.757187
-10.0,1,81.763082
-10.0,1,81.763082
10.0,1,81.767467
-10.0,1,81.767467
10.0,1,81.775504
10.0,1,81.776557
10.0,1,81.778944
-10.0,1,81.780767
-10.0,1,81.787206
10.0,1,81.789227
10.0,1,81.793111
10.0,1,81.794858
10.0,1,81.803898
10.0,1,81.805903
10.0,1,81.807908
10.0,1,81.810918
10.0,1,81.81898
10.0,1,81.822162
10.0,1,81.822162
10.0,1,81.824285
-10.0,1,81.830878
-10.0,1,81.833
-10.0,1,81.834884
-10.0,1,81.836365
10.0,1,81.842234
-10.0,1,81.842234
3.0,1,81.842234
-10.0,1,81.842234
10.0,1,81.85622
10.0,1,81.858263
10.0,1,81.859398
3.0,1,81.861619
10.0,1,81.871198
10.0,1,81.874205
-10.0,1,81.874205
-10.0,1,81.876356
10.0,1,81.88337
10.0,1,81.886555
10.0,1,81.888835
-10.0,1,81.889841
-10.0,1,81.896216
10.0,1,81.89822
10.0,1,81.900224
-10.0,1,81.902228
10.0,1,81.910072
10.0,1,81.914083
-10.0,1,81.916087
10.0,1,81.916087
10.0,1,81.925125
10.0,1,81.925125
10.0,1,81.929446
-10.0,1,81.929446
-10.0,1,81.937476
-10.0,1,81.939482
-10.0,1,81.941487
10.0,1,81.943491
-10.0,1,81.949731
10.0,1,81.951735
10.0,1,81.953481
-10.0,1,81.955487
10.0,1,81.961937
10.0,1,81.963942
-10.0,1,81.965947
10.0,1,81.969457
-10.0,1,81.974864
-10.0,1,81.976869
10.0,1,81.978874
-10.0,1,81.978874
10.0,1,81.987213
10.0,1,81.988216
10.0,1,81.991912
10.0,1,81.994201
-10.0,1,81.999603
10.0,1,82.001107
10.0,1,82.003113
-10.0,1,82.005117
-10.0,1,82.011404
-10.0,1,82.012498
10.0,1,82.015765
-10.0,1,82.017779
-10.0,1,82.025079
10.0,1,82.027138
10.0,1,82.028957
-10.0,1,82.030902
10.0,1,82.039573
-10.0,1,82.039573
-10.0,1,82.041577
-10.0,1,82.043582
10.0,1,82.050629
10.0,1,82.051643
10.0,1,82.055689
10.0,1,82.058007
-10.0,1,82.064646
-10.0,1,82.065724
-10.0,1,82.065724
-10.0,1,82.069375
10.0,1,82.075289
10.0,1,82.078745
-10.0,1,82.080492
10.0,1,82.083429
-10.0,1,82.08979
-10.0,1,82.08979
-10.0,1,82.091795
10.0,1,82.0938
-10.0,1,82.101937
10.0,1,82.101937
10.0,1,82.103837
10.0,1,82.107786
3.0,1,82.113688
-10.0,1,82.114738
10.0,1,82.117972
10.0,1,82.120516
10.0,1,82.126185
10.0,1,82.131905
-10.0,1,82.131905
-10.0,1,82.134753
10.0,1,82.142118
10.0,1,82.145869
10.0,1,82.147874
10.0,1,82.149879
-10.0,1,82.157184
10.0,1,82.159987
3.0,1,82.160995
10.0,1,82.164824
-10.0,1,82.16959
10.0,1,82.173087
10.0,1,82.1754
-10.0,1,82.176533
10.0,1,82.184479
-10.0,1,82.184479
3.0,1,82.187485
10.0,1,82.188527
10.0,1,82.198091
-10.0,1,82.200504
10.0,1,82.204267
-10.0,1,82.204267
10.0,1,82.211252
-10.0,1,82.213258
10.0,1,82.215262
10.0,1,82.217268
3.0,1,82.22471
10.0,1,82.226716
10.0,1,82.228721
10.0,1,82.230726
10.0,1,82.238864
-10.0,1,82.244446
10.0,1,82.244446
10.0,1,82.248839
10.0,1,82.254806
-10.0,1,82.256811
-10.0,1,82.258816
-10.0,1,82.258816
-10.0,1,82.266409
-10.0,1,82.267443
10.0,1,82.270737
10.0,1,82.271804
10.0,1,82.279145
10.0,1,82.282064
-10.0,1,82.282064
10.0,1,82.28443
-10.0,1,82.292618
10.0,1,82.29571
10.0,1,82.298277
-10.0,1,82.298277
10.0,1,82.305449
-10.0,1,82.307455
-10.0,1,82.309459
10.0,1,82.311464
-10.0,1,82.318891
-10.0,1,82.320183
-10.0,1,82.321668
-10.0,1,82.323015
10.0,1,82.328912
10.0,1,82.333564
10.0,1,82.333564
10.0,1,82.333564
-10.0,1,82.344211
10.0,1,82.346217
10.0,1,82.348222
-10.0,1,82.349227
10.0,1,82.360648
-10.0,1,82.360648
-10.0,1,82.360648
10.0,1,82.36642
10.0,1,82.372803
10.0,1,82.373863
-10.0,1,82.375876
10.0,1,82.377804
10.0,1,82.384783
-10.0,1,82.387292
-10.0,1,82.389297
-10.0,1,82.391303
10.0,1,82.397402
-10.0,1,82.399406
-10.0,1,82.401411
-10.0,1,82.403417
10.0,1,82.409913
10.0,1,82.412476
10.0,1,82.414935
-10.0,1,82.414935
10.0,1,82.422369
10.0,1,82.425284
3.0,1,82.425284
10.0,1,82.427292
-10.0,1,82.436908
3.0,1,82.436908
-10.0,1,82.438913
10.0,1,82.440918
10.0,1,82.451904
10.0,1,82.451904
10.0,1,82.456237
10.0,1,82.456237
3.0,1,82.466567
10.0,1,82.468572
10.0,1,82.470577
10.0,1,82.472582
-10.0,1,82.480532
-10.0,1,82.481656
-10.0,1,82.483095
10.0,1,82.485039
-10.0,1,82.49308
10.0,1,82.495084
10.0,1,82.499399
10.0,1,82.499399
-10.0,1,82.508326
10.0,1,82.510942
10.0,1,82.510942
10.0,1,82.515242
10.0,1,82.522008
-10.0,1,82.523014
10.0,1,82.526494
10.0,1,82.528699
3.0,1,82.535345
10.0,1,82.535345
3.0,1,82.53804
10.0,1,82.540317
10.0,1,82.54827
10.0,1,82.5493
-10.0,1,82.551107
10.0,1,82.554024
-10.0,1,82.561101
-10.0,1,82.562177
-10.0,1,82.563609
-10.0,1,82.565094
10.0,1,82.57612
10.0,1,82.578546
10.0,1,82.581041
-10.0,1,82.581041
-10.0,1,82.589367
10.0,1,82.590393
-10.0,1,82.592233
10.0,1,82.594371
-10.0,1,82.601256
10.0,1,82.605126
10.0,1,82.607752
10.0,1,82.607752
10.0,1,82.615807
-10.0,1,82.617314
10.0,1,82.620155
10.0,1,82.620155
10.0,1,82.629134
10.0,1,82.629134
-10.0,1,82.632506
10.0,1,82.636197
-10.0,1,82.641561
10.0,1,82.641561
10.0,1,82.645263
-10.0,1,82.648199
10.0,1,82.655931
10.0,1,82.658978
-10.0,1,82.658978
10.0,1,82.662486
-10.0,1,82.667964
-10.0,1,82.669969
3.0,1,82.671975
3.0,1,82.671975
-10.0,1,82.678837
-10.0,1,82.681414
-10.0,1,82.681414
3.0,1,82.68743
10.0,1,82.693256
10.0,1,82.696266
-10.0,1,82.698271
-10.0,1,82.698271
-10.0,1,82.705604
10.0,1,82.707608
10.0,1,82.709612
-10.0,1,82.711617
-10.0,1,82.717739
10.0,1,82.719745
10.0,1,82.72175
-10.0,1,82.723754
10.0,1,82.731694
-10.0,1,82.733699
10.0,1,82.735705
10.0,1,82.73771
10.0,1,82.745569
-10.0,1,82.745569
10.0,1,82.745569
10.0,1,82.75235
10.0,1,82.758647
10.0,1,82.758647
10.0,1,82.764659
-10.0,1,82.764659
10.0,1,82.773571
-10.0,1,82.775637
3.0,1,82.776691
10.0,1,82.780125
10.0,1,82.786058
10.0,1,82.788984
-10.0,1,82.790489
-10.0,1,82.791494
-10.0,1,82.800602
10.0,1,82.802607
-10.0,1,82.804612
-10.0,1,82.806358
-10.0,1,82.814628
10.0,1,82.81718
-10.0,1,82.81718
-10.0,1,82.819264
3.0,1,82.826087
-10.0,1,82.828093
10.0,1,82.830097
10.0,1,82.832101
10.0,1,82.840116
10.0,1,82.842647
3.0,1,82.842647
10.0,1,82.847271
10.0,1,82.853312
10.0,1,82.855317
-10.0,1,82.857322
10.0,1,82.859327
10.0,1,82.867705
10.0,1,82.871447
10.0,1,82.871447
-10.0,1,82.873542
10.0,1,82.881021
10.0,1,82.884131
10.0,1,82.886225
-10.0,1,82.887732
10.0,1,82.894929
10.0,1,82.894929
-10.0,1,82.896851
10.0,1,82.900293
-10.0,1,82.908895
-10.0,1,82.9109
-10.0,1,82.912905
10.0,1,82.914911
10.0,1,82.92188
-10.0,1,82.923885
10.0,1,82.925889
-10.0,1,82.927894
10.0,1,82.936554
3.0,1,82.936554
-10.0,1,82.938832
-10.0,1,82.940482
-10.0,1,82.948252
-10.0,1,82.950257
-10.0,1,82.952262
10.0,1,82.954267
-10.0,1,82.961411
10.0,1,82.962545
-10.0,1,82.965533
10.0,1,82.966753
-10.0,1,82.974351
-10.0,1,82.975412
10.0,1,82.978247
10.0,1,82.98042
-10.0,1,82.986443
10.0,1,82.987948
10.0,1,82.989953
3.0,1,82.991958
-10.0,1,82.999622
-10.0,1,83.002598
-10.0,1,83.002598
-10.0,1,83.004844
-10.0,1,83.013248
10.0,1,83.017974
10.0,1,83.017974
-10.0,1,83.02029
10.0,1,83.027824
-10.0,1,83.027824
-10.0,1,83.031814
10.0,1,83.033151
-10.0,1,83.041538
10.0,1,83.042558
3.0,1,83.043603
3.0,1,83.04525
10.0,1,83.05207
-10.0,1,83.056174
-10.0,1,83.056174
10.0,1,83.059682
3.0,1,83.066778
-10.0,1,83.066778
10.0,1,83.069001
10.0,1,83.070402
-10.0,1,83.077381
-10.0,1,83.078812
10.0,1,83.082516
-10.0,1,83.082516
10.0,1,83.090256
-10.0,1,83.092313
-10.0,1,83.092313
-10.0,1,83.094422
10.0,1,83.102742
10.0,1,83.102742
10.0,1,83.104877
10.0,1,83.109119
-10.0,1,83.113492
10.0,1,83.115534
-10.0,1,83.117347
10.0,1,83.120878
10.0,1,83.131603
-10.0,1,83.131603
-10.0,1,83.134241
10.0,1,83.136594
-10.0,1,83.144773
10.0,1,83.145813
10.0,1,83.149128
3.0,1,83.149128
10.0,1,83.156863
-10.0,1,83.158869
-10.0,1,83.160873
10.0,1,83.162878
-10.0,1,83.170312
-10.0,1,83.17146
10.0,1,83.172884
10.0,1,83.174898
10.0,1,83.184649
3.0,1,83.184649
-10.0,1,83.187468
10.0,1,83.188977
10.0,1,83.195636
10.0,1,83.197641
-10.0,1,83.199647
10.0,1,83.201652
10.0,1,83.209767
-10.0,1,83.210786
-10.0,1,83.21289
10.0,1,83.214238
-10.0,1,83.220917
-10.0,1,83.222922
10.0,1,83.224927
10.0,1,83.226932
10.0,1,83.237266
10.0,1,83.24091
-10.0,1,83.24091
-10.0,1,83.242914
10.0,1,83.249261
10.0,1,83.251267
-10.0,1,83.253272
-10.0,1,83.255276
-10.0,1,83.261243
10.0,1,83.264963
10.0,1,83.264963
-10.0,1,83.267464
10.0,1,83.276352
-10.0,1,83.276352
3.0,1,83.276352
10.0,1,83.280613
10.0,1,83.287397
10.0,1,83.290576
10.0,1,83.290576
10.0,1,83.294566
10.0,1,83.300609
10.0,1,83.30462
-10.0,1,83.30462
10.0,1,83.306624
10.0,1,83.314809
10.0,1,83.31795
10.0,1,83.320169
10.0,1,83.320169
10.0,1,83.328374
10.0,1,83.329585
10.0,1,83.333682
10.0,1,83.336233
-10.0,1,83.341634
-10.0,1,83.344909
10.0,1,83.344909
10.0,1,83.344909
-10.0,1,83.359703
10.0,1,83.362352
-10.0,1,83.362352
10.0,1,83.366334
-10.0,1,83.372879
10.0,1,83.373905
-10.0,1,83.375028
-10.0,1,83.376928
10.0,1,83.384724
-10.0,1,83.386729
10.0,1,83.388734
10.0,1,83.390739
10.0,1,83.400323
-10.0,1,83.400323
10.0,1,83.400323
-10.0,1,83.403981
-10.0,1,83.411447
10.0,1,83.411447
10.0,1,83.414126
-10.0,1,83.416193
-10.0,1,83.422318
10.0,1,83.422318
10.0,1,83.422318
-10.0,1,83.422318
10.0,1,83.438394
-10.0,1,83.439475
10.0,1,83.44142
10.0,1,83.445446
-10.0,1,83.452781
-10.0,1,83.454308
-10.0,1,83.454308
10.0,1,83.46179
10.0,1,83.470145
-10.0,1,83.470145
10.0,1,83.475229
10.0,1,83.477376
10.0,1,83.485325
-10.0,1,83.486494
-10.0,1,83.487832
10.0,1,83.489342
10.0,1,83.49734
10.0,1,83.498389
-10.0,1,83.502399
10.0,1,83.505065
-10.0,1,83.511221
10.0,1,83.515232
-10.0,1,83.516977
-10.0,1,83.518982
10.0,1,83.525648
10.0,1,83.529073
10.0,1,83.529073
-10.0,1,83.531335
-10.0,1,83.538832
-10.0,1,83.539908
3.0,1,83.541453
10.0,1,83.542794
10.0,1,83.552228
10.0,1,83.552228
-10.0,1,83.554355
-10.0,1,83.556654
-10.0,1,83.563437
10.0,1,83.568519
-10.0,1,83.568519
10.0,1,83.568519
10.0,1,83.579306
-10.0,1,83.580331
10.0,1,83.584528
10.0,1,83.584528
10.0,1,83.593249
10.0,1,83.594281
10.0,1,83.598661
10.0,1,83.601508
10.0,1,83.609337
10.0,1,83.612347
10.0,1,83.614351
10.0,1,83.616355
10.0,1,83.624893
-10.0,1,83.624893
10.0,1,83.628429
10.0,1,83.628937
-10.0,1,83.637478
10.0,1,83.639484
-10.0,1,83.641489
3.0,1,83.643494
10.0,1,83.648559
10.0,1,83.650565
-10.0,1,83.65257
10.0,1,83.654575
10.0,1,83.663627
-10.0,1,83.663627
-10.0,1,83.66619
10.0,1,83.669199
-10.0,1,83.674874
-10.0,1,83.675901
10.0,1,83.675901
10.0,1,83.675901
10.0,1,83.69129
-10.0,1,83.692461
-10.0,1,83.694235
-10.0,1,83.69571
10.0,1,83.702755
-10.0,1,83.703799
10.0,1,83.707305
10.0,1,83.710161
10.0,1,83.717837
-10.0,1,83.717837
10.0,1,83.719855
10.0,1,83.721262
10.0,1,83.729254
10.0,1,83.733264
10.0,1,83.735268
10.0,1,83.737273
10.0,1,83.744016
10.0,1,83.745035
10.0,1,83.748623
-10.0,1,83.748623
-10.0,1,83.757219
10.0,1,83.759773
-10.0,1,83.761057
10.0,1,83.762162
3.0,1,83.770223
10.0,1,83.773439
10.0,1,83.77596
10.0,1,83.777995
10.0,1,83.784366
10.0,1,83.788882
-10.0,1,83.788882
-10.0,1,83.788882
10.0,1,83.801452
-10.0,1,83.803199
10.0,1,83.805204
10.0,1,83.807209
10.0,1,83.817081
10.0,1,83.81883
10.0,1,83.819842
-10.0,1,83.82146
10.0,1,83.828923
3.0,1,83.829941
-10.0,1,83.831592
10.0,1,83.833391
-10.0,1,83.840817
-10.0,1,83.842822
10.0,1,83.844827
10.0,1,83.846832
3.0,1,83.85344
-10.0,1,83.854454
-10.0,1,83.85646
-10.0,1,83.857614
10.0,1,83.865741
-10.0,1,83.867746
10.0,1,83.869751
10.0,1,83.871756
10.0,1,83.881094
-10.0,1,83.883535
-10.0,1,83.885307
-10.0,1,83.886695
10.0,1,83.894276
10.0,1,83.896786
10.0,1,83.897794
-10.0,1,83.903517
-10.0,1,83.910942
10.0,1,83.911978
10.0,1,83.916709
3.0,1,83.916709
10.0,1,83.927876
-10.0,1,83.929885
10.0,1,83.929885
10.0,1,83.93189
-10.0,1,83.933895
10.0,1,83.933895
-10.0,1,83.943963
10.0,1,83.943963
-10.0,1,83.955313
10.0,1,83.957318
-10.0,1,83.959323
10.0,1,83.961328
10.0,1,83.968165
-10.0,1,83.97017
10.0,1,83.974179
-10.0,1,83.975184
10.0,1,83.984195
10.0,1,83.986382
3.0,1,83.986382
-10.0,1,83.988888
-10.0,1,83.995993
-10.0,1,83.995993
-10.0,1,83.997998
10.0,1,84.000003
10.0,1,84.007874
10.0,1,84.011183
-10.0,1,84.01447
10.0,1,84.017058
3.0,1,84.022013
10.0,1,84.022013
-10.0,1,84.022013
-10.0,1,84.022013
-10.0,1,84.035663
-10.0,1,84.037668
10.0,1,84.037668
-10.0,1,84.040855
10.0,1,84.047426
-10.0,1,84.04964
10.0,1,84.051781
10.0,1,84.054465
10.0,1,84.06051
10.0,1,84.062516
-10.0,1,84.06452
10.0,1,84.066525
10.0,1,84.074697
-10.0,1,84.075794
-10.0,1,84.077872
-10.0,1,84.080769
10.0,1,84.087959
-10.0,1,84.088964
10.0,1,84.088964
10.0,1,84.088964
10.0,1,84.100282
-10.0,1,84.102371
10.0,1,84.104133
-10.0,1,84.107593
-10.0,1,84.11403
10.0,1,84.115461
-10.0,1,84.115461
-10.0,1,84.115461
-10.0,1,84.132268
-10.0,1,84.132268
10.0,1,84.135197
-10.0,1,84.136671
-10.0,1,84.144165
10.0,1,84.147175
10.0,1,84.14918
10.0,1,84.151185
10.0,1,84.158444
-10.0,1,84.159492
10.0,1,84.163241
-10.0,1,84.163747
10.0,1,84.171771
-10.0,1,84.174964
10.0,1,84.177289
10.0,1,84.18004
10.0,1,84.186671
10.0,1,84.190237
10.0,1,84.192306
10.0,1,84.194058
10.0,1,84.200164
-10.0,1,84.202169
10.0,1,84.204174
10.0,1,84.206179
-10.0,1,84.214002
10.0,1,84.216007
10.0,1,84.218012
10.0,1,84.222021
10.0,1,84.230799
10.0,1,84.233907
10.0,1,84.233907
10.0,1,84.233907
10.0,1,84.247063
-10.0,1,84.249073
10.0,1,84.251079
10.0,1,84.253084
-10.0,1,84.258729
10.0,1,84.261727
10.0,1,84.266189
10.0,1,84.268663
-10.0,1,84.274854
-10.0,1,84.276859
10.0,1,84.278863
10.0,1,84.280869
10.0,1,84.287973
10.0,1,84.29155
10.0,1,84.294045
10.0,1,84.294045
-10.0,1,84.302844
-10.0,1,84.302844
10.0,1,84.306595
-10.0,1,84.308599
-10.0,1,84.314949
-10.0,1,84.316954
10.0,1,84.318959
-10.0,1,84.318959
10.0,1,84.32701
10.0,1,84.332097
10.0,1,84.334102
-10.0,1,84.336107
10.0,1,84.345083
-10.0,1,84.347088
-10.0,1,84.349093
10.0,1,84.353102
10.0,1,84.360759
-10.0,1,84.361978
10.0,1,84.365988
10.0,1,84.367993
-10.0,1,84.3741
10.0,1,84.376105
-10.0,1,84.37811
-10.0,1,84.380115
-10.0,1,84.387976
10.0,1,84.389486
10.0,1,84.39149
-10.0,1,84.393494
10.0,1,84.40088
10.0,1,84.402628
10.0,1,84.407215
10.0,1,84.407215
-10.0,1,84.415214
-10.0,1,84.417218
-10.0,1,84.418723
-10.0,1,84.420728
10.0,1,84.427527
10.0,1,84.429533
10.0,1,84.431538
10.0,1,84.434547
3.0,1,84.442209
10.0,1,84.445188
10.0,1,84.447254
10.0,1,84.447254
-10.0,1,84.458021
10.0,1,84.461056
-10.0,1,84.461056
10.0,1,84.463345
-10.0,1,84.471109
-10.0,1,84.473114
10.0,1,84.47512
10.0,1,84.477125
10.0,1,84.485263
-10.0,1,84.487268
10.0,1,84.489774
-10.0,1,84.491779
-10.0,1,84.497826
-10.0,1,84.499467
-10.0,1,84.502052
-10.0,1,84.502052
3.0,1,84.509765
10.0,1,84.510844
10.0,1,84.514612
10.0,1,84.514612
10.0,1,84.524158
-10.0,1,84.524158
10.0,1,84.526162
-10.0,1,84.528167
-10.0,1,84.535556
10.0,1,84.537561
10.0,1,84.539566
-10.0,1,84.541571
3.0,1,84.548169
10.0,1,84.550174
-10.0,1,84.55218
-10.0,1,84.554184
10.0,1,84.562179
-10.0,1,84.565187
10.0,1,84.567192
10.0,1,84.571202
10.0,1,84.579574
3.0,1,84.581581
-10.0,1,84.581581
10.0,1,84.585591
10.0,1,84.592586
-10.0,1,84.595875
10.0,1,84.598118
-10.0,1,84.598118
-10.0,1,84.60627
-10.0,1,84.607285
10.0,1,84.611268
10.0,1,84.611268
10.0,1,84.620016
-10.0,1,84.621056
-10.0,1,84.624565
10.0,1,84.62674
10.0,1,84.633444
10.0,1,84.636546
10.0,1,84.636546
10.0,1,84.638861
10.0,1,84.646662
10.0,1,84.649889
10.0,1,84.649889
10.0,1,84.6544
-10.0,1,84.661127
10.0,1,84.662143
10.0,1,84.665717
-10.0,1,84.665717
10.0,1,84.676662
10.0,1,84.677702
-10.0,1,84.679727
10.0,1,84.681945
10.0,1,84.691497
-10.0,1,84.691497
10.0,1,84.694865
-10.0,1,84.694865
10.0,1,84.703834
10.0,1,84.7049
-10.0,1,84.707019
-10.0,1,84.709084
10.0,1,84.716506
10.0,1,84.719517
-10.0,1,84.721522
10.0,1,84.723527
10.0,1,84.733046
-10.0,1,84.733046
10.0,1,84.737355
10.0,1,84.739359
10.0,1,84.747454
10.0,1,84.749459
-10.0,1,84.75321
10.0,1,84.755217
-10.0,1,84.761238
-10.0,1,84.763241
-10.0,1,84.763241
-10.0,1,84.766509
-10.0,1,84.775006
-10.0,1,84.776019
10.0,1,84.779322
10.0,1,84.779322
-10.0,1,84.789746
-10.0,1,84.791394
-10.0,1,84.793399
10.0,1,84.795404
-10.0,1,84.805033
-10.0,1,84.805033
-10.0,1,84.807038
-10.0,1,84.809043
10.0,1,84.818054
10.0,1,84.820418
-10.0,1,84.820418
10.0,1,84.822476
-10.0,1,84.829998
-10.0,1,84.829998
10.0,1,84.834745
-10.0,1,84.834745
10.0,1,84.843058
-10.0,1,84.845063
-10.0,1,84.846067
-10.0,1,84.848073
10.0,1,84.85411
10.0,1,84.856115
10.0,1,84.860125
10.0,1,84.86187
10.0,1,84.868547
3.0,1,84.869599
10.0,1,84.871444
-10.0,1,84.871444
-10.0,1,84.881397
-10.0,1,84.883402
-10.0,1,84.885407
-10.0,1,84.887412
10.0,1,84.894177
-10.0,1,84.894177
10.0,1,84.894177
10.0,1,84.894177
10.0,1,84.910599
-10.0,1,84.913774
10.0,1,84.913774
-10.0,1,84.915865
10.0,1,84.924575
10.0,1,84.924575
10.0,1,84.929243
10.0,1,84.929243
10.0,1,84.937167
-10.0,1,84.939173
10.0,1,84.940677
10.0,1,84.942683
-10.0,1,84.949662
10.0,1,84.951668
-10.0,1,84.953672
3.0,1,84.955677
-10.0,1,84.963345
10.0,1,84.96535
-10.0,1,84.967355
-10.0,1,84.96936
10.0,1,84.974911
10.0,1,84.976916
10.0,1,84.978921
-10.0,1,84.980927
10.0,1,84.989349
-10.0,1,84.991858
10.0,1,84.993862
-10.0,1,84.995867
10.0,1,85.002999
-10.0,1,85.004031
-10.0,1,85.004031
10.0,1,85.011759
10.0,1,85.019344
10.0,1,85.02196
-10.0,1,85.024287
-10.0,1,85.024287
-10.0,1,85.033221
10.0,1,85.036306
-10.0,1,85.036306
10.0,1,85.03967
-10.0,1,85.0463
10.0,1,85.047329
-10.0,1,85.048363
10.0,1,85.051371
10.0,1,85.059285
10.0,1,85.060309
-10.0,1,85.062407
-10.0,1,85.064373
10.0,1,85.073463
10.0,1,85.075468
10.0,1,85.077473
10.0,1,85.079478
10.0,1,85.08538
10.0,1,85.089391
-10.0,1,85.089895
10.0,1,85.0919
-10.0,1,85.099601
-10.0,1,85.101606
10.0,1,85.103611
-10.0,1,85.105616
10.0,1,85.111647
10.0,1,85.113652
-10.0,1,85.115398
-10.0,1,85.115398
10.0,1,85.126503
10.0,1,85.130514
10.0,1,85.131518
10.0,1,85.133524
10.0,1,85.142504
-10.0,1,85.142504
10.0,1,85.146132
10.0,1,85.148644
10.0,1,85.15663
10.0,1,85.159172
-10.0,1,85.159172
-10.0,1,85.161336
10.0,1,85.169346
10.0,1,85.172165
10.0,1,85.174685
10.0,1,85.174685
-10.0,1,85.182182
-10.0,1,85.184187
10.0,1,85.186192
10.0,1,85.190202
10.0,1,85.195778
-10.0,1,85.197783
-10.0,1,85.199788
-10.0,1,85.201793
-10.0,1,85.20835
10.0,1,85.210354
10.0,1,85.211859
-10.0,1,85.213865
-10.0,1,85.221236
-10.0,1,85.223241
10.0,1,85.225246
10.0,1,85.231283
-10.0,1,85.238437
10.0,1,85.241642
-10.0,1,85.243149
10.0,1,85.245731
10.0,1,85.251789
-10.0,1,85.253795
-10.0,1,85.2558
-10.0,1,85.257804
-10.0,1,85.265714
-10.0,1,85.266742
-10.0,1,85.267969
3.0,1,85.270775
10.0,1,85.278997
-10.0,1,85.278997
10.0,1,85.281002
10.0,1,85.283007
-10.0,1,85.290272
-10.0,1,85.292276
-10.0,1,85.294281
-10.0,1,85.294281
10.0,1,85.303766
-10.0,1,85.305361
10.0,1,85.306368
10.0,1,85.308373
-10.0,1,85.316251
10.0,1,85.319336
10.0,1,85.319336
10.0,1,85.324557
10.0,1,85.332624
10.0,1,85.335539
10.0,1,85.335539
10.0,1,85.342483
-10.0,1,85.349966
-10.0,1,85.351007
10.0,1,85.353759
10.0,1,85.356675
10.0,1,85.362632
-10.0,1,85.364637
10.0,1,85.366642
-10.0,1,85.368647
10.0,1,85.375224
10.0,1,85.377229
10.0,1,85.379234
10.0,1,85.381239
-10.0,1,85.388737
3.0,1,85.390243
10.0,1,85.392246
-10.0,1,85.394252
10.0,1,85.40158
-10.0,1,85.402585
10.0,1,85.404639
10.0,1,85.406065
10.0,1,85.415847
10.0,1,85.416883
-10.0,1,85.41907
10.0,1,85.421097
10.0,1,85.427447
10.0,1,85.429452
-10.0,1,85.431457
-10.0,1,85.432962
10.0,1,85.439463
10.0,1,85.442444
10.0,1,85.444736
-10.0,1,85.444736
-10.0,1,85.454252
10.0,1,85.456257
10.0,1,85.458265
-10.0,1,85.46027
10.0,1,85.467787
10.0,1,85.469792
10.0,1,85.471797
10.0,1,85.473801
-10.0,1,85.481747
10.0,1,85.485758
10.0,1,85.487762
10.0,1,85.490272
-10.0,1,85.496078
-10.0,1,85.498177
-10.0,1,85.499903
-10.0,1,85.501957
10.0,1,85.509313
10.0,1,85.511318
-10.0,1,85.513323
-10.0,1,85.513323
10.0,1,85.520869
10.0,1,85.522874
10.0,1,85.524879
10.0,1,85.528889
10.0,1,85.536847
10.0,1,85.536847
10.0,1,85.538963
10.0,1,85.542852
-10.0,1,85.548932
-10.0,1,85.550936
-10.0,1,85.550936
10.0,1,85.552941
10.0,1,85.563574
-10.0,1,85.563574
-10.0,1,85.563574
10.0,1,85.567261
10.0,1,85.57466
10.0,1,85.576665
10.0,1,85.578671
10.0,1,85.580676
10.0,1,85.588029
10.0,1,85.590534
-10.0,1,85.59254
-10.0,1,85.594506
10.0,1,85.60365
-10.0,1,85.605655
10.0,1,85.608665
10.0,1,85.61067
10.0,1,85.612675
10.0,1,85.612675
10.0,1,85.622783
-10.0,1,85.622783
10.0,1,85.631979
10.0,1,85.635197
-10.0,1,85.635197
10.0,1,85.638709
3.0,1,85.645284
-10.0,1,85.646318
10.0,1,85.648103
-10.0,1,85.649893
-10.0,1,85.657243
10.0,1,85.659249
-10.0,1,85.661254
-10.0,1,85.663258
10.0,1,85.67059
-10.0,1,85.676478
10.0,1,85.678483
10.0,1,85.680487
10.0,1,85.688639
-10.0,1,85.690644
10.0,1,85.690644
-10.0,1,85.692649
10.0,1,85.702758
10.0,1,85.704764
-10.0,1,85.704764
-10.0,1,85.706769
3.0,1,85.713245
10.0,1,85.717595
10.0,1,85.718623
10.0,1,85.718623
10.0,1,85.727676
-10.0,1,85.729682
-10.0,1,85.731687
10.0,1,85.734697
3.0,1,85.740618
-10.0,1,85.742623
-10.0,1,85.744628
10.0,1,85.746633
10.0,1,85.753726
10.0,1,85.756541
10.0,1,85.760929
10.0,1,85.763189
10.0,1,85.771414
10.0,1,85.77342
-10.0,1,85.775425
10.0,1,85.777429
3.0,1,85.787872
10.0,1,85.790882
10.0,1,85.792886
10.0,1,85.794892
3.0,1,85.801178
10.0,1,85.803183
10.0,1,85.805188
10.0,1,85.809198
-10.0,1,85.814314
10.0,1,85.816318
-10.0,1,85.818322
10.0,1,85.818322
10.0,1,85.827484
3.0,1,85.829489
10.0,1,85.831494
10.0,1,85.835504
10.0,1,85.843143
10.0,1,85.845148
-10.0,1,85.847153
-10.0,1,85.849158
10.0,1,85.855934
10.0,1,85.85794
10.0,1,85.860949
10.0,1,85.862955
-10.0,1,85.871155
10.0,1,85.872171
-10.0,1,85.873499
-10.0,1,85.873499
10.0,1,85.882838
10.0,1,85.885307
-10.0,1,85.885307
10.0,1,85.889907
10.0,1,85.898566
10.0,1,85.902576
10.0,1,85.904581
10.0,1,85.906585
10.0,1,85.913623
-10.0,1,85.915628
-10.0,1,85.917632
10.0,1,85.919637
10.0,1,85.927792
10.0,1,85.929797
-10.0,1,85.931802
10.0,1,85.933807
-10.0,1,85.941559
10.0,1,85.941559
10.0,1,85.94366
3.0,1,85.946394
-10.0,1,85.954221
-10.0,1,85.955458
10.0,1,85.957361
10.0,1,85.958756
10.0,1,85.96611
-10.0,1,85.968114
-10.0,1,85.970119
-10.0,1,85.971124
10.0,1,85.981047
-10.0,1,85.981047
10.0,1,85.983218
10.0,1,85.984483
-10.0,1,85.992841
3.0,1,85.993962
10.0,1,85.997828
10.0,1,85.997828
10.0,1,86.008303
-10.0,1,86.010308
-10.0,1,86.012313
-10.0,1,86.012313
-10.0,1,86.020476
10.0,1,86.020476
-10.0,1,86.022636
10.0,1,86.026089
10.0,1,86.033185
-10.0,1,86.034712
10.0,1,86.034712
-10.0,1,86.036974
-10.0,1,86.04555
-10.0,1,86.046587
10.0,1,86.04997
-10.0,1,86.04997
10.0,1,86.058447
-10.0,1,86.060453
10.0,1,86.062458
-10.0,1,86.064464
10.0,1,86.07118
10.0,1,86.073184
3.0,1,86.075189
-10.0,1,86.077195
10.0,1,86.084294
10.0,1,86.088304
10.0,1,86.090309
-10.0,1,86.090813
-10.0,1,86.097506
10.0,1,86.099511
-10.0,1,86.101516
10.0,1,86.103521
10.0,1,86.110931
-10.0,1,86.113497
-10.0,1,86.114501
10.0,1,86.114501
10.0,1,86.128518
10.0,1,86.131528
10.0,1,86.133533
-10.0,1,86.133533
-10.0,1,86.140589
10.0,1,86.142595
10.0,1,86.145604
-10.0,1,86.14761
-10.0,1,86.154922
3.0,1,86.15805
-10.0,1,86.15805
-10.0,1,86.160054
10.0,1,86.167077
3.0,1,86.168121
-10.0,1,86.16993
-10.0,1,86.16993
10.0,1,86.179511
-10.0,1,86.179511
10.0,1,86.181614
10.0,1,86.184896
10.0,1,86.190912
-10.0,1,86.192918
10.0,1,86.192918
-10.0,1,86.192918
-10.0,1,86.204686
-10.0,1,86.205701
10.0,1,86.207158
10.0,1,86.208906
10.0,1,86.216284
3.0,1,86.218289
-10.0,1,86.220294
10.0,1,86.222299
-10.0,1,86.233089
3.0,1,86.236149
-10.0,1,86.236149
-10.0,1,86.238154
10.0,1,86.246474
10.0,1,86.246474
10.0,1,86.248867
10.0,1,86.250907
-10.0,1,86.259404
-10.0,1,86.26078
-10.0,1,86.262362
-10.0,1,86.263604
-10.0,1,86.270943
10.0,1,86.271948
10.0,1,86.275959
-10.0,1,86.275959
10.0,1,86.282893
10.0,1,86.284898
-10.0,1,86.286903
3.0,1,86.287908
-10.0,1,86.294898
-10.0,1,86.296902
-10.0,1,86.296902
10.0,1,86.300911
-10.0,1,86.30722
-10.0,1,86.309224
10.0,1,86.311229
10.0,1,86.313234
-10.0,1,86.321149
-10.0,1,86.323153
10.0,1,86.325157
10.0,1,86.327162
-10.0,1,86.334664
10.0,1,86.339218
10.0,1,86.343087
10.0,1,86.343087
-10.0,1,86.351392
10.0,1,86.353397
10.0,1,86.355402
10.0,1,86.357407
10.0,1,86.364742
-10.0,1,86.366747
10.0,1,86.368752
10.0,1,86.370757
10.0,1,86.378116
10.0,1,86.380122
10.0,1,86.384132
-10.0,1,86.384132
-10.0,1,86.390882
10.0,1,86.392887
-10.0,1,86.394892
10.0,1,86.396897
-10.0,1,86.404151
10.0,1,86.406156
-10.0,1,86.406156
10.0,1,86.410165
10.0,1,86.41687
-10.0,1,86.417893
-10.0,1,86.420079
3.0,1,86.421329
10.0,1,86.428975
-10.0,1,86.428975
-10.0,1,86.428975
10.0,1,86.428975
-10.0,1,86.444903
10.0,1,86.446039
-10.0,1,86.446039
10.0,1,86.455725
10.0,1,86.462641
10.0,1,86.464646
10.0,1,86.468656
10.0,1,86.470662
-10.0,1,86.478246
-10.0,1,86.479775
-10.0,1,86.481779
10.0,1,86.483784
10.0,1,86.490973
-10.0,1,86.492719
10.0,1,86.494725
10.0,1,86.49673
-10.0,1,86.505095
-10.0,1,86.505095
-10.0,1,86.5071
-10.0,1,86.508846
10.0,1,86.515303
-10.0,1,86.517308
-10.0,1,86.519312
-10.0,1,86.521317
10.0,1,86.528372
-10.0,1,86.530377
-10.0,1,86.532382
-10.0,1,86.534386
10.0,1,86.542666
3.0,1,86.544672
-10.0,1,86.544672
10.0,1,86.546676
10.0,1,86.55446
-10.0,1,86.558701
-10.0,1,86.560705
-10.0,1,86.562717
10.0,1,86.569607
10.0,1,86.571612
-10.0,1,86.573617
10.0,1,86.577628
10.0,1,86.584318
10.0,1,86.589252
10.0,1,86.591257
10.0,1,86.593261
-10.0,1,86.600252
10.0,1,86.601272
-10.0,1,86.605229
10.0,1,86.608569
-10.0,1,86.61529
10.0,1,86.617295
10.0,1,86.621047
10.0,1,86.623052
10.0,1,86.629707
10.0,1,86.631712
-10.0,1,86.633717
10.0,1,86.636728
10.0,1,86.642375
10.0,1,86.646877
-10.0,1,86.646877
-10.0,1,86.649447
3.0,1,86.656144
10.0,1,86.660154
-10.0,1,86.660154
10.0,1,86.662159
10.0,1,86.673698
-10.0,1,86.673698
-10.0,1,86.675703
10.0,1,86.677708
10.0,1,86.685554
10.0,1,86.687559
10.0,1,86.689564
10.0,1,86.691569
10.0,1,86.699132
-10.0,1,86.701137
10.0,1,86.703143
10.0,1,86.705148
3.0,1,86.713258
10.0,1,86.715263
10.0,1,86.717268
-10.0,1,86.719272
10.0,1,86.727195
10.0,1,86.72894
10.0,1,86.730946
-10.0,1,86.732951
10.0,1,86.739146
10.0,1,86.743156
-10.0,1,86.743156
-10.0,1,86.744902
10.0,1,86.753471
10.0,1,86.755476
10.0,1,86.75748
10.0,1,86.759484
10.0,1,86.766752
10.0,1,86.767791
10.0,1,86.772154
10.0,1,86.772154
10.0,1,86.783505
10.0,1,86.783505
10.0,1,86.783505
-10.0,1,86.791543
-10.0,1,86.799659
10.0,1,86.802027
10.0,1,86.804175
-10.0,1,86.804175
10.0,1,86.813018
10.0,1,86.813018
10.0,1,86.817415
-10.0,1,86.817415
10.0,1,86.82642
10.0,1,86.82903
10.0,1,86.82903
10.0,1,86.831191
-10.0,1,86.838556
-10.0,1,86.840561
3.0,1,86.842567
10.0,1,86.844573
10.0,1,86.853044
10.0,1,86.855049
10.0,1,86.858559
10.0,1,86.860564
10.0,1,86.866786
10.0,1,86.868791
10.0,1,86.872542
-10.0,1,86.874547
-10.0,1,86.881002
10.0,1,86.882011
10.0,1,86.883084
10.0,1,86.887269
10.0,1,86.895913
10.0,1,86.899923
10.0,1,86.901927
10.0,1,86.903932
10.0,1,86.912672
-10.0,1,86.912672
-10.0,1,86.914677
-10.0,1,86.916681
-10.0,1,86.924343
-10.0,1,86.924343
10.0,1,86.926693
-10.0,1,86.928073
-10.0,1,86.935842
3.0,1,86.935842
-10.0,1,86.938094
-10.0,1,86.939919
-10.0,1,86.946483
-10.0,1,86.948488
-10.0,1,86.948488
10.0,1,86.951498
10.0,1,86.958394
10.0,1,86.962403
-10.0,1,86.962403
-10.0,1,86.964409
10.0,1,86.971911
-10.0,1,86.971911
10.0,1,86.976222
10.0,1,86.978755
10.0,1,86.984768
10.0,1,86.986773
-10.0,1,86.988779
-10.0,1,86.990783
-10.0,1,86.997189
-10.0,1,86.998936
10.0,1,87.003373
10.0,1,87.005378
-10.0,1,87.013779
3.0,1,87.014785
10.0,1,87.01679
-10.0,1,87.018795
-10.0,1,87.0208
-10.0,1,87.0208
-10.0,1,87.0208
-10.0,1,87.030595
10.0,1,87.03958
-10.0,1,87.03958
-10.0,1,87.03958
-10.0,1,87.042542
10.0,1,87.049954
10.0,1,87.053964
-10.0,1,87.055969
-10.0,1,87.055969
10.0,1,87.063848
10.0,1,87.065853
-10.0,1,87.067858
-10.0,1,87.069864
-10.0,1,87.077091
-10.0,1,87.079096
10.0,1,87.081102
-10.0,1,87.083107
10.0,1,87.089368
10.0,1,87.09312
10.0,1,87.095125
10.0,1,87.097131
10.0,1,87.106566
10.0,1,87.108571
10.0,1,87.108571
-10.0,1,87.114702
10.0,1,87.123845
10.0,1,87.124955
-10.0,1,87.126052
-10.0,1,87.128146
10.0,1,87.134815
10.0,1,87.136819
3.0,1,87.139829
-10.0,1,87.139829
10.0,1,87.148375
3.0,1,87.15038
10.0,1,87.152385
3.0,1,87.15439
-10.0,1,87.160864
10.0,1,87.16287
10.0,1,87.164875
10.0,1,87.166879
10.0,1,87.174596
-10.0,1,87.176601
-10.0,1,87.178606
10.0,1,87.180611
-10.0,1,87.188908
10.0,1,87.191428
-10.0,1,87.192432
-10.0,1,87.194412
10.0,1,87.203613
-10.0,1,87.204768
10.0,1,87.207827
-10.0,1,87.207827
10.0,1,87.215771
3.0,1,87.216932
-10.0,1,87.219438
10.0,1,87.224247
-10.0,1,87.231965
-10.0,1,87.23397
10.0,1,87.235476
3.0,1,87.239486
10.0,1,87.245267
-10.0,1,87.247272
10.0,1,87.251282
10.0,1,87.253287
10.0,1,87.262051
-10.0,1,87.262051
10.0,1,87.266591
10.0,1,87.266591
3.0,1,87.276489
10.0,1,87.278831
10.0,1,87.281088
10.0,1,87.282594
10.0,1,87.289911
-10.0,1,87.291415
10.0,1,87.293146
-10.0,1,87.29454
3.0,1,87.301604
10.0,1,87.303609
-10.0,1,87.305614
-10.0,1,87.307619
-10.0,1,87.317974
10.0,1,87.320902
3.0,1,87.320902
10.0,1,87.325162
10.0,1,87.334077
10.0,1,87.338087
10.0,1,87.340094
10.0,1,87.342098
10.0,1,87.351219
3.0,1,87.351219
3.0,1,87.353388
10.0,1,87.356976
-10.0,1,87.36301
10.0,1,87.365015
-10.0,1,87.36702
10.0,1,87.369025
10.0,1,87.377727
10.0,1,87.379732
10.0,1,87.381737
10.0,1,87.383742
10.0,1,87.392992
10.0,1,87.394996
10.0,1,87.397
10.0,1,87.399004
10.0,1,87.407917
10.0,1,87.408921
10.0,1,87.412499
-10.0,1,87.412499
10.0,1,87.420792
10.0,1,87.423883
-10.0,1,87.424889
-10.0,1,87.426049
-10.0,1,87.435387
10.0,1,87.437391
-10.0,1,87.439396
10.0,1,87.44424
10.0,1,87.453502
10.0,1,87.453502
10.0,1,87.459215
10.0,1,87.461535
10.0,1,87.469028
-10.0,1,87.469028
10.0,1,87.472983
10.0,1,87.473491
10.0,1,87.48107
-10.0,1,87.483075
10.0,1,87.48508
-10.0,1,87.487086
-10.0,1,87.49678
10.0,1,87.49678
-10.0,1,87.499058
10.0,1,87.503269
-10.0,1,87.510239
-10.0,1,87.512244
10.0,1,87.514248
10.0,1,87.516254
10.0,1,87.522948
10.0,1,87.524953
10.0,1,87.526958
10.0,1,87.528963
10.0,1,87.538304
10.0,1,87.541767
-10.0,1,87.541767
10.0,1,87.541767
10.0,1,87.551241
-10.0,1,87.552247
10.0,1,87.552247
-10.0,1,87.558176
10.0,1,87.565087
-10.0,1,87.568096
-10.0,1,87.570101
-10.0,1,87.570101
10.0,1,87.577674
10.0,1,87.579681
10.0,1,87.581686
10.0,1,87.583691
10.0,1,87.59387
10.0,1,87.595942
10.0,1,87.598602
10.0,1,87.600659
10.0,1,87.608022
-10.0,1,87.610027
-10.0,1,87.612031
-10.0,1,87.612031
-10.0,1,87.619003
10.0,1,87.621008
-10.0,1,87.623013
10.0,1,87.625019
-10.0,1,87.631387
10.0,1,87.633466
-10.0,1,87.635327
10.0,1,87.638794
-10.0,1,87.646078
-10.0,1,87.647095
10.0,1,87.649843
3.0,1,87.649843
-10.0,1,87.658825
3.0,1,87.659849
10.0,1,87.663078
10.0,1,87.667031
10.0,1,87.67675
10.0,1,87.679163
-10.0,1,87.680337
-10.0,1,87.681505
10.0,1,87.689856
-10.0,1,87.691361
-10.0,1,87.693079
10.0,1,87.695897
10.0,1,87.701793
10.0,1,87.703798
10.0,1,87.707808
-10.0,1,87.707808
-10.0,1,87.716363
10.0,1,87.717392
3.0,1,87.7194
-10.0,1,87.721404
10.0,1,87.727674
10.0,1,87.72968
10.0,1,87.731685
3.0,1,87.73369
10.0,1,87.741956
10.0,1,87.745967
10.0,1,87.745967
10.0,1,87.747972
10.0,1,87.757929
10.0,1,87.761032
10.0,1,87.761032
10.0,1,87.765091
-10.0,1,87.772512
10.0,1,87.775727
10.0,1,87.780616
10.0,1,87.782875
10.0,1,87.789854
10.0,1,87.793365
10.0,1,87.795371
10.0,1,87.797376
3.0,1,87.803834
10.0,1,87.805579
-10.0,1,87.807585
-10.0,1,87.80959
10.0,1,87.816187
10.0,1,87.81723
10.0,1,87.819314
10.0,1,87.823413
-10.0,1,87.829686
10.0,1,87.829686
-10.0,1,87.831896
-10.0,1,87.833915
-10.0,1,87.840357
-10.0,1,87.841392
10.0,1,87.844437
-10.0,1,87.844437
-10.0,1,87.851329
-10.0,1,87.853075
-10.0,1,87.85508
-10.0,1,87.857084
-10.0,1,87.862433
-10.0,1,87.864438
-10.0,1,87.864438
-10.0,1,87.866443
-10.0,1,87.873283
10.0,1,87.875288
10.0,1,87.877292
-10.0,1,87.879297
10.0,1,87.889705
-10.0,1,87.891209
10.0,1,87.893214
10.0,1,87.895218
10.0,1,87.904785
10.0,1,87.90679
10.0,1,87.908795
10.0,1,87.9108
-10.0,1,87.918131
-10.0,1,87.920136
10.0,1,87.92214
10.0,1,87.924146
10.0,1,87.932818
10.0,1,87.932818
10.0,1,87.937342
10.0,1,87.939942
10.0,1,87.94788
-10.0,1,87.949074
10.0,1,87.951662
-10.0,1,87.951662
3.0,1,87.958626
-10.0,1,87.96063
10.0,1,87.96063
10.0,1,87.963639
10.0,1,87.972432
10.0,1,87.974437
10.0,1,87.976442
10.0,1,87.979451
10.0,1,87.988159
-10.0,1,87.988159
10.0,1,87.991085
10.0,1,87.992089
10.0,1,88.004609
10.0,1,88.007371
10.0,1,88.009376
-10.0,1,88.011122
10.0,1,88.017661
-10.0,1,88.018703
-10.0,1,88.020587
10.0,1,88.020587
10.0,1,88.029098
10.0,1,88.033108
-10.0,1,88.033108
10.0,1,88.035113
10.0,1,88.043575
10.0,1,88.043575
-10.0,1,88.043575
10.0,1,88.043575
10.0,1,88.056721
10.0,1,88.060875
10.0,1,88.063167
-10.0,1,88.063167
10.0,1,88.070927
10.0,1,88.072932
-10.0,1,88.074438
3.0,1,88.076443
-10.0,1,88.084679
-10.0,1,88.085774
10.0,1,88.087779
-10.0,1,88.089785
10.0,1,88.097489
10.0,1,88.099547
-10.0,1,88.101552
10.0,1,88.103557
-10.0,1,88.114443
10.0,1,88.116448
3.0,1,88.118453
10.0,1,88.121463
10.0,1,88.127772
10.0,1,88.129777
-10.0,1,88.131782
-10.0,1,88.133787
10.0,1,88.143903
10.0,1,88.143903
-10.0,1,88.14619
10.0,1,88.148122
10.0,1,88.156489
10.0,1,88.157511
10.0,1,88.162097
10.0,1,88.162097
-10.0,1,88.171234
-10.0,1,88.171234
-10.0,1,88.173239
-10.0,1,88.175244
10.0,1,88.183076
10.0,1,88.185605
10.0,1,88.188737
-10.0,1,88.188737
10.0,1,88.197422
10.0,1,88.197422
10.0,1,88.201432
-10.0,1,88.203437
10.0,1,88.210629
10.0,1,88.211653
10.0,1,88.213439
-10.0,1,88.215269
10.0,1,88.225648
-10.0,1,88.225648
-10.0,1,88.225648
10.0,1,88.232233
-10.0,1,88.23899
10.0,1,88.241581
10.0,1,88.241581
-10.0,1,88.243983
10.0,1,88.25256
-10.0,1,88.254565
10.0,1,88.25657
-10.0,1,88.25657
10.0,1,88.265082
-10.0,1,88.265082
3.0,1,88.267887
-10.0,1,88.269142
10.0,1,88.275916
10.0,1,88.279926
10.0,1,88.280931
10.0,1,88.282938
10.0,1,88.291438
10.0,1,88.291438
10.0,1,88.295617
10.0,1,88.298535
-10.0,1,88.30572
10.0,1,88.306756
-10.0,1,88.308501
-10.0,1,88.31045
10.0,1,88.318221
-10.0,1,88.318221
-10.0,1,88.321331
-10.0,1,88.322715
10.0,1,88.332579
10.0,1,88.335447
-10.0,1,88.335447
10.0,1,88.339483
10.0,1,88.346351
10.0,1,88.347505
10.0,1,88.349581
10.0,1,88.351533
10.0,1,88.359347
10.0,1,88.359347
-10.0,1,88.359347
-10.0,1,88.364908
10.0,1,88.372312
10.0,1,88.375323
-10.0,1,88.377328
10.0,1,88.379333
10.0,1,88.386425
-10.0,1,88.38843
-10.0,1,88.390436
10.0,1,88.391441
-10.0,1,88.398861
-10.0,1,88.400866
10.0,1,88.40287
-10.0,1,88.404876
10.0,1,88.412485
10.0,1,88.412485
10.0,1,88.414738
10.0,1,88.418712
10.0,1,88.424689
10.0,1,88.426694
10.0,1,88.430703
10.0,1,88.432708
3.0,1,88.438341
10.0,1,88.438341
10.0,1,88.447594
10.0,1,88.447594
-10.0,1,88.45522
-10.0,1,88.457225
10.0,1,88.459229
10.0,1,88.461234
-10.0,1,88.468498
10.0,1,88.471508
10.0,1,88.473512
-10.0,1,88.473512
-10.0,1,88.482198
10.0,1,88.485236
10.0,1,88.487241
10.0,1,88.489246
-10.0,1,88.496351
10.0,1,88.498356
-10.0,1,88.498356
10.0,1,88.502369
-10.0,1,88.510599
10.0,1,88.512604
10.0,1,88.514609
-10.0,1,88.516614
3.0,1,88.522844
-10.0,1,88.52485
-10.0,1,88.526855
10.0,1,88.528859
10.0,1,88.536129
10.0,1,88.538134
10.0,1,88.540139
-10.0,1,88.542144
10.0,1,88.552708
-10.0,1,88.554715
10.0,1,88.55672
10.0,1,88.558725
10.0,1,88.567692
10.0,1,88.571702
-10.0,1,88.571702
10.0,1,88.575712
-10.0,1,88.582097
10.0,1,88.584102
-10.0,1,88.584102
-10.0,1,88.586107
10.0,1,88.595759
10.0,1,88.598391
10.0,1,88.601008
10.0,1,88.603822
-10.0,1,88.610425
3.0,1,88.611461
10.0,1,88.612638
-10.0,1,88.614613
10.0,1,88.623207
10.0,1,88.625881
10.0,1,88.627387
-10.0,1,88.628394
-10.0,1,88.636431
10.0,1,88.638458
10.0,1,88.642469
-10.0,1,88.643474
10.0,1,88.652776
10.0,1,88.654781
10.0,1,88.656786
10.0,1,88.658792
10.0,1,88.669544
-10.0,1,88.67155
10.0,1,88.67456
3.0,1,88.676564
10.0,1,88.685241
10.0,1,88.687246
10.0,1,88.690257
-10.0,1,88.691763
10.0,1,88.697389
10.0,1,88.699394
-10.0,1,88.701399
-10.0,1,88.703404
10.0,1,88.709936
-10.0,1,88.711941
-10.0,1,88.713946
3.0,1,88.713946
-10.0,1,88.723158
10.0,1,88.725163
10.0,1,88.727167
10.0,1,88.729172
10.0,1,88.736917
-10.0,1,88.738922
-10.0,1,88.740926
10.0,1,88.74293
10.0,1,88.748339
10.0,1,88.750687
-10.0,1,88.752694
10.0,1,88.756805
10.0,1,88.764009
10.0,1,88.767825
10.0,1,88.767825
10.0,1,88.767825
10.0,1,88.783533
-10.0,1,88.783533
10.0,1,88.785537
-10.0,1,88.787543
-10.0,1,88.794202
-10.0,1,88.796208
-10.0,1,88.796208
-10.0,1,88.798213
10.0,1,88.805917
10.0,1,88.807922
-10.0,1,88.809928
-10.0,1,88.811933
-10.0,1,88.819809
10.0,1,88.821814
-10.0,1,88.823819
10.0,1,88.825824
10.0,1,88.833864
10.0,1,88.835869
10.0,1,88.837874
10.0,1,88.841884
-10.0,1,88.849574
10.0,1,88.851579
-10.0,1,88.853584
10.0,1,88.855589
10.0,1,88.863577
-10.0,1,88.863577
-10.0,1,88.867455
10.0,1,88.867455
10.0,1,88.880762
10.0,1,88.884108
10.0,1,88.886
-10.0,1,88.886
10.0,1,88.893957
10.0,1,88.895963
10.0,1,88.897967
-10.0,1,88.899973
10.0,1,88.908174
10.0,1,88.91018
-10.0,1,88.912184
10.0,1,88.91419
10.0,1,88.923135
10.0,1,88.925349
-10.0,1,88.925349
-10.0,1,88.927739
10.0,1,88.937473
-10.0,1,88.937473
-10.0,1,88.940213
10.0,1,88.943524
10.0,1,88.950194
-10.0,1,88.952199
10.0,1,88.954204
-10.0,1,88.95595
3.0,1,88.965
10.0,1,88.967005
10.0,1,88.96901
-10.0,1,88.97202
10.0,1,88.980286
10.0,1,88.983065
10.0,1,88.985258
10.0,1,88.985258
10.0,1,88.995682
10.0,1,88.997687
-10.0,1,88.999692
-10.0,1,88.999692
10.0,1,89.003447
-10.0,1,89.003447
-10.0,1,89.003447
10.0,1,89.003447
10.0,1,89.021723
-10.0,1,89.022738
10.0,1,89.025951
10.0,1,89.028047
10.0,1,89.036699
-10.0,1,89.036699
10.0,1,89.038758
-10.0,1,89.040513
10.0,1,89.046978
10.0,1,89.05073
10.0,1,89.052735
3.0,1,89.05474
10.0,1,89.064053
-10.0,1,89.066057
10.0,1,89.068063
10.0,1,89.070067
10.0,1,89.077647
-10.0,1,89.079654
10.0,1,89.081658
10.0,1,89.085669
-10.0,1,89.093068
10.0,1,89.095396
-10.0,1,89.095396
10.0,1,89.099231
10.0,1,89.108255
10.0,1,89.11026
-10.0,1,89.11327
-10.0,1,89.115275
10.0,1,89.123339
-10.0,1,89.123339
10.0,1,89.125344
-10.0,1,89.127349
10.0,1,89.134427
10.0,1,89.136432
10.0,1,89.138437
10.0,1,89.140442
10.0,1,89.149569
10.0,1,89.149569
10.0,1,89.154438
10.0,1,89.156569
10.0,1,89.164298
10.0,1,89.166648
10.0,1,89.166648
3.0,1,89.168763
10.0,1,89.175499
-10.0,1,89.177004
10.0,1,89.179011
10.0,1,89.181017
3.0,1,89.183022
-10.0,1,89.183022
10.0,1,89.193008
3.0,1,89.193008
10.0,1,89.201222
10.0,1,89.205233
-10.0,1,89.207237
-10.0,1,89.208983
3.0,1,89.217861
-10.0,1,89.219866
-10.0,1,89.221871
-10.0,1,89.223875
10.0,1,89.232831
10.0,1,89.234836
10.0,1,89.236841
-10.0,1,89.238846
10.0,1,89.245991
10.0,1,89.247996
10.0,1,89.250001
10.0,1,89.252006
-10.0,1,89.259007
-10.0,1,89.261011
-10.0,1,89.261011
10.0,1,89.263016
10.0,1,89.273636
3.0,1,89.275641
10.0,1,89.277646
-10.0,1,89.279651
3.0,1,89.28572
-10.0,1,89.287467
10.0,1,89.289472
-10.0,1,89.291477
10.0,1,89.299157
-10.0,1,89.301431
10.0,1,89.303179
10.0,1,89.305656
10.0,1,89.312824
3.0,1,89.312824
10.0,1,89.317761
-10.0,1,89.31929
-10.0,1,89.329111
-10.0,1,89.330179
3.0,1,89.331689
-10.0,1,89.333768
10.0,1,89.341548
10.0,1,89.345558
10.0,1,89.347563
10.0,1,89.349567
10.0,1,89.356204
10.0,1,89.358208
-10.0,1,89.360214
10.0,1,89.362219
10.0,1,89.370821
10.0,1,89.370821
10.0,1,89.373236
-10.0,1,89.375251
10.0,1,89.383118
10.0,1,89.385123
-10.0,1,89.387129
-10.0,1,89.389133
-10.0,1,89.394935
-10.0,1,89.396939
10.0,1,89.398944
10.0,1,89.400949
-10.0,1,89.407096
3.0,1,89.409101
10.0,1,89.411107
10.0,1,89.413111
10.0,1,89.420108
-10.0,1,89.422112
10.0,1,89.424118
-10.0,1,89.426123
-10.0,1,89.436273
10.0,1,89.437308
10.0,1,89.441132
10.0,1,89.443524
10.0,1,89.450928
-10.0,1,89.452552
-10.0,1,89.452552
10.0,1,89.455025
10.0,1,89.462687
10.0,1,89.462687
-10.0,1,89.466205
10.0,1,89.469705
-10.0,1,89.475209
10.0,1,89.478719
-10.0,1,89.480725
-10.0,1,89.480725
-10.0,1,89.489098
10.0,1,89.491608
3.0,1,89.493613
10.0,1,89.494617
-10.0,1,89.503757
-10.0,1,89.504943
10.0,1,89.508598
10.0,1,89.510851
10.0,1,89.51877
-10.0,1,89.51877
10.0,1,89.51877
10.0,1,89.521859
10.0,1,89.531722
10.0,1,89.534004
-10.0,1,89.534004
10.0,1,89.538598
10.0,1,89.54913
10.0,1,89.551135
10.0,1,89.553139
-10.0,1,89.555143
-10.0,1,89.561322
-10.0,1,89.562478
-10.0,1,89.564209
10.0,1,89.567218
10.0,1,89.574938
-10.0,1,89.576943
-10.0,1,89.576943
-10.0,1,89.578949
10.0,1,89.585784
3.0,1,89.58779
10.0,1,89.589536
10.0,1,89.591542
10.0,1,89.600031
10.0,1,89.60404
-10.0,1,89.605546
3.0,1,89.607551
-10.0,1,89.614328
10.0,1,89.616333
10.0,1,89.618338
10.0,1,89.621349
10.0,1,89.627489
-10.0,1,89.629494
-10.0,1,89.629494
10.0,1,89.631499
-10.0,1,89.64025
10.0,1,89.644261
-10.0,1,89.644261
10.0,1,89.648271
-10.0,1,89.657071
10.0,1,89.658192
-10.0,1,89.658192
3.0,1,89.662215
-10.0,1,89.669146
-10.0,1,89.669146
10.0,1,89.675139
10.0,1,89.677351
-10.0,1,89.684756
-10.0,1,89.686549
10.0,1,89.68867
-10.0,1,89.689769
3.0,1,89.697501
10.0,1,89.700444
10.0,1,89.701449
10.0,1,89.703455
-10.0,1,89.713245
10.0,1,89.715249
10.0,1,89.71826
10.0,1,89.720265
-10.0,1,89.729201
10.0,1,89.732365
10.0,1,89.735149
-10.0,1,89.737154
-10.0,1,89.743243
-10.0,1,89.74525
-10.0,1,89.74525
10.0,1,89.748346
3.0,1,89.757168
-10.0,1,89.759258
10.0,1,89.761263
-10.0,1,89.763266
3.0,1,89.773175
10.0,1,89.77518
10.0,1,89.777185
-10.0,1,89.780196
-10.0,1,89.787732
10.0,1,89.789737
10.0,1,89.791744
10.0,1,89.79375
10.0,1,89.80224
-10.0,1,89.804246
3.0,1,89.806252
10.0,1,89.808257
10.0,1,89.818457
-10.0,1,89.818457
-10.0,1,89.818457
10.0,1,89.821683
3.0,1,89.828867
10.0,1,89.828867
10.0,1,89.828867
-10.0,1,89.828867
10.0,1,89.846763
10.0,1,89.848934
-10.0,1,89.848934
-10.0,1,89.851265
10.0,1,89.858967
10.0,1,89.860973
10.0,1,89.864983
10.0,1,89.866988
10.0,1,89.875726
10.0,1,89.875726
10.0,1,89.883111
10.0,1,89.885116
10.0,1,89.894053
10.0,1,89.896058
10.0,1,89.898063
10.0,1,89.900067
10.0,1,89.907239
3.0,1,89.91125
-10.0,1,89.91125
-10.0,1,89.913255
10.0,1,89.921989
10.0,1,89.924508
10.0,1,89.924508
10.0,1,89.929257
-10.0,1,89.937977
-10.0,1,89.937977
3.0,1,89.941989
10.0,1,89.943993
10.0,1,89.952379
-10.0,1,89.953884
10.0,1,89.955889
10.0,1,89.957894
10.0,1,89.965565
10.0,1,89.967571
10.0,1,89.971581
-10.0,1,89.971581
10.0,1,89.978993
3.0,1,89.983006
10.0,1,89.986255
10.0,1,89.986255
-10.0,1,89.99802
10.0,1,90.00103
-10.0,1,90.003037
10.0,1,90.005042
10.0,1,90.013714
10.0,1,90.015718
-10.0,1,90.016723
10.0,1,90.018728
10.0,1,90.026
10.0,1,90.030012
3.0,1,90.030012
-10.0,1,90.032017
-10.0,1,90.039905
-10.0,1,90.04191
10.0,1,90.043915
10.0,1,90.045921
10.0,1,90.055341
10.0,1,90.057901
10.0,1,90.057901
10.0,1,90.062222
-10.0,1,90.069025
10.0,1,90.07103
10.0,1,90.07504
10.0,1,90.077045
10.0,1,90.083221
10.0,1,90.085227
10.0,1,90.089238
-10.0,1,90.089238
3.0,1,90.096401
-10.0,1,90.096401
3.0,1,90.096401
-10.0,1,90.096401
-10.0,1,90.113159
10.0,1,90.114332
-10.0,1,90.116471
-10.0,1,90.118323
10.0,1,90.127603
-10.0,1,90.12961
10.0,1,90.131615
-10.0,1,90.13362
10.0,1,90.142774
10.0,1,90.145842
-10.0,1,90.145842
-10.0,1,90.148433
-10.0,1,90.154865
3.0,1,90.158442
10.0,1,90.158442
-10.0,1,90.158442
-10.0,1,90.169499
3.0,1,90.171504
10.0,1,90.174516
10.0,1,90.176522
10.0,1,90.185238
10.0,1,90.18772
10.0,1,90.18772
-10.0,1,90.19144
-10.0,1,90.198457
10.0,1,90.202636
10.0,1,90.204641
-10.0,1,90.207873
-10.0,1,90.210734
10.0,1,90.219837
10.0,1,90.219837
-10.0,1,90.222346
-10.0,1,90.230699
-10.0,1,90.231912
-10.0,1,90.233918
-10.0,1,90.235924
10.0,1,90.246609
-10.0,1,90.246609
-10.0,1,90.248614
10.0,1,90.25062
10.0,1,90.259378
10.0,1,90.260421
3.0,1,90.262505
10.0,1,90.266598
10.0,1,90.274719
10.0,1,90.276725
3.0,1,90.276725
10.0,1,90.2803
-10.0,1,90.291182
-10.0,1,90.292687
10.0,1,90.294693
-10.0,1,90.294693
-10.0,1,90.304195
10.0,1,90.306202
10.0,1,90.308207
3.0,1,90.310213
-10.0,1,90.320544
10.0,1,90.321578
-10.0,1,90.323689
-10.0,1,90.326398
10.0,1,90.332691
10.0,1,90.336702
-10.0,1,90.338707
-10.0,1,90.340713
-10.0,1,90.347789
10.0,1,90.350803
10.0,1,90.352808
-10.0,1,90.354813
10.0,1,90.360912
-10.0,1,90.362917
10.0,1,90.364663
10.0,1,90.368674
10.0,1,90.374845
10.0,1,90.376851
10.0,1,90.378856
10.0,1,90.382608
-10.0,1,90.391085
10.0,1,90.394782
10.0,1,90.395871
10.0,1,90.395871
-10.0,1,90.405848
10.0,1,90.407854
3.0,1,90.409859
10.0,1,90.413611
-10.0,1,90.419995
10.0,1,90.42367
10.0,1,90.42603
-10.0,1,90.427537
-10.0,1,90.437242
-10.0,1,90.439247
10.0,1,90.441252
10.0,1,90.443257
10.0,1,90.451522
10.0,1,90.453528
10.0,1,90.455534
10.0,1,90.457539
10.0,1,90.464704
-10.0,1,90.46671
-10.0,1,90.468715
-10.0,1,90.47072
10.0,1,90.477682
-10.0,1,90.479688
10.0,1,90.481693
-10.0,1,90.483698
10.0,1,90.490375
10.0,1,90.495073
10.0,1,90.496975
-10.0,1,90.498036
10.0,1,90.50761
10.0,1,90.509616
10.0,1,90.511621
-10.0,1,90.511621
-10.0,1,90.519864
10.0,1,90.52161
10.0,1,90.523616
10.0,1,90.527627
-10.0,1,90.535317
-10.0,1,90.536582
10.0,1,90.537589
10.0,1,90.545042
-10.0,1,90.5518
-10.0,1,90.553546
10.0,1,90.555551
10.0,1,90.559561
-10.0,1,90.566431
-10.0,1,90.569242
-10.0,1,90.571247
10.0,1,90.573252
-10.0,1,90.580478
3.0,1,90.582485
10.0,1,90.584491
10.0,1,90.586497
-10.0,1,90.594319
-10.0,1,90.596323
-10.0,1,90.596323
10.0,1,90.600334
10.0,1,90.605954
10.0,1,90.609966
-10.0,1,90.609966
10.0,1,90.613975
-10.0,1,90.747068
10.0,1,90.748897
-10.0,1,90.750903
10.0,1,90.752908
10.0,1,90.760923
-10.0,1,90.762928
-10.0,1,90.764934
10.0,1,90.766938
10.0,1,90.775568
10.0,1,90.777573
3.0,1,90.779577
10.0,1,90.781584
-10.0,1,90.78862
10.0,1,90.790125
10.0,1,90.794479
10.0,1,90.794479
10.0,1,90.804088
10.0,1,90.806165
-10.0,1,90.808895
10.0,1,90.811039
10.0,1,90.819357
10.0,1,90.819357
-10.0,1,90.821866
-10.0,1,90.823989
3.0,1,90.831065
10.0,1,90.832182
-10.0,1,90.834317
-10.0,1,90.837583
10.0,1,90.844839
10.0,1,90.846844
-10.0,1,90.848849
10.0,1,90.850854
10.0,1,90.862289
10.0,1,90.864852
-10.0,1,90.866036
10.0,1,90.867068
10.0,1,90.874472
10.0,1,90.876477
10.0,1,90.878481
-10.0,1,90.880487
10.0,1,90.890377
10.0,1,90.892601
-10.0,1,90.893106
-10.0,1,90.895156
10.0,1,90.902866
-10.0,1,90.904871
-10.0,1,90.906877
10.0,1,90.908882
-10.0,1,90.918198
-10.0,1,90.920203
10.0,1,90.922208
10.0,1,90.924213
-10.0,1,90.931552
-10.0,1,90.931552
-10.0,1,90.934223
10.0,1,90.936145
-10.0,1,90.943431
3.0,1,90.945436
10.0,1,90.947441
10.0,1,90.949447
10.0,1,90.957355
3.0,1,90.959361
10.0,1,90.963112
10.0,1,90.964191
-10.0,1,90.977858
10.0,1,90.980869
-10.0,1,90.982875
-10.0,1,90.98488
10.0,1,90.993641
-10.0,1,90.995708
-10.0,1,90.997461
-10.0,1,90.998601
-10.0,1,91.005733
10.0,1,91.007739
-10.0,1,91.010749
-10.0,1,91.010749
10.0,1,91.019078
10.0,1,91.019078
10.0,1,91.019078
10.0,1,91.026744
10.0,1,91.034163
10.0,1,91.038174
-10.0,1,91.038174
10.0,1,91.040179
10.0,1,91.050065
10.0,1,91.050065
10.0,1,91.054684
10.0,1,91.057179
10.0,1,91.064457
10.0,1,91.06549
-10.0,1,91.068374
-10.0,1,91.070377
10.0,1,91.082516
-10.0,1,91.082516
10.0,1,91.086689
10.0,1,91.086689
10.0,1,91.095542
10.0,1,91.096616
-10.0,1,91.098571
10.0,1,91.101436
-10.0,1,91.105689
10.0,1,91.111393
-10.0,1,91.111393
-10.0,1,91.113175
10.0,1,91.121643
-10.0,1,91.123688
-10.0,1,91.124781
10.0,1,91.127709
10.0,1,91.134772
10.0,1,91.137568
-10.0,1,91.137568
-10.0,1,91.140492
10.0,1,91.149439
-10.0,1,91.149439
-10.0,1,91.153666
10.0,1,91.154673
-10.0,1,91.162156
10.0,1,91.165612
10.0,1,91.167083
-10.0,1,91.168101
10.0,1,91.178114
-10.0,1,91.178114
-10.0,1,91.181132
10.0,1,91.184439
10.0,1,91.195517
10.0,1,91.197232
-10.0,1,91.199488
10.0,1,91.201548
-10.0,1,91.20838
-10.0,1,91.210384
10.0,1,91.212389
10.0,1,91.214394
-10.0,1,91.222381
10.0,1,91.224388
-10.0,1,91.226393
10.0,1,91.228398
-10.0,1,91.235571
10.0,1,91.237576
10.0,1,91.239581
-10.0,1,91.241586
10.0,1,91.249334
10.0,1,91.251957
-10.0,1,91.251957
10.0,1,91.25609
10.0,1,91.264157
10.0,1,91.267059
10.0,1,91.269701
10.0,1,91.271962
-10.0,1,91.278894
10.0,1,91.280936
-10.0,1,91.284098
10.0,1,91.285625
-10.0,1,91.292574
10.0,1,91.292574
-10.0,1,91.296634
10.0,1,91.296634
-10.0,1,91.311212
-10.0,1,91.31276
10.0,1,91.315143
10.0,1,91.315143
-10.0,1,91.323282
-10.0,1,91.32606
10.0,1,91.328569
10.0,1,91.328569
-10.0,1,91.338775
10.0,1,91.341357
10.0,1,91.341357
10.0,1,91.346165
10.0,1,91.353149
10.0,1,91.355155
10.0,1,91.359166
10.0,1,91.36067
10.0,1,91.367289
10.0,1,91.3713
-10.0,1,91.373304
-10.0,1,91.373304
10.0,1,91.383337
10.0,1,91.385342
10.0,1,91.387348
10.0,1,91.389354
-10.0,1,91.398558
10.0,1,91.401437
-10.0,1,91.402827
10.0,1,91.405986
10.0,1,91.417243
10.0,1,91.420432
10.0,1,91.422715
10.0,1,91.424462
10.0,1,91.433049
-10.0,1,91.433049
10.0,1,91.435511
10.0,1,91.439006
-10.0,1,91.445498
10.0,1,91.447084
10.0,1,91.44909
10.0,1,91.453705
-10.0,1,91.461339
10.0,1,91.462726
-10.0,1,91.46694
-10.0,1,91.468027
10.0,1,91.4753
-10.0,1,91.477305
10.0,1,91.479311
3.0,1,91.481316
10.0,1,91.488261
10.0,1,91.492758
10.0,1,91.493761
10.0,1,91.495166
10.0,1,91.502728
-10.0,1,91.504235
-10.0,1,91.506193
10.0,1,91.50792
10.0,1,91.51566
10.0,1,91.516713
10.0,1,91.520106
-10.0,1,91.520106
3.0,1,91.532623
3.0,1,91.534628
-10.0,1,91.536133
10.0,1,91.538139
10.0,1,91.545331
10.0,1,91.549342
10.0,1,91.551347
-10.0,1,91.553352
10.0,1,91.560314
10.0,1,91.56232
-10.0,1,91.564325
10.0,1,91.567335
10.0,1,91.57539
10.0,1,91.578529
10.0,1,91.578529
10.0,1,91.582687
10.0,1,91.590961
-10.0,1,91.592976
10.0,1,91.59481
10.0,1,91.595834
10.0,1,91.60385
10.0,1,91.607861
-10.0,1,91.607861
10.0,1,91.611871
-10.0,1,91.614547
10.0,1,91.621314
10.0,1,91.621314
10.0,1,91.62652
10.0,1,91.636151
10.0,1,91.638157
10.0,1,91.640163
10.0,1,91.644175
-10.0,1,91.650768
10.0,1,91.653536
10.0,1,91.655984
-10.0,1,91.657855
10.0,1,91.666555
-10.0,1,91.666555
-10.0,1,91.668533
10.0,1,91.671914
10.0,1,91.679343
-10.0,1,91.679343
-10.0,1,91.679343
-10.0,1,91.679343
10.0,1,91.694246
-10.0,1,91.696253
10.0,1,91.698259
-10.0,1,91.700264
10.0,1,91.709547
-10.0,1,91.709547
10.0,1,91.713557
3.0,1,91.715563
-10.0,1,91.721823
-10.0,1,91.725576
-10.0,1,91.729105
10.0,1,91.731107
10.0,1,91.739489
10.0,1,91.741236
-10.0,1,91.741236
10.0,1,91.741236
-10.0,1,91.755653
10.0,1,91.759427
3.0,1,91.761715
10.0,1,91.761715
-10.0,1,91.771969
10.0,1,91.774049
10.0,1,91.776487
10.0,1,91.776487
-10.0,1,91.785256
-10.0,1,91.785256
10.0,1,91.790075
10.0,1,91.79251
10.0,1,91.797249
10.0,1,91.797249
10.0,1,91.804778
10.0,1,91.804778
10.0,1,91.814925
10.0,1,91.817687
-10.0,1,91.819017
10.0,1,91.820038
10.0,1,91.827919
-10.0,1,91.828956
10.0,1,91.832496
3.0,1,91.833545
-10.0,1,91.842341
10.0,1,91.843503
-10.0,1,91.845508
10.0,1,91.847512
-10.0,1,91.858304
-10.0,1,91.860421
3.0,1,91.861597
-10.0,1,91.863348
10.0,1,91.872855
10.0,1,91.87531
-10.0,1,91.87531
10.0,1,91.879133
10.0,1,91.88606
10.0,1,91.888065
10.0,1,91.89007
10.0,1,91.89358
-10.0,1,91.900857
10.0,1,91.902863
-10.0,1,91.904878
-10.0,1,91.906883
-10.0,1,91.9146
10.0,1,91.916605
10.0,1,91.91861
10.0,1,91.922621
-10.0,1,91.928514
10.0,1,91.930262
10.0,1,91.934279
10.0,1,91.936283
3.0,1,91.943645
10.0,1,91.948129
-10.0,1,91.948129
10.0,1,91.951946
10.0,1,91.960198
10.0,1,91.964849
10.0,1,91.9684
-10.0,1,91.9684
10.0,1,91.977653
10.0,1,91.9789
-10.0,1,91.9789
10.0,1,91.984686
10.0,1,91.990933
10.0,1,91.993445
10.0,1,91.993445
-10.0,1,91.993445
10.0,1,92.008383
10.0,1,92.011202
10.0,1,92.013786
10.0,1,92.015821
10.0,1,92.024339
-10.0,1,92.025553
10.0,1,92.027497
10.0,1,92.029504
10.0,1,92.037873
10.0,1,92.041343
10.0,1,92.043743
3.0,1,92.043743
-10.0,1,92.052428
10.0,1,92.056179
3.0,1,92.056179
10.0,1,92.060189
10.0,1,92.067502
10.0,1,92.070909
10.0,1,92.072923
10.0,1,92.077412
-10.0,1,92.084541
10.0,1,92.087556
10.0,1,92.091502
-10.0,1,92.091502
10.0,1,92.09954
-10.0,1,92.100572
10.0,1,92.103993
10.0,1,92.106316
10.0,1,92.114642
10.0,1,92.117252
10.0,1,92.118758
10.0,1,92.122037
10.0,1,92.130333
-10.0,1,92.130333
10.0,1,92.134509
-10.0,1,92.134509
10.0,1,92.144165
10.0,1,92.14617
10.0,1,92.15018
-10.0,1,92.152186
10.0,1,92.161507
-10.0,1,92.161507
3.0,1,92.163851
10.0,1,92.1661
-10.0,1,92.173788
10.0,1,92.176542
-10.0,1,92.176542
-10.0,1,92.178898
10.0,1,92.191064
-10.0,1,92.192189
-10.0,1,92.193696
10.0,1,92.193696
10.0,1,92.203808
-10.0,1,92.205813
10.0,1,92.207824
10.0,1,92.209829
10.0,1,92.219827
10.0,1,92.22171
10.0,1,92.224113
-10.0,1,92.224113
-10.0,1,92.232342
10.0,1,92.234348
10.0,1,92.238358
-10.0,1,92.238358
10.0,1,92.247227
10.0,1,92.251238
10.0,1,92.253242
-10.0,1,92.255247
-10.0,1,92.261698
10.0,1,92.265279
-10.0,1,92.265279
3.0,1,92.267367
-10.0,1,92.274371
10.0,1,92.277381
3.0,1,92.279387
10.0,1,92.281392
-10.0,1,92.288741
-10.0,1,92.2898
-10.0,1,92.291525
-10.0,1,92.294808
-10.0,1,92.30547
-10.0,1,92.30547
-10.0,1,92.307847
10.0,1,92.309354
10.0,1,92.31865
10.0,1,92.31865
10.0,1,92.323245
10.0,1,92.32539
-10.0,1,92.332367
10.0,1,92.335455
10.0,1,92.335455
-10.0,1,92.335455
-10.0,1,92.345022
10.0,1,92.345022
10.0,1,92.351671
10.0,1,92.351671
10.0,1,92.360666
10.0,1,92.362672
10.0,1,92.364678
10.0,1,92.366683
10.0,1,92.375545
-10.0,1,92.375545
10.0,1,92.37755
10.0,1,92.381561
-10.0,1,92.386105
-10.0,1,92.388336
10.0,1,92.392193
10.0,1,92.39372
10.0,1,92.403837
10.0,1,92.405343
10.0,1,92.405343
-10.0,1,92.405343
10.0,1,92.421436
-10.0,1,92.421436
10.0,1,92.426421
-10.0,1,92.426421
10.0,1,92.434657
10.0,1,92.437508
3.0,1,92.437508
10.0,1,92.442228
-10.0,1,92.449251
10.0,1,92.449251
10.0,1,92.455192
10.0,1,92.455192
10.0,1,92.465056
-10.0,1,92.465056
10.0,1,92.467429
10.0,1,92.47053
-10.0,1,92.478268
-10.0,1,92.479282
10.0,1,92.480798
10.0,1,92.483676
10.0,1,92.492169
-10.0,1,92.493675
10.0,1,92.49568
10.0,1,92.497684
10.0,1,92.505478
10.0,1,92.505478
-10.0,1,92.508536
-10.0,1,92.512016
10.0,1,92.517941
10.0,1,92.517941
10.0,1,92.517941
3.0,1,92.517941
-10.0,1,92.536003
-10.0,1,92.537046
10.0,1,92.540183
10.0,1,92.542446
-10.0,1,92.549309
-10.0,1,92.55053
-10.0,1,92.55053
-10.0,1,92.555238
10.0,1,92.563512
10.0,1,92.566827
10.0,1,92.569377
-10.0,1,92.569377
10.0,1,92.577933
-10.0,1,92.579438
-10.0,1,92.581243
-10.0,1,92.584479
-10.0,1,92.591177
10.0,1,92.593989
10.0,1,92.597625
10.0,1,92.600156
-10.0,1,92.606825
10.0,1,92.60883
-10.0,1,92.610836
10.0,1,92.612841
10.0,1,92.622591
3.0,1,92.622591
10.0,1,92.624801
10.0,1,92.631104
-10.0,1,92.637877
10.0,1,92.639884
10.0,1,92.643895
10.0,1,92.6459
10.0,1,92.654373
-10.0,1,92.655949
10.0,1,92.658485
-10.0,1,92.658485
10.0,1,92.666071
10.0,1,92.670082
10.0,1,92.672087
-10.0,1,92.673833
10.0,1,92.681285
10.0,1,92.68329
-10.0,1,92.685295
10.0,1,92.6873
10.0,1,92.696503
3.0,1,92.697521
-10.0,1,92.699477
10.0,1,92.702729
-10.0,1,92.710351
10.0,1,92.713151
10.0,1,92.713151
10.0,1,92.717148
10.0,1,92.724736
10.0,1,92.725977
10.0,1,92.729362
10.0,1,92.729362
-10.0,1,92.741628
10.0,1,92.741628
3.0,1,92.744308
-10.0,1,92.746282
-10.0,1,92.753955
10.0,1,92.75596
-10.0,1,92.757965
-10.0,1,92.759969
10.0,1,92.76867
-10.0,1,92.770676
10.0,1,92.772681
-10.0,1,92.772681
-10.0,1,92.78152
10.0,1,92.782707
10.0,1,92.786946
10.0,1,92.788281
-10.0,1,92.795176
-10.0,1,92.797181
10.0,1,92.800191
-10.0,1,92.802197
10.0,1,92.810391
-10.0,1,92.812398
10.0,1,92.814405
10.0,1,92.818157
10.0,1,92.826655
10.0,1,92.827681
-10.0,1,92.829723
10.0,1,92.83279
10.0,1,92.839376
10.0,1,92.843386
-10.0,1,92.845392
10.0,1,92.850806
-10.0,1,92.860474
10.0,1,92.860474
10.0,1,92.863523
3.0,1,92.863523
10.0,1,92.874337
10.0,1,92.877176
10.0,1,92.877176
-10.0,1,92.881549
10.0,1,92.888721
10.0,1,92.891867
10.0,1,92.893874
-10.0,1,92.895547
10.0,1,92.904364
10.0,1,92.906368
-10.0,1,92.906368
10.0,1,92.910378
-10.0,1,92.918424
10.0,1,92.922436
10.0,1,92.92444
10.0,1,92.926445
10.0,1,92.93594
-10.0,1,92.93594
10.0,1,92.938302
3.0,1,92.939754
10.0,1,92.950221
10.0,1,92.95285
10.0,1,92.954511
-10.0,1,92.955529
10.0,1,92.968343
10.0,1,92.970348
10.0,1,92.972353
10.0,1,92.976023
3.0,1,92.983233
10.0,1,92.987244
10.0,1,92.989249
-10.0,1,92.990254
-10.0,1,92.99794
10.0,1,92.999947
10.0,1,93.001951
10.0,1,93.003956
-10.0,1,93.012084
-10.0,1,93.013679
10.0,1,93.015594
-10.0,1,93.017601
10.0,1,93.025783
10.0,1,93.028197
10.0,1,93.030644
10.0,1,93.032981
10.0,1,93.038923
-10.0,1,93.038923
10.0,1,93.038923
10.0,1,93.038923
10.0,1,93.055511
10.0,1,93.057517
10.0,1,93.061528
10.0,1,93.063532
10.0,1,93.075041
10.0,1,93.077047
10.0,1,93.079051
10.0,1,93.081056
10.0,1,93.089036
10.0,1,93.092367
10.0,1,93.093874
10.0,1,93.096133
10.0,1,93.103703
3.0,1,93.10571
-10.0,1,93.10571
10.0,1,93.111034
-10.0,1,93.118143
10.0,1,93.119228
10.0,1,93.123651
10.0,1,93.125179
10.0,1,93.134331
-10.0,1,93.134835
-10.0,1,93.136842
10.0,1,93.138659
10.0,1,93.146763
10.0,1,93.148268
10.0,1,93.151399
-10.0,1,93.152418
10.0,1,93.160738
-10.0,1,93.161792
10.0,1,93.16768
-10.0,1,93.17038
-10.0,1,93.178299
10.0,1,93.181698
10.0,1,93.181698
-10.0,1,93.181698
-10.0,1,93.19604
-10.0,1,93.198956
-10.0,1,93.198956
10.0,1,93.202861
-10.0,1,93.209659
-10.0,1,93.212743
10.0,1,93.212743
10.0,1,93.214991
-10.0,1,93.223383
10.0,1,93.22644
10.0,1,93.228938
-10.0,1,93.228938
10.0,1,93.238319
10.0,1,93.240996
-10.0,1,93.240996
-10.0,1,93.243504
-10.0,1,93.250355
-10.0,1,93.252771
-10.0,1,93.253807
10.0,1,93.25683
10.0,1,93.26359
10.0,1,93.265595
10.0,1,93.269605
-10.0,1,93.269605
-10.0,1,93.277854
-10.0,1,93.27986
-10.0,1,93.281867
10.0,1,93.283873
10.0,1,93.293636
10.0,1,93.293636
-10.0,1,93.293636
10.0,1,93.293636
-10.0,1,93.308845
10.0,1,93.312026
10.0,1,93.314205
3.0,1,93.317135
10.0,1,93.325507
10.0,1,93.3283
-10.0,1,93.33053
10.0,1,93.332419
10.0,1,93.341001
10.0,1,93.343006
10.0,1,93.345012
10.0,1,93.347016
10.0,1,93.355348
10.0,1,93.359012
10.0,1,93.359012
10.0,1,93.363744
10.0,1,93.371882
-10.0,1,93.371882
-10.0,1,93.371882
-10.0,1,93.371882
10.0,1,93.383108
10.0,1,93.386861
10.0,1,93.388867
10.0,1,93.392877
-10.0,1,93.400619
-10.0,1,93.401646
10.0,1,93.403781
10.0,1,93.403781
10.0,1,93.418709
10.0,1,93.420715
10.0,1,93.42272
-10.0,1,93.424726
10.0,1,93.432201
-10.0,1,93.434772
-10.0,1,93.435778
10.0,1,93.439403
-10.0,1,93.446955
10.0,1,93.449762
10.0,1,93.450769
10.0,1,93.45337
-10.0,1,93.462118
10.0,1,93.464421
-10.0,1,93.466444
10.0,1,93.468604
10.0,1,93.477705
10.0,1,93.480628
-10.0,1,93.482377
10.0,1,93.482377
-10.0,1,93.490887
10.0,1,93.493897
10.0,1,93.495902
-10.0,1,93.497907
-10.0,1,93.505101
10.0,1,93.509671
10.0,1,93.509671
10.0,1,93.511536
10.0,1,93.513545
-10.0,1,93.513545
-10.0,1,93.513545
3.0,1,93.513545
-10.0,1,93.535851
-10.0,1,93.536874
-10.0,1,93.538881
10.0,1,93.541893
-10.0,1,93.547185
-10.0,1,93.547185
-10.0,1,93.547185
-10.0,1,93.547185
10.0,1,93.563323
-10.0,1,93.56533
10.0,1,93.567336
10.0,1,93.569341
-10.0,1,93.57713
3.0,1,93.578934
-10.0,1,93.578934
-10.0,1,93.582195
10.0,1,93.591364
-10.0,1,93.59311
-10.0,1,93.594618
10.0,1,93.595764
10.0,1,93.605221
10.0,1,93.607999
-10.0,1,93.609033
-10.0,1,93.609033
10.0,1,93.620927
10.0,1,93.620927
-10.0,1,93.62296
10.0,1,93.624999
10.0,1,93.636112
10.0,1,93.640124
-10.0,1,93.640124
10.0,1,93.640124
10.0,1,93.651222
10.0,1,93.655234
10.0,1,93.656238
10.0,1,93.658244
10.0,1,93.666481
10.0,1,93.670491
-10.0,1,93.670491
10.0,1,93.674242
10.0,1,93.680938
-10.0,1,93.682943
-10.0,1,93.68495
-10.0,1,93.686955
-10.0,1,93.695491
10.0,1,93.697495
-10.0,1,93.699501
10.0,1,93.701505
10.0,1,93.71048
10.0,1,93.712838
-10.0,1,93.712838
-10.0,1,93.715062
10.0,1,93.724251
-10.0,1,93.726256
-10.0,1,93.726256
-10.0,1,93.72826
10.0,1,93.740301
10.0,1,93.742729
-10.0,1,93.742729
-10.0,1,93.745908
10.0,1,93.754578
-10.0,1,93.755082
10.0,1,93.757087
-10.0,1,93.759092
10.0,1,93.766883
-10.0,1,93.768891
10.0,1,93.769953
10.0,1,93.772357
-10.0,1,93.781232
10.0,1,93.784748
10.0,1,93.784748
-10.0,1,93.787014
-10.0,1,93.79492
10.0,1,93.796271
-10.0,1,93.798018
10.0,1,93.80018
-10.0,1,93.808989
-10.0,1,93.810066
-10.0,1,93.812071
10.0,1,93.813817
10.0,1,93.823026
10.0,1,93.827036
3.0,1,93.829041
10.0,1,93.831046
10.0,1,93.837613
10.0,1,93.841623
-10.0,1,93.841623
-10.0,1,93.843628
10.0,1,93.855287
10.0,1,93.858295
10.0,1,93.858295
10.0,1,93.86309
10.0,1,93.871883
10.0,1,93.871883
-10.0,1,93.876675
10.0,1,93.87768
10.0,1,93.885891
10.0,1,93.885891
10.0,1,93.892405
10.0,1,93.893911
10.0,1,93.901504
-10.0,1,93.903509
10.0,1,93.905514
10.0,1,93.908526
10.0,1,93.915707
10.0,1,93.917785
10.0,1,93.918812
-10.0,1,93.920619
10.0,1,93.928234
-10.0,1,93.93024
10.0,1,93.932245
10.0,1,93.936255
10.0,1,93.942488
3.0,1,93.944493
3.0,1,93.946499
10.0,1,93.948504
10.0,1,93.959738
10.0,1,93.961743
-10.0,1,93.963749
10.0,1,93.965755
10.0,1,93.974788
10.0,1,93.974788
10.0,1,93.974788
-10.0,1,93.974788
10.0,1,93.989803
10.0,1,93.99181
10.0,1,93.995821
10.0,1,93.997825
10.0,1,94.005642
10.0,1,94.008891
-10.0,1,94.008891
10.0,1,94.011081
10.0,1,94.021084
10.0,1,94.023952
-10.0,1,94.023952
10.0,1,94.027381
10.0,1,94.034876
10.0,1,94.037659
10.0,1,94.040868
10.0,1,94.042746
-10.0,1,94.050056
-10.0,1,94.051366
10.0,1,94.055119
10.0,1,94.055119
10.0,1,94.06546
10.0,1,94.069145
-10.0,1,94.069145
3.0,1,94.073385
10.0,1,94.083589
10.0,1,94.085842
10.0,1,94.088346
10.0,1,94.088346
10.0,1,94.098815
-10.0,1,94.098815
10.0,1,94.102627
10.0,1,94.102627
10.0,1,94.113953
10.0,1,94.115957
10.0,1,94.117963
10.0,1,94.119968
10.0,1,94.128271
10.0,1,94.128271
10.0,1,94.13145
10.0,1,94.134668
-10.0,1,94.143897
10.0,1,94.145902
-10.0,1,94.147907
3.0,1,94.149912
-10.0,1,94.157079
10.0,1,94.158947
-10.0,1,94.159963
10.0,1,94.16408
10.0,1,94.170767
3.0,1,94.172772
-10.0,1,94.175782
10.0,1,94.181616
10.0,1,94.190363
-10.0,1,94.19187
-10.0,1,94.194005
10.0,1,94.196566
10.0,1,94.204422
10.0,1,94.207932
-10.0,1,94.209938
3.0,1,94.211943
3.0,1,94.218363
10.0,1,94.220369
-10.0,1,94.222374
-10.0,1,94.22388
10.0,1,94.231499
10.0,1,94.23551
10.0,1,94.237514
10.0,1,94.23952
10.0,1,94.248853
10.0,1,94.251281
10.0,1,94.253754
10.0,1,94.25553
-10.0,1,94.262362
3.0,1,94.263431
10.0,1,94.265366
10.0,1,94.269076
-10.0,1,94.276603
-10.0,1,94.278609
-10.0,1,94.280614
-10.0,1,94.280614
10.0,1,94.292785
-10.0,1,94.29429
10.0,1,94.295673
10.0,1,94.299224
-10.0,1,94.305506
10.0,1,94.308526
-10.0,1,94.311125
-10.0,1,94.313694
-10.0,1,94.32057
10.0,1,94.32174
3.0,1,94.323429
-10.0,1,94.32516
10.0,1,94.33286
10.0,1,94.336871
3.0,1,94.338877
10.0,1,94.340882
-10.0,1,94.348749
10.0,1,94.351908
10.0,1,94.351908
10.0,1,94.35427
-10.0,1,94.363679
-10.0,1,94.363679
10.0,1,94.368111
-10.0,1,94.369802
-10.0,1,94.375307
-10.0,1,94.379537
10.0,1,94.379537
10.0,1,94.384356
3.0,1,94.39184
10.0,1,94.395593
10.0,1,94.398203
10.0,1,94.403839
3.0,1,94.411007
10.0,1,94.414017
-10.0,1,94.416025
10.0,1,94.418032
-10.0,1,94.426153
10.0,1,94.429905
10.0,1,94.431911
-10.0,1,94.433915
10.0,1,94.440365
10.0,1,94.444374
10.0,1,94.445879
10.0,1,94.447883
10.0,1,94.457232
10.0,1,94.460111
-10.0,1,94.460111
10.0,1,94.461952
10.0,1,94.472554
-10.0,1,94.472554
10.0,1,94.476558
-10.0,1,94.476558
10.0,1,94.485891
-10.0,1,94.485891
-10.0,1,94.488291
10.0,1,94.48969
-10.0,1,94.49817
10.0,1,94.49817
-10.0,1,94.49817
10.0,1,94.49817
10.0,1,94.51695
10.0,1,94.518954
10.0,1,94.520959
10.0,1,94.522964
10.0,1,94.532367
10.0,1,94.535053
-10.0,1,94.535053
-10.0,1,94.537191
-10.0,1,94.543933
10.0,1,94.547943
10.0,1,94.549948
-10.0,1,94.549948
-10.0,1,94.558683
10.0,1,94.560688
10.0,1,94.562694
10.0,1,94.564699
10.0,1,94.571033
10.0,1,94.574784
-10.0,1,94.576791
10.0,1,94.578798
10.0,1,94.58659
10.0,1,94.588597
10.0,1,94.590603
10.0,1,94.594113
10.0,1,94.602048
10.0,1,94.604566
10.0,1,94.605571
10.0,1,94.607574
10.0,1,94.617562
-10.0,1,94.617562
-10.0,1,94.623535
3.0,1,94.625542
-10.0,1,94.635121
-10.0,1,94.635121
-10.0,1,94.637336
10.0,1,94.637336
10.0,1,94.647177
-10.0,1,94.651113
10.0,1,94.653768
10.0,1,94.653768
10.0,1,94.661864
10.0,1,94.663869
10.0,1,94.666879
-10.0,1,94.668885
10.0,1,94.679902
10.0,1,94.682749
-10.0,1,94.683949
-10.0,1,94.685208
10.0,1,94.692915
10.0,1,94.696594
-10.0,1,94.696594
-10.0,1,94.699109
-10.0,1,94.707143
-10.0,1,94.708305
10.0,1,94.711762
10.0,1,94.711762
-10.0,1,94.720442
10.0,1,94.722447
-10.0,1,94.724453
10.0,1,94.726458
10.0,1,94.73785
-10.0,1,94.739856
10.0,1,94.741861
-10.0,1,94.743865
10.0,1,94.749008
10.0,1,94.749008
10.0,1,94.749008
10.0,1,94.749008
-10.0,1,94.766088
10.0,1,94.768094
-10.0,1,94.770099
10.0,1,94.772104
10.0,1,94.781329
-10.0,1,94.782404
-10.0,1,94.783654
10.0,1,94.785083
-10.0,1,94.793684
-10.0,1,94.79458
-10.0,1,94.796289
10.0,1,94.798032
-10.0,1,94.805761
-10.0,1,94.806807
10.0,1,94.809788
-10.0,1,94.812355
-10.0,1,94.819767
-10.0,1,94.820837
10.0,1,94.824412
10.0,1,94.825421
3.0,1,94.834781
10.0,1,94.836787
-10.0,1,94.840799
10.0,1,94.846678
10.0,1,94.85499
10.0,1,94.856736
-10.0,1,94.858756
-10.0,1,94.860074
10.0,1,94.868683
-10.0,1,94.869756
3.0,1,94.871017
10.0,1,94.873996
10.0,1,94.883439
10.0,1,94.883439
10.0,1,94.88598
-10.0,1,94.88793
-10.0,1,94.895796
10.0,1,94.898936
10.0,1,94.901585
10.0,1,94.903902
10.0,1,94.912456
10.0,1,94.914461
10.0,1,94.916466
10.0,1,94.91847
-10.0,1,94.926476
3.0,1,94.927608
10.0,1,94.930882
-10.0,1,94.930882
10.0,1,94.940233
10.0,1,94.9427
10.0,1,94.945254
10.0,1,94.945254
10.0,1,94.957499
-10.0,1,94.959505
10.0,1,94.96151
-10.0,1,94.963515
10.0,1,94.972716
-10.0,1,94.972716
10.0,1,94.977325
10.0,1,94.979464
-10.0,1,94.98544
10.0,1,94.987621
10.0,1,94.991254
10.0,1,94.993579
10.0,1,95.000043
10.0,1,95.003999
10.0,1,95.00634
-10.0,1,95.00634
10.0,1,95.016001
-10.0,1,95.019235
10.0,1,95.021603
3.0,1,95.021603
10.0,1,95.031987
10.0,1,95.03376
10.0,1,95.036404
-10.0,1,95.037443
-10.0,1,95.045707
10.0,1,95.048031
-10.0,1,95.049039
10.0,1,95.051564
10.0,1,95.059173
-10.0,1,95.060186
10.0,1,95.060186
10.0,1,95.063694
10.0,1,95.074926
-10.0,1,95.076932
3.0,1,95.078937
-10.0,1,95.080943
10.0,1,95.086935
-10.0,1,95.086935
10.0,1,95.086935
10.0,1,95.094458
3.0,1,95.104021
10.0,1,95.106027
10.0,1,95.110038
-10.0,1,95.112044
-10.0,1,95.118079
10.0,1,95.120085
-10.0,1,95.12209
10.0,1,95.124095
10.0,1,95.131035
10.0,1,95.133041
-10.0,1,95.135045
-10.0,1,95.137051
-10.0,1,95.14386
10.0,1,95.147871
10.0,1,95.149876
3.0,1,95.151881
-10.0,1,95.159296
-10.0,1,95.161507
10.0,1,95.162558
-10.0,1,95.162558
-10.0,1,95.171985
-10.0,1,95.176414
10.0,1,95.17988
10.0,1,95.17988
-10.0,1,95.188675
10.0,1,95.19068
-10.0,1,95.192686
3.0,1,95.194691
10.0,1,95.201955
10.0,1,95.204728
10.0,1,95.207507
10.0,1,95.210366
-10.0,1,95.217064
-10.0,1,95.218133
10.0,1,95.222264
10.0,1,95.222264
-10.0,1,95.231306
10.0,1,95.233755
10.0,1,95.233755
10.0,1,95.236718
10.0,1,95.245939
3.0,1,95.247947
-10.0,1,95.249954
10.0,1,95.253967
10.0,1,95.261183
10.0,1,95.265194
10.0,1,95.2672
10.0,1,95.271214
10.0,1,95.271214
-10.0,1,95.271214
10.0,1,95.284378
-10.0,1,95.287137
10.0,1,95.295887
10.0,1,95.298898
10.0,1,95.300904
10.0,1,95.304894
-10.0,1,95.311796
10.0,1,95.315996
10.0,1,95.317878
-10.0,1,95.317878
10.0,1,95.328015
10.0,1,95.331026
10.0,1,95.333031
10.0,1,95.337043
10.0,1,95.346069
-10.0,1,95.348713
-10.0,1,95.348713
3.0,1,95.355283
-10.0,1,95.362077
10.0,1,95.365076
10.0,1,95.367613
10.0,1,95.369008
-10.0,1,95.377663
10.0,1,95.379198
10.0,1,95.381288
10.0,1,95.386413
10.0,1,95.392746
10.0,1,95.395956
10.0,1,95.395956
10.0,1,95.395956
10.0,1,95.412736
10.0,1,95.415628
10.0,1,95.41833
-10.0,1,95.41833
3.0,1,95.428472
10.0,1,95.430477
-10.0,1,95.430477
10.0,1,95.434047
10.0,1,95.445227
10.0,1,95.447234
-10.0,1,95.449239
-10.0,1,95.451246
10.0,1,95.458003
10.0,1,95.462322
-10.0,1,95.466212
10.0,1,95.46867
10.0,1,95.475709
10.0,1,95.477715
10.0,1,95.481726
10.0,1,95.483732
-10.0,1,95.492802
-10.0,1,95.492802
-10.0,1,95.494809
10.0,1,95.496816
-10.0,1,95.50882
10.0,1,95.51251
10.0,1,95.51251
10.0,1,95.517148
10.0,1,95.526461
10.0,1,95.526461
10.0,1,95.529463
-10.0,1,95.533235
10.0,1,95.544023
-10.0,1,95.545238
-10.0,1,95.547553
10.0,1,95.548641
10.0,1,95.558917
10.0,1,95.561261
-10.0,1,95.562737
10.0,1,95.563955
3.0,1,95.570476
10.0,1,95.575811
10.0,1,95.575811
10.0,1,95.581733
3.0,1,95.589893
10.0,1,95.590975
-10.0,1,95.594695
-10.0,1,95.594695
10.0,1,95.605594
-10.0,1,95.6076
10.0,1,95.609607
-10.0,1,95.611613
10.0,1,95.624125
-10.0,1,95.62633
-10.0,1,95.628697
10.0,1,95.628697
-10.0,1,95.640886
10.0,1,95.64289
10.0,1,95.644898
10.0,1,95.648651
10.0,1,95.657577
10.0,1,95.659583
10.0,1,95.661589
10.0,1,95.6646
10.0,1,95.6646
10.0,1,95.6646
10.0,1,95.6646
-10.0,1,95.680474
10.0,1,95.680474
-10.0,1,95.680474
-10.0,1,95.680474
10.0,1,95.680474
-10.0,1,95.696349
-10.0,1,95.696349
10.0,1,95.696349
10.0,1,95.696349
-10.0,1,95.712085
10.0,1,95.712085
10.0,1,95.712085
10.0,1,95.712085
-10.0,1,95.727874
10.0,1,95.727874
-10.0,1,95.727874
10.0,1,95.727874
10.0,1,95.743777
-10.0,1,95.743777
10.0,1,95.743777
-10.0,1,95.743777
10.0,1,95.759561
10.0,1,95.759561
10.0,1,95.759561
10.0,1,95.759561
10.0,1,95.775331
-10.0,1,95.775331
10.0,1,95.775331
-10.0,1,95.775331
10.0,1,95.796013
10.0,1,95.800024
3.0,1,95.80203
-10.0,1,95.80203
10.0,1,95.809536
-10.0,1,95.811542
3.0,1,95.813548
-10.0,1,95.815553
10.0,1,95.823197
10.0,1,95.825203
10.0,1,95.829214
-10.0,1,95.829214
-10.0,1,95.837017
10.0,1,95.840578
-10.0,1,95.840578
-10.0,1,95.840578
10.0,1,95.856055
3.0,1,95.859849
10.0,1,95.859849
10.0,1,95.859849
10.0,1,95.873287
10.0,1,95.873287
10.0,1,95.873287
10.0,1,95.873287
10.0,1,95.888678
10.0,1,95.892689
10.0,1,95.894697
3.0,1,95.894697
10.0,1,95.906395
-10.0,1,95.906395
-10.0,1,95.908402
-10.0,1,95.910407
-10.0,1,95.918474
-10.0,1,95.92048
-10.0,1,95.922486
10.0,1,95.924492
10.0,1,95.934478
-10.0,1,95.936486
-10.0,1,95.938492
10.0,1,95.940498
10.0,1,95.949582
-10.0,1,95.95331
10.0,1,95.957677
-10.0,1,95.957677
10.0,1,95.966373
-10.0,1,95.96838
-10.0,1,95.96838
10.0,1,95.972578
-10.0,1,95.979494
10.0,1,95.983507
-10.0,1,95.985514
10.0,1,95.989526
10.0,1,95.997996
3.0,1,95.997996
-10.0,1,95.997996
-10.0,1,96.002468
-10.0,1,96.009528
10.0,1,96.012539
10.0,1,96.014545
-10.0,1,96.016551
10.0,1,96.023954
10.0,1,96.023954
-10.0,1,96.028525
10.0,1,96.031866
10.0,1,96.040496
-10.0,1,96.04184
10.0,1,96.044418
10.0,1,96.046638
10.0,1,96.052571
-10.0,1,96.059543
10.0,1,96.062555
10.0,1,96.062555
-10.0,1,96.073296
-10.0,1,96.075349
10.0,1,96.076354
10.0,1,96.076354
10.0,1,96.089727
10.0,1,96.09209
10.0,1,96.095542
10.0,1,96.095542
10.0,1,96.106658
10.0,1,96.109875
10.0,1,96.112069
-10.0,1,96.112069
-10.0,1,96.119814
10.0,1,96.121821
10.0,1,96.123827
10.0,1,96.12784
10.0,1,96.136357
-10.0,1,96.136357
10.0,1,96.139912
-10.0,1,96.141639
10.0,1,96.149946
-10.0,1,96.151953
-10.0,1,96.153959
10.0,1,96.157713
-10.0,1,96.167207
10.0,1,96.169578
10.0,1,96.171587
10.0,1,96.175524
10.0,1,96.185821
10.0,1,96.187568
-10.0,1,96.188648
10.0,1,96.192693
10.0,1,96.200832
10.0,1,96.200832
-10.0,1,96.205899
10.0,1,96.208157
10.0,1,96.21591
10.0,1,96.217915
10.0,1,96.219663
10.0,1,96.22167
10.0,1,96.229466
10.0,1,96.229466
10.0,1,96.235775
-10.0,1,96.235775
-10.0,1,96.243929
10.0,1,96.248074
10.0,1,96.25008
-10.0,1,96.25461
-10.0,1,96.263229
10.0,1,96.265234
-10.0,1,96.267241
10.0,1,96.269247
10.0,1,96.276504
-10.0,1,96.27851
-10.0,1,96.280517
10.0,1,96.282524
-10.0,1,96.294787
10.0,1,96.29696
-10.0,1,96.298465
-10.0,1,96.300576
-10.0,1,96.309411
-10.0,1,96.309411
10.0,1,96.314392
3.0,1,96.316314
10.0,1,96.325842
-10.0,1,96.325842
10.0,1,96.3302
-10.0,1,96.3302
-10.0,1,96.338732
10.0,1,96.341199
-10.0,1,96.341199
10.0,1,96.346309
10.0,1,96.354728
10.0,1,96.357964
10.0,1,96.360412
10.0,1,96.362162
-10.0,1,96.372196
10.0,1,96.374778
10.0,1,96.377233
-10.0,1,96.378241
-10.0,1,96.386261
-10.0,1,96.389849
3.0,1,96.392114
-10.0,1,96.392114
3.0,1,96.405009
3.0,1,96.407014
10.0,1,96.40902
10.0,1,96.411214
10.0,1,96.419554
10.0,1,96.422558
-10.0,1,96.423586
-10.0,1,96.425896
10.0,1,96.436242
10.0,1,96.437573
10.0,1,96.437573
10.0,1,96.445446
3.0,1,96.452584
10.0,1,96.456953
-10.0,1,96.457961
-10.0,1,96.459539
3.0,1,96.468348
10.0,1,96.470073
-10.0,1,96.470073
10.0,1,96.47501
10.0,1,96.481022
-10.0,1,96.483028
10.0,1,96.487041
10.0,1,96.489047
10.0,1,96.497834
-10.0,1,96.49984
10.0,1,96.50385
-10.0,1,96.50819
10.0,1,96.518632
10.0,1,96.520055
10.0,1,96.520055
10.0,1,96.526009
10.0,1,96.535906
10.0,1,96.538313
10.0,1,96.54107
10.0,1,96.54107
-10.0,1,96.551942
-10.0,1,96.553046
10.0,1,96.553046
10.0,1,96.553046
10.0,1,96.565684
10.0,1,96.570642
10.0,1,96.572649
10.0,1,96.574655
10.0,1,96.586052
10.0,1,96.587903
10.0,1,96.591914
3.0,1,96.594775
10.0,1,96.603359
10.0,1,96.606611
10.0,1,96.608617
10.0,1,96.610624
10.0,1,96.624099
10.0,1,96.627167
10.0,1,96.627167
3.0,1,96.631175
-10.0,1,96.639835
10.0,1,96.641121
-10.0,1,96.645732
10.0,1,96.648304
-10.0,1,96.65555
10.0,1,96.657115
10.0,1,96.660851
-10.0,1,96.661907
10.0,1,96.670613
-10.0,1,96.670613
10.0,1,96.674047
10.0,1,96.676799
-10.0,1,96.683632
10.0,1,96.687645
10.0,1,96.68965
10.0,1,96.691655
10.0,1,96.700593
10.0,1,96.702599
10.0,1,96.704605
10.0,1,96.70661
-10.0,1,96.715769
10.0,1,96.717775
-10.0,1,96.71978
10.0,1,96.721785
10.0,1,96.731696
10.0,1,96.731696
10.0,1,96.731696
10.0,1,96.731696
-10.0,1,96.749017
-10.0,1,96.751022
10.0,1,96.753027
10.0,1,96.755032
-10.0,1,96.764117
10.0,1,96.766122
-10.0,1,96.768134
10.0,1,96.770139
-10.0,1,96.778
-10.0,1,96.780006
-10.0,1,96.782012
10.0,1,96.784017
-10.0,1,96.79207
10.0,1,96.79458
10.0,1,96.796585
3.0,1,96.79859
10.0,1,96.807683
10.0,1,96.809688
10.0,1,96.811692
10.0,1,96.813698
10.0,1,96.823808
10.0,1,96.825814
-10.0,1,96.827818
10.0,1,96.827818
10.0,1,96.837439
10.0,1,96.839445
10.0,1,96.839445
-10.0,1,96.839445
10.0,1,96.858008
10.0,1,96.860013
10.0,1,96.862019
10.0,1,96.864024
10.0,1,96.870209
10.0,1,96.870209
10.0,1,96.870209
10.0,1,96.870209
-10.0,1,96.888308
10.0,1,96.891337
-10.0,1,96.893342
-10.0,1,96.894847
3.0,1,96.903422
-10.0,1,96.90543
10.0,1,96.909717
10.0,1,96.909717
10.0,1,96.920077
-10.0,1,96.922083
10.0,1,96.924088
-10.0,1,96.926094
-10.0,1,96.932058
-10.0,1,96.932058
-10.0,1,96.932058
10.0,1,96.932058
-10.0,1,96.946673
10.0,1,96.948179
10.0,1,96.956529
-10.0,1,96.956529
10.0,1,96.964278
10.0,1,96.964278
10.0,1,96.964278
-10.0,1,96.964278
10.0,1,96.982051
10.0,1,96.984057
-10.0,1,96.986063
10.0,1,96.988068
10.0,1,96.99598
-10.0,1,96.997986
10.0,1,96.999992
-10.0,1,97.001999
10.0,1,97.008685
-10.0,1,97.012056
10.0,1,97.012056
10.0,1,97.012056
10.0,1,97.027022
10.0,1,97.028027
-10.0,1,97.030033
10.0,1,97.032259
10.0,1,97.04185
-10.0,1,97.04185
-10.0,1,97.043854
3.0,1,97.043854
10.0,1,97.054516
10.0,1,97.057818
-10.0,1,97.059571
10.0,1,97.062404
10.0,1,97.075292
10.0,1,97.076531
-10.0,1,97.076531
10.0,1,97.081789
10.0,1,97.091412
3.0,1,97.095249
10.0,1,97.095249
10.0,1,97.095249
10.0,1,97.107479
-10.0,1,97.108809
10.0,1,97.112611
-10.0,1,97.112611
3.0,1,97.122192
10.0,1,97.123198
10.0,1,97.127209
-10.0,1,97.129216
10.0,1,97.129216
10.0,1,97.139068
10.0,1,97.139068
10.0,1,97.145785
-10.0,1,97.152895
10.0,1,97.155963
10.0,1,97.155963
10.0,1,97.161595
-10.0,1,97.168386
10.0,1,97.174411
10.0,1,97.178424
10.0,1,97.18043
10.0,1,97.191108
-10.0,1,97.193114
10.0,1,97.19512
10.0,1,97.197127
10.0,1,97.207755
-10.0,1,97.209762
10.0,1,97.211769
10.0,1,97.213775
-10.0,1,97.220954
10.0,1,97.224966
-10.0,1,97.226972
-10.0,1,97.226972
-10.0,1,97.233035
10.0,1,97.233035
10.0,1,97.233035
10.0,1,97.233035
10.0,1,97.252086
10.0,1,97.254092
-10.0,1,97.256099
-10.0,1,97.258106
10.0,1,97.266839
10.0,1,97.269467
10.0,1,97.269467
-10.0,1,97.269467
10.0,1,97.283974
-10.0,1,97.285986
3.0,1,97.288574
10.0,1,97.290965
-10.0,1,97.299011
-10.0,1,97.301016
10.0,1,97.302838
-10.0,1,97.304841
10.0,1,97.313602
10.0,1,97.313602
10.0,1,97.313602
-10.0,1,97.313602
10.0,1,97.327938
10.0,1,97.327938
3.0,1,97.327938
10.0,1,97.327938
10.0,1,97.343205
-10.0,1,97.346315
10.0,1,97.349694
-10.0,1,97.350828
10.0,1,97.361055
-10.0,1,97.361055
10.0,1,97.36507
10.0,1,97.369084
10.0,1,97.378206
3.0,1,97.380212
-10.0,1,97.382221
-10.0,1,97.384231
-10.0,1,97.395417
10.0,1,97.395417
3.0,1,97.395417
10.0,1,97.395417
10.0,1,97.411595
10.0,1,97.415609
10.0,1,97.417616
10.0,1,97.419622
10.0,1,97.427202
3.0,1,97.430964
10.0,1,97.430964
10.0,1,97.436437
10.0,1,97.445149
10.0,1,97.447982
-10.0,1,97.449791
10.0,1,97.452307
-10.0,1,97.459899
-10.0,1,97.461609
10.0,1,97.461609
10.0,1,97.461609
10.0,1,97.477152
-10.0,1,97.477152
10.0,1,97.481193
-10.0,1,97.481193
-10.0,1,97.490037
10.0,1,97.492806
-10.0,1,97.492806
10.0,1,97.496583
10.0,1,97.506047
10.0,1,97.506047
10.0,1,97.509651
10.0,1,97.513963
-10.0,1,97.522166
-10.0,1,97.522166
-10.0,1,97.524387
10.0,1,97.52819
10.0,1,97.537133
-10.0,1,97.537133
10.0,1,97.537133
-10.0,1,97.537133
10.0,1,97.551832
-10.0,1,97.551832
3.0,1,97.551832
10.0,1,97.557513
10.0,1,97.565443
3.0,1,97.565443
10.0,1,97.567967
10.0,1,97.572014
10.0,1,97.579118
-10.0,1,97.581125
10.0,1,97.581125
-10.0,1,97.581125
10.0,1,97.595111
-10.0,1,97.596219
10.0,1,97.599075
-10.0,1,97.599075
10.0,1,97.608564
10.0,1,97.608564
10.0,1,97.61696
10.0,1,97.618424
10.0,1,97.626994
-10.0,1,97.628999
10.0,1,97.63301
10.0,1,97.635016
10.0,1,97.643679
10.0,1,97.646976
-10.0,1,97.646976
-10.0,1,97.649158
-10.0,1,97.656252
10.0,1,97.658257
10.0,1,97.660262
-10.0,1,97.662269
10.0,1,97.67064
-10.0,1,97.672646
-10.0,1,97.674651
10.0,1,97.676156
-10.0,1,97.684601
-10.0,1,97.685618
-10.0,1,97.687188
-10.0,1,97.688681
10.0,1,97.696322
-10.0,1,97.698327
10.0,1,97.700332
10.0,1,97.702338
10.0,1,97.711148
10.0,1,97.715158
-10.0,1,97.715158
10.0,1,97.717163
10.0,1,97.724948
-10.0,1,97.724948
10.0,1,97.724948
-10.0,1,97.724948
10.0,1,97.741838
-10.0,1,97.741838
3.0,1,97.743843
3.0,1,97.745848
10.0,1,97.753494
10.0,1,97.757506
10.0,1,97.759511
-10.0,1,97.761516
-10.0,1,97.770758
3.0,1,97.773822
10.0,1,97.77621
10.0,1,97.7786
10.0,1,97.78747
10.0,1,97.789615
10.0,1,97.792582
10.0,1,97.792582
-10.0,1,97.801395
10.0,1,97.804707
10.0,1,97.804707
-10.0,1,97.807059
10.0,1,97.816862
10.0,1,97.818366
-10.0,1,97.820372
-10.0,1,97.822379
-10.0,1,97.828532
-10.0,1,97.830537
10.0,1,97.832541
10.0,1,97.834287
10.0,1,97.846877
-10.0,1,97.846877
-10.0,1,97.851188
10.0,1,97.853682
-10.0,1,97.860823
10.0,1,97.862828
10.0,1,97.864833
-10.0,1,97.866839
10.0,1,97.87533
-10.0,1,97.876355
-10.0,1,97.878561
10.0,1,97.880587
10.0,1,97.888837
-10.0,1,97.890843
-10.0,1,97.892849
10.0,1,97.895354
10.0,1,97.904243
10.0,1,97.904243
10.0,1,97.90901
10.0,1,97.911651
3.0,1,97.918279
10.0,1,97.922292
-10.0,1,97.924297
10.0,1,97.926302
10.0,1,97.933939
-10.0,1,97.933939
10.0,1,97.935944
-10.0,1,97.937949
10.0,1,97.950114
10.0,1,97.951552
-10.0,1,97.952579
10.0,1,97.956331
10.0,1,97.964705
10.0,1,97.967704
10.0,1,97.967704
10.0,1,97.971214
10.0,1,97.979215
10.0,1,97.98122
10.0,1,97.983226
10.0,1,97.985232
10.0,1,97.994114
3.0,1,97.99562
10.0,1,97.997625
10.0,1,97.99963
10.0,1,98.008666
10.0,1,98.010671
10.0,1,98.012676
10.0,1,98.014682
10.0,1,98.022893
-10.0,1,98.026369
10.0,1,98.028879
10.0,1,98.03012
-10.0,1,98.038852
10.0,1,98.040857
10.0,1,98.042862
10.0,1,98.044866
10.0,1,98.052624
10.0,1,98.059114
10.0,1,98.062104
-10.0,1,98.062104
10.0,1,98.072505
-10.0,1,98.074509
-10.0,1,98.074509
10.0,1,98.07852
10.0,1,98.086429
10.0,1,98.088437
3.0,1,98.090442
10.0,1,98.092448
-10.0,1,98.100105
-10.0,1,98.102111
3.0,1,98.104116
-10.0,1,98.106122
3.0,1,98.113164
10.0,1,98.117176
10.0,1,98.118181
10.0,1,98.122191
10.0,1,98.128765
-10.0,1,98.13077
-10.0,1,98.132776
10.0,1,98.136286
3.0,1,98.144766
10.0,1,98.148777
-10.0,1,98.150281
10.0,1,98.152285
10.0,1,98.159304
10.0,1,98.16131
-10.0,1,98.163314
10.0,1,98.166326
10.0,1,98.175647
10.0,1,98.176691
-10.0,1,98.178571
10.0,1,98.180477
10.0,1,98.190308
10.0,1,98.193339
-10.0,1,98.193339
-10.0,1,98.195346
10.0,1,98.202972
-10.0,1,98.20403
-10.0,1,98.205867
10.0,1,98.209088
10.0,1,98.213388
10.0,1,98.213388
10.0,1,98.213388
-10.0,1,98.213388
10.0,1,98.231146
3.0,1,98.233151
-10.0,1,98.235156
-10.0,1,98.235156
10.0,1,98.243052
-10.0,1,98.246807
-10.0,1,98.248813
-10.0,1,98.252824
-10.0,1,98.260291
10.0,1,98.262297
10.0,1,98.264307
10.0,1,98.266313
-10.0,1,98.274234
10.0,1,98.275981
-10.0,1,98.280972
10.0,1,98.284815
3.0,1,98.292105
-10.0,1,98.294113
10.0,1,98.295618
-10.0,1,98.297624
10.0,1,98.307355
10.0,1,98.307355
10.0,1,98.310916
10.0,1,98.314586
10.0,1,98.321044
10.0,1,98.325056
10.0,1,98.327061
10.0,1,98.329067
-10.0,1,98.338095
-10.0,1,98.3391
10.0,1,98.34199
10.0,1,98.34199
-10.0,1,98.350899
10.0,1,98.352904
10.0,1,98.354909
10.0,1,98.35892
10.0,1,98.36526
10.0,1,98.367266
10.0,1,98.371017
10.0,1,98.375027
10.0,1,98.383909
10.0,1,98.386765
10.0,1,98.390946
10.0,1,98.392952
10.0,1,98.402827
10.0,1,98.402827
10.0,1,98.405998
10.0,1,98.410157
10.0,1,98.417543
10.0,1,98.419669
10.0,1,98.420684
10.0,1,98.424107
10.0,1,98.430559
10.0,1,98.434311
10.0,1,98.436316
10.0,1,98.438321
10.0,1,98.447673
3.0,1,98.450182
-10.0,1,98.450689
10.0,1,98.452578
-10.0,1,98.461042
-10.0,1,98.463048
-10.0,1,98.465053
10.0,1,98.466058
10.0,1,98.476557
-10.0,1,98.476557
10.0,1,98.481184
10.0,1,98.48377
10.0,1,98.490431
-10.0,1,98.492437
10.0,1,98.494442
10.0,1,98.495447
10.0,1,98.507989
10.0,1,98.507989
10.0,1,98.510393
10.0,1,98.515221
-10.0,1,98.521821
10.0,1,98.522865
10.0,1,98.526648
10.0,1,98.528396
-10.0,1,98.745913
-10.0,1,98.747919
10.0,1,98.751931
10.0,1,98.753936
10.0,1,98.762576
10.0,1,98.765586
10.0,1,98.767591
10.0,1,98.769597
10.0,1,98.778068
10.0,1,98.781579
10.0,1,98.783586
10.0,1,98.785591
-10.0,1,98.79287
10.0,1,98.797384
10.0,1,98.799389
10.0,1,98.801394
10.0,1,98.810104
10.0,1,98.813394
3.0,1,98.814509
3.0,1,98.815605
-10.0,1,98.823357
10.0,1,98.826044
10.0,1,98.828208
-10.0,1,98.8304
-10.0,1,98.839103
10.0,1,98.841109
-10.0,1,98.843115
-10.0,1,98.844862
10.0,1,98.853806
-10.0,1,98.855811
3.0,1,98.857816
10.0,1,98.859821
-10.0,1,98.866487
10.0,1,98.868493
10.0,1,98.870497
10.0,1,98.872503
10.0,1,98.88147
10.0,1,98.88387
10.0,1,98.886171
10.0,1,98.888428
-10.0,1,98.895604
-10.0,1,98.895604
-10.0,1,98.899361
10.0,1,98.902056
10.0,1,98.911757
-10.0,1,98.911757
10.0,1,98.916626
-10.0,1,98.916626
10.0,1,98.926423
10.0,1,98.928429
-10.0,1,98.930434
10.0,1,98.93244
10.0,1,98.944678
10.0,1,98.946684
10.0,1,98.948689
10.0,1,98.9527
10.0,1,98.959479
-10.0,1,98.961489
-10.0,1,98.963494
3.0,1,98.965499
10.0,1,98.974906
10.0,1,98.976912
10.0,1,98.978917
3.0,1,98.980922
10.0,1,98.990522
10.0,1,98.992526
-10.0,1,98.994532
10.0,1,98.995537
10.0,1,99.003663
-10.0,1,99.005668
10.0,1,99.007673
10.0,1,99.009677
10.0,1,99.019377
10.0,1,99.021382
-10.0,1,99.023387
-10.0,1,99.025392
-10.0,1,99.032902
3.0,1,99.034907
10.0,1,99.036913
10.0,1,99.038919
10.0,1,99.049032
-10.0,1,99.050778
10.0,1,99.056856
3.0,1,99.058861
10.0,1,99.068792
-10.0,1,99.070797
10.0,1,99.072803
-10.0,1,99.074807
10.0,1,99.082633
10.0,1,99.084639
-10.0,1,99.086646
10.0,1,99.088651
-10.0,1,99.097724
10.0,1,99.098746
10.0,1,99.102968
10.0,1,99.105154
10.0,1,99.111756
-10.0,1,99.114027
10.0,1,99.118104
10.0,1,99.120112
10.0,1,99.130054
10.0,1,99.133106
10.0,1,99.135877
10.0,1,99.138491
10.0,1,99.146052
10.0,1,99.15074
10.0,1,99.152932
10.0,1,99.152932
10.0,1,99.16504
10.0,1,99.169051
3.0,1,99.171057
-10.0,1,99.173063
10.0,1,99.180736
10.0,1,99.184746
-10.0,1,99.184746
10.0,1,99.186752
10.0,1,99.196007
10.0,1,99.199088
10.0,1,99.201126
10.0,1,99.20315
10.0,1,99.209316
10.0,1,99.209316
10.0,1,99.209316
10.0,1,99.209316
10.0,1,99.227499
10.0,1,99.227499
10.0,1,99.232176
10.0,1,99.234691
-10.0,1,99.241827
-10.0,1,99.243833
10.0,1,99.245838
-10.0,1,99.247844
10.0,1,99.256817
-10.0,1,99.258824
10.0,1,99.260829
-10.0,1,99.262836
10.0,1,99.270968
10.0,1,99.273202
-10.0,1,99.273202
-10.0,1,99.279922
10.0,1,99.287903
-10.0,1,99.290095
10.0,1,99.293688
-10.0,1,99.293688
-10.0,1,99.300742
10.0,1,99.302928
10.0,1,99.305018
10.0,1,99.307839
10.0,1,99.313736
-10.0,1,99.315741
10.0,1,99.31975
3.0,1,99.321756
10.0,1,99.328935
10.0,1,99.331658
-10.0,1,99.331658
10.0,1,99.333722
10.0,1,99.342897
10.0,1,99.342897
10.0,1,99.344901
-10.0,1,99.347231
10.0,1,99.354832
10.0,1,99.356838
-10.0,1,99.358843
10.0,1,99.360848
10.0,1,99.368966
10.0,1,99.372094
10.0,1,99.372094
-10.0,1,99.374742
10.0,1,99.383914
10.0,1,99.383914
-10.0,1,99.383914
10.0,1,99.383914
10.0,1,99.400546
-10.0,1,99.402551
10.0,1,99.404556
-10.0,1,99.406561
-10.0,1,99.414871
-10.0,1,99.416877
-10.0,1,99.416877
-10.0,1,99.418881
-10.0,1,99.428602
-10.0,1,99.430885
10.0,1,99.430885
3.0,1,99.433176
-10.0,1,99.443483
10.0,1,99.445938
-10.0,1,99.448057
-10.0,1,99.448057
10.0,1,99.458457
10.0,1,99.458457
10.0,1,99.460889
10.0,1,99.464002
10.0,1,99.471089
-10.0,1,99.473094
10.0,1,99.475099
10.0,1,99.477104
-10.0,1,99.484694
10.0,1,99.485727
10.0,1,99.490121
10.0,1,99.490121
-10.0,1,99.500813
10.0,1,99.502817
10.0,1,99.504822
-10.0,1,99.506828
-10.0,1,99.512691
10.0,1,99.516816
10.0,1,99.516816
10.0,1,99.521502
10.0,1,99.528314
10.0,1,99.530319
-10.0,1,99.532324
10.0,1,99.534329
10.0,1,99.542216
10.0,1,99.544221
10.0,1,99.54823
10.0,1,99.550235
10.0,1,99.558271
-10.0,1,99.560276
-10.0,1,99.560276
-10.0,1,99.56228
10.0,1,99.569563
-10.0,1,99.571568
10.0,1,99.573573
10.0,1,99.575578
10.0,1,99.582804
10.0,1,99.58481
-10.0,1,99.586816
10.0,1,99.59014
10.0,1,99.598204
10.0,1,99.600688
10.0,1,99.602921
-10.0,1,99.602921
-10.0,1,99.614107
3.0,1,99.615123
10.0,1,99.616394
10.0,1,99.620765
-10.0,1,99.626697
10.0,1,99.627727
10.0,1,99.629107
10.0,1,99.633585
10.0,1,99.640718
-10.0,1,99.640718
-10.0,1,99.640718
10.0,1,99.640718
10.0,1,99.655029
10.0,1,99.658155
-10.0,1,99.658155
10.0,1,99.660193
10.0,1,99.668468
10.0,1,99.672003
-10.0,1,99.674531
3.0,1,99.67673
3.0,1,99.684286
10.0,1,99.684286
10.0,1,99.684286
10.0,1,99.690567
-10.0,1,99.696363
3.0,1,99.698368
-10.0,1,99.700373
-10.0,1,99.702378
-10.0,1,99.709173
-10.0,1,99.709173
10.0,1,99.711178
10.0,1,99.714187
10.0,1,99.724194
10.0,1,99.726199
-10.0,1,99.728204
10.0,1,99.72995
-10.0,1,99.737757
3.0,1,99.739761
10.0,1,99.741766
3.0,1,99.743771
10.0,1,99.750281
-10.0,1,99.752287
-10.0,1,99.754292
10.0,1,99.756296
3.0,1,99.763872
-10.0,1,99.763872
-10.0,1,99.766371
-10.0,1,99.766371
10.0,1,99.775172
10.0,1,99.777743
10.0,1,99.780168
10.0,1,99.782288
-10.0,1,99.787385
10.0,1,99.787385
10.0,1,99.793474
-10.0,1,99.793474
10.0,1,99.804121
10.0,1,99.806126
10.0,1,99.808131
10.0,1,99.809136
10.0,1,99.817034
10.0,1,99.819039
-10.0,1,99.821044
-10.0,1,99.82305
10.0,1,99.832158
-10.0,1,99.833185
10.0,1,99.835235
10.0,1,99.83873
-10.0,1,99.845289
-10.0,1,99.847293
10.0,1,99.849298
-10.0,1,99.851303
10.0,1,99.860479
10.0,1,99.862484
10.0,1,99.864489
10.0,1,99.866493
10.0,1,99.874214
-10.0,1,99.87622
-10.0,1,99.878226
-10.0,1,99.880232
10.0,1,99.889381
-10.0,1,99.891386
3.0,1,99.891386
-10.0,1,99.893391
-10.0,1,99.902746
10.0,1,99.903904
-10.0,1,99.903904
10.0,1,99.907527
10.0,1,99.915422
10.0,1,99.918432
10.0,1,99.920436
10.0,1,99.922441
10.0,1,99.930519
10.0,1,99.932524
10.0,1,99.93427
10.0,1,99.941009
10.0,1,99.948943
10.0,1,99.951038
10.0,1,99.954175
10.0,1,99.956612
10.0,1,99.962667
-10.0,1,99.965676
-10.0,1,99.965676
10.0,1,99.967682
-10.0,1,99.974029
-10.0,1,99.97537
-10.0,1,99.977256
-10.0,1,99.978856
10.0,1,99.985629
10.0,1,99.987634
10.0,1,99.98964
-10.0,1,99.991645
10.0,1,100.000561
10.0,1,100.00348
10.0,1,100.005672
10.0,1,100.007864
10.0,1,100.015407
10.0,1,100.018076
-10.0,1,100.018076
10.0,1,100.019973
10.0,1,100.02701
-10.0,1,100.029015
10.0,1,100.031021
10.0,1,100.033026
3.0,1,100.041106
10.0,1,100.042134
-10.0,1,100.046049
10.0,1,100.046049
-10.0,1,100.056463
-10.0,1,100.058468
-10.0,1,100.060473
10.0,1,100.06248
10.0,1,100.069455
10.0,1,100.07146
-10.0,1,100.073465
10.0,1,100.075469
10.0,1,100.084044
10.0,1,100.084044
10.0,1,100.086226
10.0,1,100.090368
10.0,1,100.096305
10.0,1,100.09831
10.0,1,100.100315
3.0,1,100.102319
3.0,1,100.110864
-10.0,1,100.112869
10.0,1,100.114873
10.0,1,100.116878
-10.0,1,100.124831
-10.0,1,100.125881
-10.0,1,100.12835
10.0,1,100.12835
-10.0,1,100.13613
10.0,1,100.138135
-10.0,1,100.14014
10.0,1,100.142145
10.0,1,100.149143
10.0,1,100.150181
10.0,1,100.154153
10.0,1,100.156405
-10.0,1,100.16505
10.0,1,100.16505
10.0,1,100.16505
10.0,1,100.169348
-10.0,1,100.17634
3.0,1,100.178407
-10.0,1,100.179551
10.0,1,100.183048
-10.0,1,100.190083
10.0,1,100.192088
10.0,1,100.194093
10.0,1,100.196597
10.0,1,100.202706
10.0,1,100.204711
-10.0,1,100.206716
10.0,1,100.208721
-10.0,1,100.214089
10.0,1,100.216094
10.0,1,100.218099
10.0,1,100.220104
10.0,1,100.228406
-10.0,1,100.229433
10.0,1,100.233049
10.0,1,100.234055
10.0,1,100.243215
-10.0,1,100.243215
10.0,1,100.24649
3.0,1,100.24649
-10.0,1,100.254433
10.0,1,100.257189
-10.0,1,100.257189
-10.0,1,100.261308
10.0,1,100.271792
-10.0,1,100.273797
-10.0,1,100.273797
-10.0,1,100.275802
-10.0,1,100.284651
3.0,1,100.286657
3.0,1,100.288662
10.0,1,100.290667
10.0,1,100.298651
-10.0,1,100.298651
10.0,1,100.30111
-10.0,1,100.302415
10.0,1,100.31132
3.0,1,100.312826
-10.0,1,100.313883
10.0,1,100.31596
10.0,1,100.32456
-10.0,1,100.32456
-10.0,1,100.327253
10.0,1,100.33026
10.0,1,100.337612
10.0,1,100.339617
10.0,1,100.341622
10.0,1,100.344632
-10.0,1,100.351559
-10.0,1,100.353962
10.0,1,100.353962
10.0,1,100.353962
10.0,1,100.364318
-10.0,1,100.366323
10.0,1,100.368328
10.0,1,100.370334
10.0,1,100.382537
10.0,1,100.384542
10.0,1,100.386547
10.0,1,100.388552
10.0,1,100.398408
10.0,1,100.400413
10.0,1,100.402418
10.0,1,100.404423
10.0,1,100.409995
10.0,1,100.415897
10.0,1,100.415897
10.0,1,100.420116
10.0,1,100.427359
10.0,1,100.429365
-10.0,1,100.431369
10.0,1,100.433374
10.0,1,100.440795
10.0,1,100.4428
-10.0,1,100.444804
-10.0,1,100.446809
10.0,1,100.454587
-10.0,1,100.455594
10.0,1,100.455594
10.0,1,100.459948
10.0,1,100.468371
-10.0,1,100.468371
10.0,1,100.471504
-10.0,1,100.471504
10.0,1,100.479212
10.0,1,100.480242
10.0,1,100.482157
-10.0,1,100.484166
10.0,1,100.495306
-10.0,1,100.496835
-10.0,1,100.498638
-10.0,1,100.499905
10.0,1,100.50743
10.0,1,100.511441
10.0,1,100.513446
10.0,1,100.515451
10.0,1,100.522213
10.0,1,100.523263
10.0,1,100.527283
10.0,1,100.527283
-10.0,1,100.539374
-10.0,1,100.54039
10.0,1,100.541844
10.0,1,100.546118
10.0,1,100.55378
10.0,1,100.555784
-10.0,1,100.555784
-10.0,1,100.55779
-10.0,1,100.56557
10.0,1,100.56873
-10.0,1,100.56873
10.0,1,100.572322
10.0,1,100.578382
-10.0,1,100.580387
-10.0,1,100.582392
3.0,1,100.584398
10.0,1,100.593217
10.0,1,100.593217
10.0,1,100.597149
-10.0,1,100.597653
-10.0,1,100.60873
-10.0,1,100.609783
10.0,1,100.613374
-10.0,1,100.613881
10.0,1,100.620955
10.0,1,100.62296
10.0,1,100.624965
10.0,1,100.628974
10.0,1,100.636222
10.0,1,100.638547
-10.0,1,100.639051
10.0,1,100.642975
3.0,1,100.651391
10.0,1,100.653395
10.0,1,100.6554
-10.0,1,100.6554
10.0,1,100.663892
-10.0,1,100.664937
10.0,1,100.667004
10.0,1,100.668284
-10.0,1,100.676351
10.0,1,100.678355
10.0,1,100.68036
-10.0,1,100.682364
10.0,1,100.690885
10.0,1,100.693399
10.0,1,100.695895
-10.0,1,100.697401
10.0,1,100.704515
10.0,1,100.708266
10.0,1,100.7126
-10.0,1,100.714605
10.0,1,100.7215
-10.0,1,100.725511
-10.0,1,100.725511
10.0,1,100.727515
10.0,1,100.736666
10.0,1,100.736666
-10.0,1,100.739172
10.0,1,100.743202
10.0,1,100.749935
-10.0,1,100.750966
10.0,1,100.75288
10.0,1,100.755245
-10.0,1,100.762482
-10.0,1,100.763522
10.0,1,100.766301
10.0,1,100.768609
10.0,1,100.77646
10.0,1,100.77646
10.0,1,100.780657
-10.0,1,100.780657
10.0,1,100.789428
10.0,1,100.791433
-10.0,1,100.791433
10.0,1,100.793438
-10.0,1,100.802386
-10.0,1,100.802386
10.0,1,100.804624
10.0,1,100.806622
10.0,1,100.815279
-10.0,1,100.818302
10.0,1,100.818302
10.0,1,100.818302
3.0,1,100.833295
10.0,1,100.834299
10.0,1,100.836305
10.0,1,100.83831
-10.0,1,100.845467
-10.0,1,100.847472
10.0,1,100.849477
10.0,1,100.851482
10.0,1,100.8597
-10.0,1,100.861705
-10.0,1,100.86371
-10.0,1,100.865456
-10.0,1,100.871332
10.0,1,100.873337
-10.0,1,100.875342
10.0,1,100.877347
10.0,1,100.886911
10.0,1,100.886911
-10.0,1,100.889042
10.0,1,100.890906
10.0,1,100.898433
10.0,1,100.900438
10.0,1,100.904448
-10.0,1,100.904448
-10.0,1,100.912098
10.0,1,100.915057
10.0,1,100.917416
-10.0,1,100.917416
3.0,1,100.925277
10.0,1,100.928197
10.0,1,100.928197
10.0,1,100.936751
10.0,1,100.943357
-10.0,1,100.945362
10.0,1,100.947368
-10.0,1,100.949374
10.0,1,100.95926
-10.0,1,100.95926
-10.0,1,100.961264
-10.0,1,100.96327
-10.0,1,100.969224
-10.0,1,100.97123
-10.0,1,100.973234
-10.0,1,100.974979
10.0,1,100.979976
-10.0,1,100.984306
-10.0,1,100.986452
10.0,1,100.988647
10.0,1,100.99764
10.0,1,100.999645
10.0,1,101.001649
-10.0,1,101.003654
10.0,1,101.011843
10.0,1,101.011843
-10.0,1,101.015236
-10.0,1,101.017147
-10.0,1,101.025139
10.0,1,101.027144
-10.0,1,101.027144
-10.0,1,101.029149
3.0,1,101.036286
10.0,1,101.0373
-10.0,1,101.040202
10.0,1,101.046167
-10.0,1,101.052706
-10.0,1,101.05372
-10.0,1,101.055056
-10.0,1,101.056255
3.0,1,101.063784
-10.0,1,101.063784
10.0,1,101.067725
10.0,1,101.070036
10.0,1,101.077209
10.0,1,101.079214
-10.0,1,101.081219
-10.0,1,101.083224
3.0,1,101.089576
3.0,1,101.090593
10.0,1,101.094227
10.0,1,101.096362
10.0,1,101.104606
10.0,1,101.10756
10.0,1,101.109942
-10.0,1,101.109942
10.0,1,101.118811
-10.0,1,101.120816
10.0,1,101.12282
10.0,1,101.124825
10.0,1,101.132127
3.0,1,101.133165
-10.0,1,101.134911
3.0,1,101.136667
10.0,1,101.143895
-10.0,1,101.144931
10.0,1,101.148768
10.0,1,101.150777
10.0,1,101.160891
10.0,1,101.162896
10.0,1,101.164901
10.0,1,101.166647
10.0,1,101.174299
-10.0,1,101.176304
10.0,1,101.178308
10.0,1,101.180313
3.0,1,101.189186
-10.0,1,101.189186
10.0,1,101.191252
10.0,1,101.193609
10.0,1,101.201588
10.0,1,101.20261
10.0,1,101.206619
10.0,1,101.206619
10.0,1,101.215386
10.0,1,101.217391
10.0,1,101.219397
-10.0,1,101.221402
10.0,1,101.230868
-10.0,1,101.232871
10.0,1,101.235078
-10.0,1,101.235078
10.0,1,101.244911
10.0,1,101.246916
10.0,1,101.24892
3.0,1,101.250925
10.0,1,101.258201
10.0,1,101.264372
10.0,1,101.267272
10.0,1,101.267272
10.0,1,101.276855
-10.0,1,101.276855
10.0,1,101.280819
-10.0,1,101.280819
10.0,1,101.290025
-10.0,1,101.291772
-10.0,1,101.293777
-10.0,1,101.295782
10.0,1,101.301752
10.0,1,101.303757
-10.0,1,101.305762
-10.0,1,101.307508
10.0,1,101.313714
-10.0,1,101.315719
10.0,1,101.317724
-10.0,1,101.319728
10.0,1,101.327798
-10.0,1,101.327798
-10.0,1,101.331144
10.0,1,101.334376
10.0,1,101.341194
10.0,1,101.3432
10.0,1,101.347209
-10.0,1,101.349213
10.0,1,101.356979
10.0,1,101.356979
10.0,1,101.362488
10.0,1,101.362488
10.0,1,101.370058
10.0,1,101.370058
10.0,1,101.370058
-10.0,1,101.370058
10.0,1,101.389332
10.0,1,101.391337
10.0,1,101.395347
-10.0,1,101.395347
10.0,1,101.404107
10.0,1,101.406826
10.0,1,101.406826
-10.0,1,101.411252
10.0,1,101.419314
10.0,1,101.419314
10.0,1,101.421539
10.0,1,101.425524
10.0,1,101.429798
-10.0,1,101.43331
-10.0,1,101.43331
10.0,1,101.43331
10.0,1,101.443851
10.0,1,101.445856
10.0,1,101.449366
-10.0,1,101.45137
3.0,1,101.458026
-10.0,1,101.459048
-10.0,1,101.460953
10.0,1,101.462156
-10.0,1,101.469872
10.0,1,101.471879
10.0,1,101.475888
10.0,1,101.475888
10.0,1,101.485621
-10.0,1,101.487628
-10.0,1,101.489633
10.0,1,101.493643
10.0,1,101.498294
10.0,1,101.498294
10.0,1,101.498294
-10.0,1,101.498294
10.0,1,101.513256
-10.0,1,101.515343
-10.0,1,101.517308
10.0,1,101.520214
-10.0,1,101.525964
10.0,1,101.529154
10.0,1,101.531522
10.0,1,101.533946
10.0,1,101.54028
10.0,1,101.54429
-10.0,1,101.546295
10.0,1,101.548301
-10.0,1,101.555109
10.0,1,101.557114
10.0,1,101.560124
10.0,1,101.56213
10.0,1,101.568841
10.0,1,101.570847
-10.0,1,101.572851
10.0,1,101.575861
10.0,1,101.58402
-10.0,1,101.586354
10.0,1,101.588581
-10.0,1,101.588581
10.0,1,101.600781
-10.0,1,101.600781
10.0,1,101.603568
3.0,1,101.604953
-10.0,1,101.611863
-10.0,1,101.613868
10.0,1,101.615872
-10.0,1,101.617877
10.0,1,101.62588
10.0,1,101.627885
10.0,1,101.62989
10.0,1,101.631895
-10.0,1,101.639635
-10.0,1,101.641639
3.0,1,101.643644
10.0,1,101.645648
-10.0,1,101.654429
-10.0,1,101.654429
10.0,1,101.657105
-10.0,1,101.657105
10.0,1,101.669301
10.0,1,101.670305
10.0,1,101.672311
10.0,1,101.676321
-10.0,1,101.682597
10.0,1,101.685302
-10.0,1,101.686318
10.0,1,101.689281
-10.0,1,101.695149
10.0,1,101.698159
10.0,1,101.700164
10.0,1,101.7035
-10.0,1,101.713922
3.0,1,101.715927
10.0,1,101.717932
10.0,1,101.719937
10.0,1,101.726607
10.0,1,101.728612
10.0,1,101.730616
10.0,1,101.733626
3.0,1,101.741939
-10.0,1,101.741939
3.0,1,101.743944
-10.0,1,101.745949
-10.0,1,101.75195
-10.0,1,101.753955
-10.0,1,101.75596
10.0,1,101.757965
-10.0,1,101.765081
-10.0,1,101.767087
10.0,1,101.769091
-10.0,1,101.771096
10.0,1,101.777642
-10.0,1,101.779647
3.0,1,101.781152
-10.0,1,101.783158
10.0,1,101.790178
-10.0,1,101.791191
10.0,1,101.794701
-10.0,1,101.794701
10.0,1,101.801805
10.0,1,101.803812
10.0,1,101.805816
-10.0,1,101.807821
10.0,1,101.820605
10.0,1,101.823349
10.0,1,101.825353
10.0,1,101.827358
-10.0,1,101.834899
10.0,1,101.835922
10.0,1,101.837927
-10.0,1,101.839932
-10.0,1,101.848289
-10.0,1,101.849319
-10.0,1,101.852424
3.0,1,101.852424
10.0,1,101.861059
10.0,1,101.864215
10.0,1,101.866651
-10.0,1,101.866651
-10.0,1,101.874438
-10.0,1,101.876443
-10.0,1,101.878449
10.0,1,101.880453
-10.0,1,101.887596
10.0,1,101.890367
10.0,1,101.892524
10.0,1,101.892524
10.0,1,101.902171
-10.0,1,101.904048
-10.0,1,101.906053
10.0,1,101.908059
3.0,1,101.917397
3.0,1,101.917397
10.0,1,101.921594
10.0,1,101.921594
-10.0,1,101.933044
-10.0,1,101.934152
3.0,1,101.936289
10.0,1,101.937778
10.0,1,101.945065
-10.0,1,101.94707
-10.0,1,101.949076
10.0,1,101.95108
10.0,1,101.96026
-10.0,1,101.962265
10.0,1,101.964269
10.0,1,101.966274
-10.0,1,101.972674
10.0,1,101.976684
10.0,1,101.978689
10.0,1,101.980693
-10.0,1,101.98772
10.0,1,101.990855
-10.0,1,101.990855
10.0,1,101.994658
-10.0,1,102.001207
10.0,1,102.003212
10.0,1,102.005218
-10.0,1,102.007223
10.0,1,102.014439
-10.0,1,102.016444
3.0,1,102.018449
-10.0,1,102.020454
-10.0,1,102.029352
10.0,1,102.029352
10.0,1,102.032443
10.0,1,102.03535
10.0,1,102.042775
10.0,1,102.042775
10.0,1,102.050313
10.0,1,102.051542
10.0,1,102.059994
3.0,1,102.061999
10.0,1,102.064004
10.0,1,102.068014
-10.0,1,102.073532
10.0,1,102.077542
-10.0,1,102.079547
-10.0,1,102.079547
10.0,1,102.08874
10.0,1,102.090744
10.0,1,102.092749
10.0,1,102.094754
10.0,1,102.101009
10.0,1,102.103014
-10.0,1,102.105019
10.0,1,102.107024
-10.0,1,102.115566
10.0,1,102.117571
10.0,1,102.119576
10.0,1,102.121581
10.0,1,102.129269
10.0,1,102.132514
10.0,1,102.135104
-10.0,1,102.135104
10.0,1,102.144402
10.0,1,102.147824
10.0,1,102.15244
3.0,1,102.154692
-10.0,1,102.162636
10.0,1,102.162636
10.0,1,102.167423
10.0,1,102.169946
-10.0,1,102.176477
10.0,1,102.178483
-10.0,1,102.180488
10.0,1,102.182493
10.0,1,102.188638
10.0,1,102.19239
10.0,1,102.194394
10.0,1,102.196399
10.0,1,102.20325
10.0,1,102.204308
10.0,1,102.206372
-10.0,1,102.208443
10.0,1,102.217848
10.0,1,102.219853
10.0,1,102.221859
10.0,1,102.223864
10.0,1,102.23143
-10.0,1,102.233435
-10.0,1,102.23544
-10.0,1,102.237445
10.0,1,102.244092
10.0,1,102.246097
10.0,1,102.250107
10.0,1,102.252112
10.0,1,102.261179
10.0,1,102.26519
-10.0,1,102.26519
10.0,1,102.267195
-10.0,1,102.27405
10.0,1,102.277752
-10.0,1,102.280385
-10.0,1,102.280385
3.0,1,102.291687
-10.0,1,102.292732
10.0,1,102.294806
-10.0,1,102.296209
-10.0,1,102.304175
10.0,1,102.306181
10.0,1,102.308187
-10.0,1,102.310191
10.0,1,102.316657
10.0,1,102.319177
10.0,1,102.320183
-10.0,1,102.322205
10.0,1,102.332046
10.0,1,102.334051
10.0,1,102.337059
10.0,1,102.339064
-10.0,1,102.345747
10.0,1,102.347751
10.0,1,102.35076
-10.0,1,102.35076
10.0,1,102.36027
-10.0,1,102.36027
-10.0,1,102.36027
10.0,1,102.365124
10.0,1,102.375207
-10.0,1,102.375207
10.0,1,102.377212
3.0,1,102.379216
10.0,1,102.388007
10.0,1,102.391173
-10.0,1,102.391173
10.0,1,102.394948
-10.0,1,102.400671
10.0,1,102.402677
10.0,1,102.404681
-10.0,1,102.406687
10.0,1,102.414798
10.0,1,102.414798
-10.0,1,102.414798
10.0,1,102.414798
-10.0,1,102.429662
10.0,1,102.430688
10.0,1,102.430688
10.0,1,102.434519
-10.0,1,102.444558
10.0,1,102.446562
10.0,1,102.448568
10.0,1,102.452577
10.0,1,102.461072
10.0,1,102.462598
10.0,1,102.463605
-10.0,1,102.465519
10.0,1,102.472616
-10.0,1,102.474622
-10.0,1,102.476627
10.0,1,102.478373
10.0,1,102.489284
-10.0,1,102.491289
10.0,1,102.4943
10.0,1,102.496308
10.0,1,102.505011
-10.0,1,102.505011
10.0,1,102.508828
10.0,1,102.510334
10.0,1,102.518209
10.0,1,102.518209
10.0,1,102.523017
10.0,1,102.523017
10.0,1,102.530886
10.0,1,102.532891
10.0,1,102.534896
-10.0,1,102.536901
10.0,1,102.546129
10.0,1,102.548133
10.0,1,102.550144
10.0,1,102.552149
3.0,1,102.559842
3.0,1,102.559842
10.0,1,102.563897
10.0,1,102.563897
-10.0,1,102.571822
10.0,1,102.573567
10.0,1,102.575573
10.0,1,102.577578
10.0,1,102.587027
10.0,1,102.587027
-10.0,1,102.589032
10.0,1,102.595707
-10.0,1,102.601598
10.0,1,102.603793
-10.0,1,102.605099
-10.0,1,102.60723
-10.0,1,102.61428
10.0,1,102.616285
-10.0,1,102.61829
10.0,1,102.620294
10.0,1,102.628366
10.0,1,102.628366
-10.0,1,102.631201
10.0,1,102.634673
10.0,1,102.642629
-10.0,1,102.644634
10.0,1,102.646638
10.0,1,102.648643
-10.0,1,102.655664
10.0,1,102.657667
-10.0,1,102.657667
10.0,1,102.660559
-10.0,1,102.66952
10.0,1,102.673232
-10.0,1,102.673232
-10.0,1,102.675645
-10.0,1,102.682318
10.0,1,102.683331
-10.0,1,102.685415
10.0,1,102.68749
-10.0,1,102.694723
10.0,1,102.696728
10.0,1,102.700242
10.0,1,102.704986
10.0,1,102.711131
-10.0,1,102.713136
-10.0,1,102.71464
10.0,1,102.716646
10.0,1,102.723697
10.0,1,102.725702
10.0,1,102.729712
-10.0,1,102.730716
10.0,1,102.740461
10.0,1,102.740461
-10.0,1,102.743084
-10.0,1,102.745214
-10.0,1,102.754302
10.0,1,102.754302
10.0,1,102.75893
-10.0,1,102.75893
10.0,1,102.768586
3.0,1,102.768586
10.0,1,102.770644
10.0,1,102.77239
10.0,1,102.781395
-10.0,1,102.783301
10.0,1,102.787311
-10.0,1,102.787311
10.0,1,102.796437
-10.0,1,102.796437
-10.0,1,102.799732
-10.0,1,102.802945
10.0,1,102.809889
10.0,1,102.809889
10.0,1,102.818112
3.0,1,102.818112
10.0,1,102.826012
10.0,1,102.830022
10.0,1,102.832027
10.0,1,102.834031
10.0,1,102.841716
-10.0,1,102.843721
10.0,1,102.845726
3.0,1,102.84773
10.0,1,102.855176
-10.0,1,102.857697
3.0,1,102.858757
10.0,1,102.859848
10.0,1,102.868925
10.0,1,102.870931
-10.0,1,102.872936
10.0,1,102.874941
10.0,1,102.882708
-10.0,1,102.884713
-10.0,1,102.886719
3.0,1,102.888722
10.0,1,102.895021
-10.0,1,102.897027
10.0,1,102.900037
10.0,1,102.902042
10.0,1,102.910854
10.0,1,102.912859
10.0,1,102.914864
10.0,1,102.916868
-10.0,1,102.925201
3.0,1,102.927207
-10.0,1,102.929212
-10.0,1,102.931217
3.0,1,102.93745
10.0,1,102.94146
10.0,1,102.943466
10.0,1,102.945471
10.0,1,102.954274
10.0,1,102.954274
-10.0,1,102.958283
10.0,1,102.960288
3.0,1,102.966588
-10.0,1,102.968334
10.0,1,102.97034
-10.0,1,102.972346
3.0,1,102.979649
10.0,1,102.981654
10.0,1,102.98366
-10.0,1,102.985665
10.0,1,102.992592
10.0,1,102.994598
10.0,1,102.998608
10.0,1,103.000118
10.0,1,103.009886
10.0,1,103.009886
-10.0,1,103.012059
-10.0,1,103.013821
10.0,1,103.022751
10.0,1,103.026761
-10.0,1,103.026761
-10.0,1,103.028765
10.0,1,103.039753
10.0,1,103.039753
10.0,1,103.039753
-10.0,1,103.046695
10.0,1,103.053429
3.0,1,103.055434
10.0,1,103.05744
10.0,1,103.059444
-10.0,1,103.067659
10.0,1,103.069664
3.0,1,103.071668
-10.0,1,103.073672
-10.0,1,103.078554
10.0,1,103.08318
-10.0,1,103.08318
-10.0,1,103.085441
10.0,1,103.094493
-10.0,1,103.096499
10.0,1,103.098504
10.0,1,103.100009
-10.0,1,103.108279
3.0,1,103.108279
-10.0,1,103.110288
-10.0,1,103.112438
10.0,1,103.120672
-10.0,1,103.120672
-10.0,1,103.122678
10.0,1,103.124683
10.0,1,103.134058
-10.0,1,103.134058
3.0,1,103.13649
-10.0,1,103.13649
10.0,1,103.147954
-10.0,1,103.149959
10.0,1,103.151964
-10.0,1,103.153969
-10.0,1,103.161853
-10.0,1,103.163858
-10.0,1,103.165864
-10.0,1,103.165864
-10.0,1,103.174147
-10.0,1,103.176152
3.0,1,103.178157
-10.0,1,103.180161
-10.0,1,103.188385
10.0,1,103.190132
10.0,1,103.191137
-10.0,1,103.192706
10.0,1,103.201961
-10.0,1,103.201961
10.0,1,103.203965
-10.0,1,103.20597
-10.0,1,103.215314
10.0,1,103.217318
10.0,1,103.219323
10.0,1,103.221328
10.0,1,103.229665
-10.0,1,103.229665
3.0,1,103.231729
10.0,1,103.235557
-10.0,1,103.24344
10.0,1,103.245445
10.0,1,103.24745
-10.0,1,103.249455
10.0,1,103.259022
-10.0,1,103.259022
10.0,1,103.263128
10.0,1,103.265369
10.0,1,103.273588
10.0,1,103.273588
-10.0,1,103.27618
-10.0,1,103.278533
10.0,1,103.284869
10.0,1,103.284869
-10.0,1,103.28883
3.0,1,103.290735
-10.0,1,103.298315
10.0,1,103.300825
-10.0,1,103.30283
10.0,1,103.304834
-10.0,1,103.311301
-10.0,1,103.312333
10.0,1,103.313638
10.0,1,103.317704
10.0,1,103.32633
-10.0,1,103.328336
-10.0,1,103.33034
10.0,1,103.332345
-10.0,1,103.341218
3.0,1,103.342233
10.0,1,103.343678
-10.0,1,103.345707
-10.0,1,103.353551
-10.0,1,103.354586
-10.0,1,103.356647
-10.0,1,103.358028
-10.0,1,103.367331
-10.0,1,103.368966
3.0,1,103.368966
10.0,1,103.372551
-10.0,1,103.38021
10.0,1,103.382216
10.0,1,103.38422
-10.0,1,103.386226
10.0,1,103.394302
10.0,1,103.397632
10.0,1,103.400139
10.0,1,103.400642
-10.0,1,103.408694
10.0,1,103.412246
-10.0,1,103.412246
-10.0,1,103.414781
-10.0,1,103.422077
-10.0,1,103.423104
10.0,1,103.42706
-10.0,1,103.42706
10.0,1,103.437137
10.0,1,103.439606
-10.0,1,103.439606
-10.0,1,103.439606
-10.0,1,103.448658
10.0,1,103.448658
10.0,1,103.452668
-10.0,1,103.454673
3.0,1,103.460606
3.0,1,103.462611
-10.0,1,103.464617
10.0,1,103.466622
3.0,1,103.479071
10.0,1,103.481078
10.0,1,103.483084
10.0,1,103.48509
10.0,1,103.492262
10.0,1,103.494267
10.0,1,103.498277
-10.0,1,103.498277
10.0,1,103.50518
10.0,1,103.50919
3.0,1,103.511195
10.0,1,103.632016
10.0,1,103.639738
10.0,1,103.641742
10.0,1,103.645057
10.0,1,103.645057
10.0,1,103.653167
10.0,1,103.657176
10.0,1,103.659182
10.0,1,103.661186
-10.0,1,103.668867
10.0,1,103.670871
3.0,1,103.672876
10.0,1,103.674881
-10.0,1,103.68208
-10.0,1,103.683191
10.0,1,103.687125
10.0,1,103.689501
-10.0,1,103.696049
10.0,1,103.698054
10.0,1,103.700059
10.0,1,103.701063
10.0,1,103.710694
10.0,1,103.71301
10.0,1,103.715194
10.0,1,103.717407
10.0,1,103.725027
10.0,1,103.725027
10.0,1,103.729656
10.0,1,103.73195
10.0,1,103.739156
-10.0,1,103.739156
3.0,1,103.741274
-10.0,1,103.747004
10.0,1,103.754192
10.0,1,103.757446
10.0,1,103.759194
10.0,1,103.760199
10.0,1,103.769332
-10.0,1,103.769332
10.0,1,103.773453
3.0,1,103.7752
10.0,1,103.783616
10.0,1,103.785621
-10.0,1,103.787626
10.0,1,103.789631
10.0,1,103.795835
10.0,1,103.799846
10.0,1,103.801351
10.0,1,103.803355
10.0,1,103.81162
-10.0,1,103.813625
10.0,1,103.81563
-10.0,1,103.81563
-10.0,1,103.824617
10.0,1,103.82568
-10.0,1,103.827387
3.0,1,103.82938
10.0,1,103.838559
3.0,1,103.838559
10.0,1,103.843089
10.0,1,103.843089
3.0,1,103.852259
10.0,1,103.854536
-10.0,1,103.857532
10.0,1,103.857532
10.0,1,103.869227
10.0,1,103.871323
10.0,1,103.873839
-10.0,1,103.875943
10.0,1,103.884419
-10.0,1,103.884419
10.0,1,103.886166
10.0,1,103.888171
10.0,1,103.898288
10.0,1,103.900293
10.0,1,103.903303
10.0,1,103.903303
10.0,1,103.912501
-10.0,1,103.912501
10.0,1,103.914506
3.0,1,103.918517
-10.0,1,103.92497
10.0,1,103.925986
-10.0,1,103.927323
-10.0,1,103.929574
10.0,1,103.938636
10.0,1,103.939656
10.0,1,103.941551
10.0,1,103.945692
-10.0,1,103.95311
10.0,1,103.95599
-10.0,1,103.95599
10.0,1,103.958167
3.0,1,103.964292
10.0,1,103.971525
10.0,1,103.973825
10.0,1,103.975912
-10.0,1,103.98236
10.0,1,103.984366
10.0,1,103.988377
10.0,1,103.990382
-10.0,1,103.995858
10.0,1,103.997864
10.0,1,104.001375
10.0,1,104.00338
10.0,1,104.009042
10.0,1,104.011048
-10.0,1,104.013053
10.0,1,104.015057
10.0,1,104.022682
10.0,1,104.023703
10.0,1,104.026944
10.0,1,104.030049
10.0,1,104.03555
10.0,1,104.037556
10.0,1,104.039561
10.0,1,104.041565
-10.0,1,104.049004
10.0,1,104.052054
10.0,1,104.052054
10.0,1,104.054136
10.0,1,104.062379
10.0,1,104.064384
10.0,1,104.068394
-10.0,1,104.070399
-10.0,1,104.080294
10.0,1,104.080294
-10.0,1,104.082626
10.0,1,104.084553
10.0,1,104.092934
3.0,1,104.096945
10.0,1,104.09895
-10.0,1,104.09895
10.0,1,104.10716
-10.0,1,104.108652
10.0,1,104.110767
-10.0,1,104.114248
10.0,1,104.120515
10.0,1,104.12252
-10.0,1,104.124526
10.0,1,104.126531
-10.0,1,104.133559
-10.0,1,104.135564
10.0,1,104.138573
10.0,1,104.140577
10.0,1,104.14755
-10.0,1,104.148579
-10.0,1,104.150681
10.0,1,104.152035
3.0,1,104.162
10.0,1,104.164005
10.0,1,104.16601
10.0,1,104.17002
10.0,1,104.178114
-10.0,1,104.180119
10.0,1,104.182124
-10.0,1,104.182124
10.0,1,104.192546
10.0,1,104.196557
-10.0,1,104.196557
3.0,1,104.198562
10.0,1,104.207465
-10.0,1,104.207465
-10.0,1,104.209601
10.0,1,104.2125
10.0,1,104.22009
10.0,1,104.222095
10.0,1,104.2241
10.0,1,104.226104
10.0,1,104.233518
-10.0,1,104.235522
10.0,1,104.237527
-10.0,1,104.237527
-10.0,1,104.245146
10.0,1,104.247151
-10.0,1,104.249155
10.0,1,104.25116
10.0,1,104.259275
10.0,1,104.26128
-10.0,1,104.263286
-10.0,1,104.263286
-10.0,1,104.272045
-10.0,1,104.274049
-10.0,1,104.274049
10.0,1,104.276054
-10.0,1,104.283144
-10.0,1,104.285149
10.0,1,104.287154
10.0,1,104.289158
10.0,1,104.296194
10.0,1,104.301553
10.0,1,104.303559
10.0,1,104.307569
10.0,1,104.316063
10.0,1,104.318068
10.0,1,104.320073
10.0,1,104.324084
-10.0,1,104.331013
-10.0,1,104.332198
10.0,1,104.334208
-10.0,1,104.334208
10.0,1,104.342564
3.0,1,104.345612
10.0,1,104.345612
10.0,1,104.349533
-10.0,1,104.357183
-10.0,1,104.357183
-10.0,1,104.359188
-10.0,1,104.36189
-10.0,1,104.368226
-10.0,1,104.370231
10.0,1,104.372235
10.0,1,104.374239
-10.0,1,104.381641
3.0,1,104.382684
-10.0,1,104.383869
10.0,1,104.383869
-10.0,1,104.39327
10.0,1,104.39568
-10.0,1,104.39568
10.0,1,104.397815
-10.0,1,104.406074
10.0,1,104.407101
10.0,1,104.407101
10.0,1,104.407101
3.0,1,104.423104
10.0,1,104.42511
-10.0,1,104.427114
-10.0,1,104.429119
10.0,1,104.435998
10.0,1,104.43703
10.0,1,104.438979
-10.0,1,104.441214
-10.0,1,104.448717
3.0,1,104.450722
10.0,1,104.452727
10.0,1,104.454731
10.0,1,104.462209
10.0,1,104.464214
-10.0,1,104.466218
-10.0,1,104.468224
10.0,1,104.478539
10.0,1,104.480543
-10.0,1,104.482548
10.0,1,104.484553
-10.0,1,104.4926
-10.0,1,104.4926
10.0,1,104.496868
10.0,1,104.49907
-10.0,1,104.505061
10.0,1,104.507959
10.0,1,104.509388
-10.0,1,104.509388
-10.0,1,104.516883
10.0,1,104.523032
10.0,1,104.523032
-10.0,1,104.525741
-10.0,1,104.53265
-10.0,1,104.533656
10.0,1,104.535661
10.0,1,104.537666
10.0,1,104.545019
-10.0,1,104.547024
10.0,1,104.549029
10.0,1,104.551034
10.0,1,104.55978
-10.0,1,104.560827
3.0,1,104.562901
10.0,1,104.566351
-10.0,1,104.572689
10.0,1,104.572689
-10.0,1,104.576948
10.0,1,104.576948
-10.0,1,104.586537
-10.0,1,104.586537
-10.0,1,104.589343
10.0,1,104.592412
10.0,1,104.600469
10.0,1,104.603807
-10.0,1,104.603807
-10.0,1,104.605893
-10.0,1,104.612895
-10.0,1,104.613955
10.0,1,104.616279
-10.0,1,104.618275
-10.0,1,104.627331
-10.0,1,104.627331
10.0,1,104.627331
10.0,1,104.627331
10.0,1,104.641974
-10.0,1,104.643979
10.0,1,104.645984
10.0,1,104.64799
-10.0,1,104.655731
10.0,1,104.659741
-10.0,1,104.659741
-10.0,1,104.661745
10.0,1,104.669647
-10.0,1,104.671652
10.0,1,104.673398
10.0,1,104.675403
10.0,1,104.684088
10.0,1,104.685104
10.0,1,104.686956
10.0,1,104.688823
10.0,1,104.698881
-10.0,1,104.698881
10.0,1,104.702288
10.0,1,104.702791
10.0,1,104.711563
10.0,1,104.715042
-10.0,1,104.715042
-10.0,1,104.715042
10.0,1,104.725308
10.0,1,104.727835
10.0,1,104.72905
10.0,1,104.731905
-10.0,1,104.741452
-10.0,1,104.741452
-10.0,1,104.744615
10.0,1,104.745984
10.0,1,104.755218
10.0,1,104.757547
10.0,1,104.757547
-10.0,1,104.759716
10.0,1,104.76782
10.0,1,104.77095
-10.0,1,104.77095
-10.0,1,104.772848
-10.0,1,104.778991
-10.0,1,104.780012
10.0,1,104.782032
-10.0,1,104.785571
10.0,1,104.792854
-10.0,1,104.792854
10.0,1,104.797072
10.0,1,104.797072
10.0,1,104.805819
10.0,1,104.808985
10.0,1,104.808985
-10.0,1,104.811036
-10.0,1,104.817908
-10.0,1,104.819913
10.0,1,104.821918
3.0,1,104.823922
10.0,1,104.83131
-10.0,1,104.83131
-10.0,1,104.83364
10.0,1,104.837121
10.0,1,104.842878
-10.0,1,104.842878
10.0,1,104.851369
10.0,1,104.851369
10.0,1,104.861965
-10.0,1,104.863472
10.0,1,104.864477
10.0,1,104.867816
10.0,1,104.874866
-10.0,1,104.874866
10.0,1,104.8795
-10.0,1,104.880005
-10.0,1,104.888239
10.0,1,104.890244
10.0,1,104.89225
-10.0,1,104.89225
10.0,1,104.902418
10.0,1,104.904423
10.0,1,104.906428
10.0,1,104.908432
-10.0,1,104.91275
-10.0,1,104.91275
10.0,1,104.91275
10.0,1,104.91275
10.0,1,104.931798
-10.0,1,104.932834
10.0,1,104.932834
10.0,1,104.937695
-10.0,1,104.943199
10.0,1,104.943199
-10.0,1,104.943199
-10.0,1,104.943199
10.0,1,104.955799
-10.0,1,104.95931
10.0,1,104.962128
10.0,1,104.962128
10.0,1,104.974981
10.0,1,104.976985
-10.0,1,104.97899
-10.0,1,104.97899
3.0,1,104.986879
-10.0,1,104.987905
3.0,1,104.989388
10.0,1,104.992327
-10.0,1,104.999614
-10.0,1,105.000649
10.0,1,105.00421
-10.0,1,105.00421
-10.0,1,105.010276
10.0,1,105.014009
-10.0,1,105.014009
10.0,1,105.016298
-10.0,1,105.022816
10.0,1,105.026696
10.0,1,105.028937
10.0,1,105.028937
-10.0,1,105.037397
10.0,1,105.041217
10.0,1,105.041217
10.0,1,105.045725
10.0,1,105.05171
10.0,1,105.056724
3.0,1,105.056724
10.0,1,105.058728
-10.0,1,105.066619
-10.0,1,105.069002
10.0,1,105.070748
10.0,1,105.071254
10.0,1,105.082891
-10.0,1,105.083932
-10.0,1,105.085801
-10.0,1,105.086831
10.0,1,105.094741
10.0,1,105.098752
-10.0,1,105.098752
10.0,1,105.100756
10.0,1,105.109778
10.0,1,105.112867
10.0,1,105.112867
-10.0,1,105.115151
-10.0,1,105.121486
10.0,1,105.125433
-10.0,1,105.127927
10.0,1,105.130173
10.0,1,105.136982
10.0,1,105.138013
10.0,1,105.139893
10.0,1,105.144072
10.0,1,105.149951
-10.0,1,105.151956
10.0,1,105.155966
-10.0,1,105.155966
10.0,1,105.162408
-10.0,1,105.164688
10.0,1,105.167883
10.0,1,105.170106
-10.0,1,105.175833
10.0,1,105.176906
10.0,1,105.18146
10.0,1,105.182747
-10.0,1,105.193891
10.0,1,105.193891
10.0,1,105.197198
10.0,1,105.200666
3.0,1,105.206466
-10.0,1,105.208471
-10.0,1,105.210475
10.0,1,105.21248
10.0,1,105.221015
10.0,1,105.22302
-10.0,1,105.22302
10.0,1,105.225025
-10.0,1,105.232592
10.0,1,105.233615
-10.0,1,105.234898
10.0,1,105.238467
10.0,1,105.246634
10.0,1,105.246634
10.0,1,105.249368
10.0,1,105.251388
10.0,1,105.259416
10.0,1,105.262978
10.0,1,105.26526
10.0,1,105.267503
10.0,1,105.27484
-10.0,1,105.276347
10.0,1,105.277403
10.0,1,105.278657
10.0,1,105.28675
-10.0,1,105.288987
10.0,1,105.290037
-10.0,1,105.292076
10.0,1,105.302506
10.0,1,105.305161
10.0,1,105.305161
10.0,1,105.309124
10.0,1,105.317291
10.0,1,105.317291
10.0,1,105.319467
10.0,1,105.323433
-10.0,1,105.329447
10.0,1,105.330529
10.0,1,105.332385
-10.0,1,105.33425
10.0,1,105.34156
-10.0,1,105.343567
-10.0,1,105.345572
-10.0,1,105.347576
10.0,1,105.353239
-10.0,1,105.355245
-10.0,1,105.35725
3.0,1,105.359255
10.0,1,105.367817
10.0,1,105.369822
10.0,1,105.371326
10.0,1,105.373331
10.0,1,105.382001
-10.0,1,105.382001
10.0,1,105.386015
10.0,1,105.388109
-10.0,1,105.395824
-10.0,1,105.395824
10.0,1,105.399833
3.0,1,105.401839
-10.0,1,105.411178
10.0,1,105.413975
10.0,1,105.416278
10.0,1,105.419055
10.0,1,105.425395
10.0,1,105.428481
10.0,1,105.430754
10.0,1,105.433112
10.0,1,105.440692
10.0,1,105.440692
10.0,1,105.442886
10.0,1,105.446954
10.0,1,105.453486
10.0,1,105.453486
10.0,1,105.453486
10.0,1,105.453486
10.0,1,105.468098
3.0,1,105.469124
10.0,1,105.470864
10.0,1,105.4727
10.0,1,105.481736
-10.0,1,105.481736
-10.0,1,105.483321
10.0,1,105.485254
10.0,1,105.493266
3.0,1,105.495271
10.0,1,105.499281
-10.0,1,105.499281
-10.0,1,105.508287
3.0,1,105.51052
10.0,1,105.51052
-10.0,1,105.514324
10.0,1,105.523297
-10.0,1,105.526548
10.0,1,105.526548
10.0,1,105.530233
10.0,1,105.538605
10.0,1,105.541174
10.0,1,105.543753
-10.0,1,105.546994
-10.0,1,105.553151
10.0,1,105.555156
-10.0,1,105.555156
-10.0,1,105.557161
10.0,1,105.564978
10.0,1,105.566983
-10.0,1,105.568988
10.0,1,105.570993
10.0,1,105.577847
10.0,1,105.581856
10.0,1,105.583861
-10.0,1,105.585865
10.0,1,105.59261
10.0,1,105.59261
10.0,1,105.59261
10.0,1,105.59261
10.0,1,105.607515
10.0,1,105.60852
10.0,1,105.611989
3.0,1,105.611989
-10.0,1,105.618153
-10.0,1,105.621266
10.0,1,105.62417
10.0,1,105.628254
10.0,1,105.63676
10.0,1,105.640088
10.0,1,105.642426
-10.0,1,105.642426
10.0,1,105.650264
10.0,1,105.650264
-10.0,1,105.65282
3.0,1,105.654689
-10.0,1,105.661386
10.0,1,105.663392
10.0,1,105.665397
10.0,1,105.667402
-10.0,1,105.675842
-10.0,1,105.676886
10.0,1,105.679374
-10.0,1,105.679374
10.0,1,105.688945
10.0,1,105.690948
10.0,1,105.69295
-10.0,1,105.69295
10.0,1,105.701575
-10.0,1,105.702579
10.0,1,105.703583
3.0,1,105.703583
-10.0,1,105.714943
-10.0,1,105.714943
10.0,1,105.716949
-10.0,1,105.718954
10.0,1,105.727183
10.0,1,105.731192
-10.0,1,105.733198
3.0,1,105.734943
-10.0,1,105.744135
-10.0,1,105.74614
-10.0,1,105.748145
10.0,1,105.748145
10.0,1,105.756005
10.0,1,105.758011
-10.0,1,105.760016
10.0,1,105.762021
-10.0,1,105.769955
10.0,1,105.772731
10.0,1,105.775442
10.0,1,105.777753
10.0,1,105.782144
-10.0,1,105.782144
10.0,1,105.782144
-10.0,1,105.782144
10.0,1,105.795095
10.0,1,105.798105
10.0,1,105.800111
10.0,1,105.802621
10.0,1,105.811997
10.0,1,105.813744
-10.0,1,105.815212
10.0,1,105.818877
10.0,1,105.824442
-10.0,1,105.826447
10.0,1,105.829458
3.0,1,105.831462
10.0,1,105.839623
-10.0,1,105.841628
-10.0,1,105.841628
10.0,1,105.845378
10.0,1,105.854893
-10.0,1,105.85592
-10.0,1,105.85592
10.0,1,105.860599
10.0,1,105.868186
10.0,1,105.870793
-10.0,1,105.870793
10.0,1,105.873219
10.0,1,105.883414
10.0,1,105.887423
10.0,1,105.889428
10.0,1,105.891433
-10.0,1,105.898042
3.0,1,105.899075
-10.0,1,105.902059
-10.0,1,105.902563
3.0,1,105.910003
-10.0,1,105.910003
10.0,1,105.913961
-10.0,1,105.913961
-10.0,1,105.922159
-10.0,1,105.924184
10.0,1,105.927285
10.0,1,105.928745
10.0,1,105.937361
10.0,1,105.937361
3.0,1,105.939319
-10.0,1,105.941377
-10.0,1,105.949155
-10.0,1,105.9502
10.0,1,105.952103
3.0,1,105.95348
-10.0,1,105.964059
-10.0,1,105.965132
10.0,1,105.966801
10.0,1,105.969745
-10.0,1,105.976894
10.0,1,105.9779
10.0,1,105.981466
-10.0,1,105.981466
10.0,1,105.990527
10.0,1,105.992532
-10.0,1,105.994538
10.0,1,105.996542
-10.0,1,106.002663
10.0,1,106.004756
10.0,1,106.004756
-10.0,1,106.004756
10.0,1,106.018006
-10.0,1,106.019211
-10.0,1,106.021209
-10.0,1,106.022708
10.0,1,106.029905
10.0,1,106.030936
-10.0,1,106.033983
-10.0,1,106.035094
-10.0,1,106.042714
10.0,1,106.043734
-10.0,1,106.046079
10.0,1,106.048024
-10.0,1,106.055861
-10.0,1,106.056881
10.0,1,106.0598
-10.0,1,106.0598
-10.0,1,106.070506
-10.0,1,106.071581
-10.0,1,106.073331
-10.0,1,106.074399
10.0,1,106.083359
10.0,1,106.083359
3.0,1,106.083359
-10.0,1,106.087139
10.0,1,106.095012
-10.0,1,106.09806
-10.0,1,106.09806
10.0,1,106.101852
10.0,1,106.109942
10.0,1,106.113065
10.0,1,106.115573
3.0,1,106.115573
10.0,1,106.124818
-10.0,1,106.124818
-10.0,1,106.128825
-10.0,1,106.129829
-10.0,1,106.137129
10.0,1,106.138157
10.0,1,106.139409
10.0,1,106.143715
10.0,1,106.149792
10.0,1,106.153802
10.0,1,106.153802
-10.0,1,106.155807
-10.0,1,106.164957
-10.0,1,106.166014
10.0,1,106.169135
10.0,1,106.169135
-10.0,1,106.175917
10.0,1,106.175917
-10.0,1,106.175917
10.0,1,106.175917
-10.0,1,106.196152
10.0,1,106.197201
10.0,1,106.198733
10.0,1,106.202402
3.0,1,106.210455
-10.0,1,106.210455
-10.0,1,106.214367
10.0,1,106.214367
10.0,1,106.223628
10.0,1,106.226593
10.0,1,106.228528
-10.0,1,106.228528
10.0,1,106.23431
3.0,1,106.239533
10.0,1,106.239533
-10.0,1,106.241592
3.0,1,106.250259
-10.0,1,106.250259
-10.0,1,106.250259
10.0,1,106.253763
10.0,1,106.263043
10.0,1,106.265051
10.0,1,106.267056
10.0,1,106.269061
-10.0,1,106.278051
-10.0,1,106.280529
10.0,1,106.280529
10.0,1,106.282442
10.0,1,106.294877
10.0,1,106.296882
-10.0,1,106.296882
-10.0,1,106.298887
-10.0,1,106.306334
-10.0,1,106.307365
-10.0,1,106.308861
10.0,1,106.311763
3.0,1,106.318581
-10.0,1,106.318581
-10.0,1,106.322592
-10.0,1,106.324726
10.0,1,106.332711
10.0,1,106.334458
10.0,1,106.334458
-10.0,1,106.339323
-10.0,1,106.346317
3.0,1,106.347421
10.0,1,106.350572
10.0,1,106.351579
10.0,1,106.35959
10.0,1,106.363294
-10.0,1,106.363294
10.0,1,106.366303
10.0,1,106.37386
10.0,1,106.377159
10.0,1,106.379486
10.0,1,106.379486
-10.0,1,106.38875
-10.0,1,106.392059
10.0,1,106.392059
-10.0,1,106.394084
-10.0,1,106.40461
-10.0,1,106.405667
-10.0,1,106.407379
10.0,1,106.408711
10.0,1,106.416693
3.0,1,106.418699
10.0,1,106.422709
-10.0,1,106.422709
10.0,1,106.430082
10.0,1,106.434093
-10.0,1,106.434093
10.0,1,106.438103
-10.0,1,106.443669
10.0,1,106.445675
-10.0,1,106.44768
3.0,1,106.449684
10.0,1,106.458938
-10.0,1,106.458938
10.0,1,106.461446
-10.0,1,106.461446
10.0,1,106.471515
3.0,1,106.471515
10.0,1,106.475935
10.0,1,106.478672
10.0,1,106.48471
-10.0,1,106.486714
10.0,1,106.488719
10.0,1,106.492729
3.0,1,106.499022
10.0,1,106.502041
10.0,1,106.503547
3.0,1,106.504551
-10.0,1,106.515892
10.0,1,106.515892
10.0,1,106.520365
10.0,1,106.522596
10.0,1,106.530394
-10.0,1,106.530394
3.0,1,106.533073
10.0,1,106.536509
10.0,1,106.542825
10.0,1,106.546835
10.0,1,106.548839
10.0,1,106.550844
3.0,1,106.558757
10.0,1,106.562767
10.0,1,106.564771
10.0,1,106.566776
-10.0,1,106.574864
-10.0,1,106.57687
-10.0,1,106.578875
10.0,1,106.580879
-10.0,1,106.589272
-10.0,1,106.589272
10.0,1,106.591277
10.0,1,106.595287
10.0,1,106.600998
-10.0,1,106.603786
10.0,1,106.605788
-10.0,1,106.605788
-10.0,1,106.613796
10.0,1,106.615798
10.0,1,106.618801
-10.0,1,106.624809
10.0,1,106.632863
-10.0,1,106.634605
10.0,1,106.63661
-10.0,1,106.638612
-10.0,1,106.644619
10.0,1,106.646621
10.0,1,106.650365
3.0,1,106.65237
10.0,1,106.658376
3.0,1,106.66238
-10.0,1,106.66238
-10.0,1,106.664382
3.0,1,106.672133
-10.0,1,106.674135
-10.0,1,106.674135
10.0,1,106.676137
10.0,1,106.68526
10.0,1,106.687265
10.0,1,106.689269
-10.0,1,106.691274
10.0,1,106.699658
-10.0,1,106.701663
10.0,1,106.703667
-10.0,1,106.703667
-10.0,1,106.711933
10.0,1,106.714994
10.0,1,106.716999
10.0,1,106.719004
-10.0,1,106.72521
-10.0,1,106.727387
10.0,1,106.728892
10.0,1,106.728892
10.0,1,106.742104
3.0,1,106.744283
-10.0,1,106.744283
-10.0,1,106.748958
-10.0,1,106.756942
10.0,1,106.757961
-10.0,1,106.759969
10.0,1,106.762054
10.0,1,106.770905
10.0,1,106.770905
10.0,1,106.774915
10.0,1,106.775919
-10.0,1,106.783567
-10.0,1,106.784591
10.0,1,106.787451
10.0,1,106.787451
10.0,1,106.795532
-10.0,1,106.797537
-10.0,1,106.799542
3.0,1,106.801547
10.0,1,106.810457
10.0,1,106.810457
10.0,1,106.814597
-10.0,1,106.814597
10.0,1,106.824087
10.0,1,106.826495
-10.0,1,106.828837
10.0,1,106.828837
10.0,1,106.838426
10.0,1,106.838426
10.0,1,106.838426
10.0,1,106.838426
10.0,1,106.856479
10.0,1,106.858926
10.0,1,106.858926
10.0,1,106.863173
-10.0,1,106.87055
-10.0,1,106.871716
-10.0,1,106.872838
-10.0,1,106.87437
10.0,1,106.882599
-10.0,1,106.882599
10.0,1,106.885105
10.0,1,106.888691
10.0,1,106.896402
-10.0,1,106.896402
10.0,1,106.896402
-10.0,1,106.899624
10.0,1,106.906903
-10.0,1,106.907943
-10.0,1,106.909842
-10.0,1,106.911583
10.0,1,106.916649
-10.0,1,106.920573
-10.0,1,106.922287
-10.0,1,106.922287
10.0,1,106.932596
3.0,1,106.935088
10.0,1,106.935088
-10.0,1,106.937181
10.0,1,106.945805
10.0,1,106.948564
10.0,1,106.948564
-10.0,1,106.948564
10.0,1,106.961274
-10.0,1,106.964285
-10.0,1,106.964285
-10.0,1,106.96629
-10.0,1,106.974706
10.0,1,106.977859
10.0,1,106.977859
-10.0,1,106.980367
10.0,1,106.989642
10.0,1,106.991898
10.0,1,106.991898
10.0,1,106.997275
-10.0,1,107.00495
10.0,1,107.007854
10.0,1,107.010128
10.0,1,107.011876
10.0,1,107.020796
10.0,1,107.023028
-10.0,1,107.023028
10.0,1,107.02516
10.0,1,107.033712
-10.0,1,107.033712
-10.0,1,107.033712
10.0,1,107.033712
10.0,1,107.045242
-10.0,1,107.047247
-10.0,1,107.049252
10.0,1,107.051257
-10.0,1,107.058573
10.0,1,107.061182
-10.0,1,107.061182
-10.0,1,107.066157
3.0,1,107.073405
3.0,1,107.076436
10.0,1,107.079585
10.0,1,107.082345
-10.0,1,107.089314
-10.0,1,107.09135
10.0,1,107.093949
10.0,1,107.096187
-10.0,1,107.101987
10.0,1,107.103494
10.0,1,107.107148
10.0,1,107.109379
10.0,1,107.115769
10.0,1,107.11908
10.0,1,107.121446
10.0,1,107.123194
10.0,1,107.130044
10.0,1,107.133268
-10.0,1,107.133268
10.0,1,107.13553
-10.0,1,107.143346
-10.0,1,107.144373
-10.0,1,107.145895
10.0,1,107.147498
3.0,1,107.15591
-10.0,1,107.15591
10.0,1,107.159722
10.0,1,107.159722
10.0,1,107.166996
10.0,1,107.170506
10.0,1,107.170506
-10.0,1,107.170506
10.0,1,107.184107
-10.0,1,107.186177
-10.0,1,107.187318
10.0,1,107.189027
-10.0,1,107.197785
-10.0,1,107.19901
10.0,1,107.202021
10.0,1,107.203527
-10.0,1,107.210496
10.0,1,107.214506
10.0,1,107.216511
10.0,1,107.218016
-10.0,1,107.226227
3.0,1,107.227248
10.0,1,107.228945
10.0,1,107.232923
10.0,1,107.240524
10.0,1,107.24281
-10.0,1,107.245076
10.0,1,107.247431
-10.0,1,107.254631
-10.0,1,107.255661
10.0,1,107.257011
10.0,1,107.258478
10.0,1,107.265955
10.0,1,107.267961
10.0,1,107.269966
-10.0,1,107.27197
-10.0,1,107.278233
10.0,1,107.281985
10.0,1,107.28641
10.0,1,107.289058
10.0,1,107.295156
10.0,1,107.297162
3.0,1,107.299167
3.0,1,107.301172
-10.0,1,107.309686
3.0,1,107.31073
-10.0,1,107.311776
10.0,1,107.315685
10.0,1,107.323848
10.0,1,107.323848
-10.0,1,107.326028
10.0,1,107.327876
-10.0,1,107.334405
10.0,1,107.337986
10.0,1,107.340204
10.0,1,107.342552
-10.0,1,107.349199
-10.0,1,107.350335
-10.0,1,107.350335
10.0,1,107.353184
-10.0,1,107.361603
10.0,1,107.361603
10.0,1,107.364404
10.0,1,107.366286
10.0,1,107.37365
3.0,1,107.375655
10.0,1,107.379664
10.0,1,107.381669
10.0,1,107.387423
10.0,1,107.389584
3.0,1,107.395897
-10.0,1,107.395897
-10.0,1,107.404663
-10.0,1,107.405705
10.0,1,107.408635
10.0,1,107.408635
10.0,1,107.418681
10.0,1,107.418681
10.0,1,107.420843
10.0,1,107.425277
10.0,1,107.433285
-10.0,1,107.433285
-10.0,1,107.436278
10.0,1,107.439379
-10.0,1,107.445594
10.0,1,107.447599
3.0,1,107.449604
10.0,1,107.451609
10.0,1,107.459083
10.0,1,107.461088
10.0,1,107.465098
-10.0,1,107.465098
-10.0,1,107.473749
-10.0,1,107.476117
-10.0,1,107.476117
10.0,1,107.478128
-10.0,1,107.485964
10.0,1,107.488028
10.0,1,107.490889
10.0,1,107.490889
10.0,1,107.500118
10.0,1,107.503629
-10.0,1,107.503629
10.0,1,107.503629
10.0,1,107.515688
10.0,1,107.517694
10.0,1,107.521704
-10.0,1,107.521704
10.0,1,107.530303
10.0,1,107.530303
10.0,1,107.533717
10.0,1,107.537249
10.0,1,107.542562
-10.0,1,107.544567
10.0,1,107.548578
-10.0,1,107.549583
10.0,1,107.557958
10.0,1,107.561156
-10.0,1,107.561156
10.0,1,107.563216
10.0,1,107.57097
10.0,1,107.573876
-10.0,1,107.576149
10.0,1,107.578455
-10.0,1,107.585105
10.0,1,107.58711
10.0,1,107.589115
10.0,1,107.59112
-10.0,1,107.5991
10.0,1,107.601818
10.0,1,107.603824
10.0,1,107.603824
3.0,1,107.61679
-10.0,1,107.618795
-10.0,1,107.6208
10.0,1,107.622805
10.0,1,107.630336
-10.0,1,107.631375
10.0,1,107.63493
10.0,1,107.637446
-10.0,1,107.644351
-10.0,1,107.64555
3.0,1,107.648191
10.0,1,107.650727
10.0,1,107.658987
-10.0,1,107.659991
10.0,1,107.659991
10.0,1,107.659991
10.0,1,107.672117
-10.0,1,107.672117
10.0,1,107.674567
10.0,1,107.678148
10.0,1,107.685813
10.0,1,107.685813
10.0,1,107.689242
-10.0,1,107.69175
10.0,1,107.700599
3.0,1,107.700599
10.0,1,107.704902
-10.0,1,107.704902
10.0,1,107.71267
3.0,1,107.713689
-10.0,1,107.715676
10.0,1,107.719091
10.0,1,107.729671
-10.0,1,107.731676
-10.0,1,107.731676
10.0,1,107.733681
-10.0,1,107.741724
10.0,1,107.742759
10.0,1,107.744646
10.0,1,107.746561
10.0,1,107.755411
-10.0,1,107.755411
10.0,1,107.757416
10.0,1,107.759421
10.0,1,107.767173
-10.0,1,107.769178
10.0,1,107.771183
10.0,1,107.773189
10.0,1,107.780459
10.0,1,107.782464
10.0,1,107.786474
10.0,1,107.78848
3.0,1,107.7975
-10.0,1,107.7975
10.0,1,107.801812
10.0,1,107.803919
10.0,1,107.81047
10.0,1,107.81047
10.0,1,107.813256
10.0,1,107.815086
3.0,1,107.821798
10.0,1,107.823803
10.0,1,107.825808
-10.0,1,107.827813
10.0,1,107.837491
10.0,1,107.837491
10.0,1,107.842034
10.0,1,107.842034
-10.0,1,107.850924
-10.0,1,107.852035
10.0,1,107.855357
-10.0,1,107.855357
10.0,1,107.86308
10.0,1,107.86622
-10.0,1,107.86622
-10.0,1,107.868506
10.0,1,107.875983
10.0,1,107.875983
3.0,1,107.881127
10.0,1,107.881127
-10.0,1,107.889508
-10.0,1,107.890524
10.0,1,107.891864
10.0,1,107.893483
-10.0,1,107.90155
10.0,1,107.90257
10.0,1,107.904078
-10.0,1,107.905345
-10.0,1,107.912997
10.0,1,107.914421
-10.0,1,107.915724
10.0,1,107.917636
10.0,1,107.925561
10.0,1,107.929068
10.0,1,107.930148
-10.0,1,107.93134
-10.0,1,107.938745
10.0,1,107.939765
-10.0,1,107.941987
10.0,1,107.944881
-10.0,1,107.952649
10.0,1,107.954757
3.0,1,107.956417
-10.0,1,107.958085
10.0,1,107.967409
10.0,1,107.969998
10.0,1,107.972555
-10.0,1,107.972555
10.0,1,107.981021
10.0,1,107.983023
-10.0,1,107.985025
10.0,1,107.989151
10.0,1,107.997224
10.0,1,107.997224
10.0,1,108.003136
3.0,1,108.005641
10.0,1,108.012827
10.0,1,108.014832
10.0,1,108.016837
10.0,1,108.018842
-10.0,1,108.02793
-10.0,1,108.028953
-10.0,1,108.0307
-10.0,1,108.032126
10.0,1,108.039407
-10.0,1,108.040426
-10.0,1,108.043645
10.0,1,108.046634
-10.0,1,108.052674
-10.0,1,108.05371
10.0,1,108.056486
-10.0,1,108.059496
10.0,1,108.068114
-10.0,1,108.070119
10.0,1,108.072125
10.0,1,108.076134
10.0,1,108.083194
-10.0,1,108.084214
10.0,1,108.085974
10.0,1,108.090694
-10.0,1,108.097074
-10.0,1,108.098101
10.0,1,108.099321
10.0,1,108.100709
10.0,1,108.109527
10.0,1,108.112887
10.0,1,108.112887
-10.0,1,108.11483
10.0,1,108.122238
10.0,1,108.123273
10.0,1,108.125198
-10.0,1,108.127036
10.0,1,108.134326
3.0,1,108.135833
10.0,1,108.135833
10.0,1,108.139292
10.0,1,108.146962
-10.0,1,108.148967
10.0,1,108.150972
-10.0,1,108.152977
-10.0,1,108.160997
-10.0,1,108.163568
10.0,1,108.163568
10.0,1,108.167797
10.0,1,108.178015
-10.0,1,108.178015
10.0,1,108.178015
10.0,1,108.182508
-10.0,1,108.189382
10.0,1,108.192339
3.0,1,108.192339
10.0,1,108.196436
10.0,1,108.202925
-10.0,1,108.20443
10.0,1,108.207786
10.0,1,108.207786
10.0,1,108.216284
10.0,1,108.219549
10.0,1,108.219549
10.0,1,108.223563
10.0,1,108.231528
10.0,1,108.231528
10.0,1,108.236423
-10.0,1,108.239002
10.0,1,108.246163
10.0,1,108.248758
-10.0,1,108.248758
10.0,1,108.253516
10.0,1,108.260485
-10.0,1,108.262231
-10.0,1,108.264236
10.0,1,108.266241
-10.0,1,108.272407
10.0,1,108.272407
10.0,1,108.276923
-10.0,1,108.279075
10.0,1,108.287065
-10.0,1,108.28907
-10.0,1,108.291075
-10.0,1,108.291075
10.0,1,108.299064
-10.0,1,108.300091
-10.0,1,108.30228
-10.0,1,108.304286
-10.0,1,108.311185
-10.0,1,108.311185
10.0,1,108.315457
10.0,1,108.317892
-10.0,1,108.323839
10.0,1,108.326849
10.0,1,108.328854
10.0,1,108.330859
-10.0,1,108.336609
10.0,1,108.338614
10.0,1,108.340619
-10.0,1,108.342624
10.0,1,108.351092
10.0,1,108.351092
10.0,1,108.35519
10.0,1,108.356718
10.0,1,108.365098
10.0,1,108.367103
10.0,1,108.367103
10.0,1,108.371113
10.0,1,108.37822
-10.0,1,108.381389
10.0,1,108.383547
-10.0,1,108.383547
10.0,1,108.393986
-10.0,1,108.393986
10.0,1,108.396947
10.0,1,108.398459
3.0,1,108.407348
10.0,1,108.410013
10.0,1,108.412395
-10.0,1,108.412395
-10.0,1,108.42008
10.0,1,108.423235
10.0,1,108.423235
-10.0,1,108.425161
10.0,1,108.432737
10.0,1,108.433781
10.0,1,108.435788
10.0,1,108.439774
10.0,1,108.447036
-10.0,1,108.447036
10.0,1,108.44961
10.0,1,108.450998
10.0,1,108.46075
10.0,1,108.46075
10.0,1,108.462871
10.0,1,108.466967
10.0,1,108.472742
10.0,1,108.476753
10.0,1,108.478757
10.0,1,108.480762
10.0,1,108.487231
10.0,1,108.491241
-10.0,1,108.493245
-10.0,1,108.493245
10.0,1,108.504484
10.0,1,108.505487
-10.0,1,108.508143
-10.0,1,108.50983
10.0,1,108.516451
3.0,1,108.518456
10.0,1,108.520461
-10.0,1,108.522466
10.0,1,108.530122
10.0,1,108.532127
10.0,1,108.534132
10.0,1,108.536136
10.0,1,108.543368
10.0,1,108.547142
-10.0,1,108.547142
10.0,1,108.547142
10.0,1,108.556245
10.0,1,108.559241
10.0,1,108.561661
-10.0,1,108.562765
-10.0,1,108.570419
10.0,1,108.573822
10.0,1,108.57639
-10.0,1,108.577397
3.0,1,108.583728
10.0,1,108.584764
10.0,1,108.586426
10.0,1,108.588825
10.0,1,108.598072
-10.0,1,108.599136
-10.0,1,108.601141
10.0,1,108.603147
-10.0,1,108.613308
10.0,1,108.616575
-10.0,1,108.616575
10.0,1,108.620389
10.0,1,108.628476
10.0,1,108.631237
-10.0,1,108.63342
-10.0,1,108.63342
10.0,1,108.642259
-10.0,1,108.642259
-10.0,1,108.645516
-10.0,1,108.646823
10.0,1,108.653617
-10.0,1,108.655622
-10.0,1,108.657128
-10.0,1,108.659133
10.0,1,108.666949
10.0,1,108.668954
10.0,1,108.670959
10.0,1,108.672964
10.0,1,108.681829
-10.0,1,108.681829
10.0,1,108.684299
10.0,1,108.685669
-10.0,1,108.694007
10.0,1,108.695032
10.0,1,108.69632
-10.0,1,108.700339
10.0,1,108.707962
3.0,1,108.707962
-10.0,1,108.710199
10.0,1,108.712189
10.0,1,108.719877
10.0,1,108.719877
-10.0,1,108.719877
10.0,1,108.719877
10.0,1,108.73568
-10.0,1,108.73568
10.0,1,108.73568
-10.0,1,108.73568
10.0,1,108.748076
-10.0,1,108.750188
-10.0,1,108.752911
10.0,1,108.755191
10.0,1,108.762816
10.0,1,108.762816
10.0,1,108.767006
10.0,1,108.769142
10.0,1,108.776803
10.0,1,108.779265
-10.0,1,108.779265
10.0,1,108.782922
-10.0,1,108.790594
10.0,1,108.790594
10.0,1,108.793014
-10.0,1,108.79502
10.0,1,108.802637
10.0,1,108.805749
-10.0,1,108.805749
-10.0,1,108.805749
10.0,1,108.814665
-10.0,1,108.815806
10.0,1,108.815806
10.0,1,108.822036
10.0,1,108.828609
10.0,1,108.831626
10.0,1,108.831626
-10.0,1,108.831626
10.0,1,108.845949
-10.0,1,108.845949
-10.0,1,108.849363
10.0,1,108.850681
-10.0,1,108.857805
-10.0,1,108.858819
10.0,1,108.862053
-10.0,1,108.863124
-10.0,1,108.871184
10.0,1,108.873353
10.0,1,108.875662
-10.0,1,108.875662
-10.0,1,108.87817
10.0,1,108.884868
-10.0,1,108.886159
10.0,1,108.888529
10.0,1,108.896571
10.0,1,108.898576
-10.0,1,108.90058
10.0,1,108.902584
-10.0,1,108.910011
10.0,1,108.911103
-10.0,1,108.912504
10.0,1,108.916374
10.0,1,108.924967
10.0,1,108.927976
10.0,1,108.927976
10.0,1,108.931986
10.0,1,108.938916
10.0,1,108.941727
10.0,1,108.945359
10.0,1,108.94958
3.0,1,108.956263
10.0,1,108.957771
10.0,1,108.961676
10.0,1,108.963942
-10.0,1,108.970863
-10.0,1,108.973177
-10.0,1,108.973177
10.0,1,108.977008
-10.0,1,108.983663
-10.0,1,108.984741
-10.0,1,108.986937
10.0,1,108.989994
10.0,1,108.99582
10.0,1,108.99582
10.0,1,108.99582
-10.0,1,108.99582
10.0,1,109.012194
10.0,1,109.0147
10.0,1,109.017388
-10.0,1,109.017388
-10.0,1,109.024993
10.0,1,109.027343
10.0,1,109.031383
10.0,1,109.033395
-10.0,1,109.040186
10.0,1,109.04219
-10.0,1,109.044195
3.0,1,109.0462
10.0,1,109.053023
-10.0,1,109.057469
10.0,1,109.059561
10.0,1,109.061537
10.0,1,109.07075
10.0,1,109.073325
-10.0,1,109.073325
10.0,1,109.075573
-10.0,1,109.082705
10.0,1,109.083712
10.0,1,109.087785
10.0,1,109.090518
3.0,1,109.096908
10.0,1,109.097921
10.0,1,109.102025
-10.0,1,109.102025
10.0,1,109.110637
-10.0,1,109.110637
10.0,1,109.113029
10.0,1,109.115309
10.0,1,109.122764
-10.0,1,109.123782
10.0,1,109.125605
3.0,1,109.127585
-10.0,1,109.13499
10.0,1,109.136995
-10.0,1,109.139
-10.0,1,109.141005
-10.0,1,109.148119
10.0,1,109.148119
10.0,1,109.148119
10.0,1,109.148119
-10.0,1,109.162913
-10.0,1,109.164305
10.0,1,109.169572
10.0,1,109.169572
-10.0,1,109.178155
-10.0,1,109.180161
-10.0,1,109.180161
-10.0,1,109.182167
-10.0,1,109.189668
10.0,1,109.191673
10.0,1,109.193678
-10.0,1,109.195685
10.0,1,109.20191
10.0,1,109.20621
10.0,1,109.20621
-10.0,1,109.208263
10.0,1,109.215675
-10.0,1,109.21768
10.0,1,109.219684
3.0,1,109.221688
10.0,1,109.2306
10.0,1,109.232604
-10.0,1,109.232604
-10.0,1,109.234609
10.0,1,109.243041
10.0,1,109.245046
10.0,1,109.247051
10.0,1,109.249056
-10.0,1,109.256691
-10.0,1,109.256691
-10.0,1,109.258838
10.0,1,109.261006
10.0,1,109.268552
10.0,1,109.269573
-10.0,1,109.271932
-10.0,1,109.271932
10.0,1,109.283803
10.0,1,109.285808
10.0,1,109.289819
-10.0,1,109.289819
10.0,1,109.297596
10.0,1,109.301005
10.0,1,109.301005
10.0,1,109.304615
-10.0,1,109.31188
-10.0,1,109.313885
10.0,1,109.315889
-10.0,1,109.317895
10.0,1,109.329267
-10.0,1,109.329267
10.0,1,109.334308
10.0,1,109.33638
-10.0,1,109.343497
-10.0,1,109.344532
-10.0,1,109.346314
-10.0,1,109.347593
10.0,1,109.355501
10.0,1,109.358247
10.0,1,109.360608
10.0,1,109.362968
10.0,1,109.369499
10.0,1,109.37262
10.0,1,109.37262
10.0,1,109.374814
10.0,1,109.384497
-10.0,1,109.384497
10.0,1,109.384497
10.0,1,109.384497
-10.0,1,109.399268
-10.0,1,109.402182
10.0,1,109.402182
3.0,1,109.404564
-10.0,1,109.411867
10.0,1,109.412918
-10.0,1,109.414925
-10.0,1,109.417062
-10.0,1,109.424212
10.0,1,109.427185
10.0,1,109.429748
10.0,1,109.43189
10.0,1,109.440055
10.0,1,109.442614
10.0,1,109.445186
-10.0,1,109.446692
10.0,1,109.454973
10.0,1,109.454973
10.0,1,109.459289
10.0,1,109.459289
10.0,1,109.467559
3.0,1,109.468588
10.0,1,109.470203
10.0,1,109.474268
10.0,1,109.479963
-10.0,1,109.48197
-10.0,1,109.483975
-10.0,1,109.483975
-10.0,1,109.491363
3.0,1,109.492398
-10.0,1,109.494288
10.0,1,109.501463
10.0,1,109.507524
-10.0,1,109.509529
10.0,1,109.511537
10.0,1,109.513543
10.0,1,109.522362
10.0,1,109.522362
10.0,1,109.524668
-10.0,1,109.526901
10.0,1,109.536282
-10.0,1,109.536282
-10.0,1,109.538395
10.0,1,109.540403
10.0,1,109.548754
-10.0,1,109.548754
10.0,1,109.5534
10.0,1,109.555645
10.0,1,109.563986
10.0,1,109.565991
10.0,1,109.567995
10.0,1,109.57
10.0,1,109.579159
-10.0,1,109.581164
3.0,1,109.581164
10.0,1,109.583169
10.0,1,109.592866
3.0,1,109.592866
10.0,1,109.59497
-10.0,1,109.599226
-10.0,1,109.608021
10.0,1,109.611144
-10.0,1,109.611144
10.0,1,109.614847
-10.0,1,109.61969
-10.0,1,109.622039
10.0,1,109.622039
10.0,1,109.622039
10.0,1,109.632121
-10.0,1,109.63421
10.0,1,109.637694
10.0,1,109.640201
10.0,1,109.64692
10.0,1,109.65093
10.0,1,109.652935
10.0,1,109.654939
-10.0,1,109.661813
10.0,1,109.661813
-10.0,1,109.664694
10.0,1,109.668548
-10.0,1,109.675063
10.0,1,109.678234
-10.0,1,109.678234
10.0,1,109.682243
10.0,1,109.690932
10.0,1,109.693035
-10.0,1,109.693035
-10.0,1,109.695982
10.0,1,109.705059
10.0,1,109.706063
10.0,1,109.707631
-10.0,1,109.70992
10.0,1,109.720457
10.0,1,109.720457
10.0,1,109.72318
-10.0,1,109.725074
-10.0,1,109.732859
10.0,1,109.734864
10.0,1,109.736869
10.0,1,109.738874
10.0,1,109.747754
10.0,1,109.749757
-10.0,1,109.751746
10.0,1,109.75504
10.0,1,109.761461
-10.0,1,109.763539
10.0,1,109.767091
-10.0,1,109.767091
10.0,1,109.774514
-10.0,1,109.777523
3.0,1,109.779528
10.0,1,109.781533
-10.0,1,109.788462
10.0,1,109.78949
-10.0,1,109.79287
10.0,1,109.79287
10.0,1,109.801517
-10.0,1,109.803638
3.0,1,109.805647
10.0,1,109.806695
-10.0,1,109.81521
-10.0,1,109.817215
10.0,1,109.81922
10.0,1,109.821225
10.0,1,109.832527
-10.0,1,109.832527
10.0,1,109.835985
10.0,1,109.837481
10.0,1,109.846753
10.0,1,109.846753
10.0,1,109.849275
-10.0,1,109.851233
10.0,1,109.860894
-10.0,1,109.860894
10.0,1,109.865362
10.0,1,109.867761
10.0,1,109.87526
10.0,1,109.87526
-10.0,1,109.877462
10.0,1,109.879448
10.0,1,109.887025
10.0,1,109.890088
-10.0,1,109.890088
10.0,1,109.894151
-10.0,1,109.901146
10.0,1,109.902182
-10.0,1,109.903929
10.0,1,109.905534
-10.0,1,109.913551
-10.0,1,109.914643
-10.0,1,109.916123
10.0,1,109.919828
-10.0,1,109.922904
10.0,1,109.922904
10.0,1,109.930108
3.0,1,109.930108
3.0,1,109.940438
-10.0,1,109.940438
10.0,1,109.949847
10.0,1,109.951476
-10.0,1,109.959676
-10.0,1,109.959676
10.0,1,109.963684
10.0,1,109.963684
10.0,1,109.973964
10.0,1,109.975634
10.0,1,109.978937
-10.0,1,109.978937
3.0,1,109.988679
10.0,1,109.988679
10.0,1,109.992839
10.0,1,109.995087
-10.0,1,110.001417
-10.0,1,110.00332
10.0,1,110.005327
10.0,1,110.009579
10.0,1,110.017406
10.0,1,110.01941
3.0,1,110.01941
10.0,1,110.02342
10.0,1,110.029813
10.0,1,110.03296
10.0,1,110.03296
10.0,1,110.03296
3.0,1,110.044602
10.0,1,110.047631
-10.0,1,110.047631
-10.0,1,110.053309
10.0,1,110.061021
10.0,1,110.063533
3.0,1,110.063533
10.0,1,110.067876
10.0,1,110.074466
10.0,1,110.077412
10.0,1,110.079583
10.0,1,110.079583
-10.0,1,110.087598
10.0,1,110.089603
10.0,1,110.091609
3.0,1,110.093614
10.0,1,110.101697
10.0,1,110.102713
10.0,1,110.106638
10.0,1,110.106638
10.0,1,110.11497
10.0,1,110.118404
-10.0,1,110.118404
10.0,1,110.12247
3.0,1,110.128701
10.0,1,110.131973
10.0,1,110.13459
10.0,1,110.136824
-10.0,1,110.142926
10.0,1,110.146523
10.0,1,110.14911
10.0,1,110.14911
10.0,1,110.156932
10.0,1,110.156932
10.0,1,110.156932
3.0,1,110.156932
10.0,1,110.172397
10.0,1,110.172397
10.0,1,110.172397
10.0,1,110.172397
10.0,1,110.188302
10.0,1,110.189308
3.0,1,110.191664
10.0,1,110.193756
-10.0,1,110.200702
3.0,1,110.201725
10.0,1,110.204159
10.0,1,110.205665
10.0,1,110.213695
10.0,1,110.214743
10.0,1,110.218907
10.0,1,110.221532
10.0,1,110.22947
10.0,1,110.231474
10.0,1,110.235479
10.0,1,110.237483
10.0,1,110.246254
10.0,1,110.249069
10.0,1,110.251577
10.0,1,110.254257
-10.0,1,110.260214
-10.0,1,110.26222
10.0,1,110.264225
-10.0,1,110.26623
10.0,1,110.27878
10.0,1,110.281294
-10.0,1,110.283041
10.0,1,110.285772
-10.0,1,110.29134
10.0,1,110.293346
-10.0,1,110.295351
10.0,1,110.297356
10.0,1,110.305508
-10.0,1,110.305508
-10.0,1,110.305508
10.0,1,110.305508
10.0,1,110.317014
10.0,1,110.321024
10.0,1,110.323029
10.0,1,110.325034
10.0,1,110.332748
10.0,1,110.333778
3.0,1,110.336181
10.0,1,110.338058
10.0,1,110.346765
-10.0,1,110.346765
-10.0,1,110.349409
10.0,1,110.350902
10.0,1,110.358825
-10.0,1,110.359856
-10.0,1,110.361849
10.0,1,110.364901
-10.0,1,110.371356
10.0,1,110.37336
3.0,1,110.375365
-10.0,1,110.37737
-10.0,1,110.384186
-10.0,1,110.387329
-10.0,1,110.387329
10.0,1,110.392169
10.0,1,110.399256
10.0,1,110.399256
10.0,1,110.404163
10.0,1,110.40567
10.0,1,110.413442
10.0,1,110.413442
-10.0,1,110.41793
10.0,1,110.420232
10.0,1,110.426643
10.0,1,110.429874
-10.0,1,110.429874
-10.0,1,110.432275
10.0,1,110.439545
10.0,1,110.442662
10.0,1,110.443849
10.0,1,110.447342
10.0,1,110.453721
10.0,1,110.4574
10.0,1,110.458406
3.0,1,110.45997
-10.0,1,110.468834
-10.0,1,110.468834
10.0,1,110.47084
-10.0,1,110.474349
10.0,1,110.482087
10.0,1,110.482087
10.0,1,110.484396
-10.0,1,110.486169
10.0,1,110.495729
-10.0,1,110.497735
-10.0,1,110.49974
-10.0,1,110.501746
10.0,1,110.508084
-10.0,1,110.509161
10.0,1,110.512865
10.0,1,110.515229
10.0,1,110.524333
3.0,1,110.524333
-10.0,1,110.526897
-10.0,1,110.528696
3.0,1,110.536011
10.0,1,110.537055
10.0,1,110.539587
-10.0,1,110.54152
-10.0,1,110.549387
10.0,1,110.552806
10.0,1,110.554811
10.0,1,110.556815
10.0,1,110.564152
-10.0,1,110.566297
10.0,1,110.567349
-10.0,1,110.569941
10.0,1,110.577687
-10.0,1,110.579692
-10.0,1,110.581697
-10.0,1,110.581697
10.0,1,110.588916
10.0,1,110.592929
10.0,1,110.594933
10.0,1,110.596938
-10.0,1,110.606065
-10.0,1,110.6079
3.0,1,110.612173
10.0,1,110.614571
10.0,1,110.621845
10.0,1,110.625133
10.0,1,110.625133
-10.0,1,110.627139
10.0,1,110.634244
-10.0,1,110.636249
10.0,1,110.638255
-10.0,1,110.64026
-10.0,1,110.648335
10.0,1,110.64934
10.0,1,110.650514
10.0,1,110.654327
-10.0,1,110.660291
10.0,1,110.662978
10.0,1,110.665044
10.0,1,110.665044
10.0,1,110.674483
10.0,1,110.67711
10.0,1,110.67711
-10.0,1,110.679618
-10.0,1,110.686943
10.0,1,110.688948
10.0,1,110.690952
10.0,1,110.692957
-10.0,1,110.700503
-10.0,1,110.701545
-10.0,1,110.702979
10.0,1,110.70637
-10.0,1,110.716164
10.0,1,110.71817
-10.0,1,110.720175
10.0,1,110.72218
10.0,1,110.730732
-10.0,1,110.730732
-10.0,1,110.732737
-10.0,1,110.734742
10.0,1,110.742817
10.0,1,110.745838
10.0,1,110.745838
10.0,1,110.750022
-10.0,1,110.757178
10.0,1,110.760089
10.0,1,110.763168
-10.0,1,110.763168
10.0,1,110.772972
-10.0,1,110.773977
10.0,1,110.776802
10.0,1,110.779056
10.0,1,110.784642
10.0,1,110.786648
10.0,1,110.791078
10.0,1,110.791078
10.0,1,110.800953
10.0,1,110.802958
10.0,1,110.804963
-10.0,1,110.806468
10.0,1,110.814031
-10.0,1,110.816035
10.0,1,110.81804
10.0,1,110.82105
10.0,1,110.830311
10.0,1,110.832317
-10.0,1,110.834322
-10.0,1,110.836328
10.0,1,110.841736
10.0,1,110.843741
10.0,1,110.845747
10.0,1,110.847752
-10.0,1,110.855966
10.0,1,110.856986
-10.0,1,110.861073
10.0,1,110.863952
-10.0,1,110.872145
10.0,1,110.872145
-10.0,1,110.875363
10.0,1,110.877315
10.0,1,110.885559
-10.0,1,110.885559
-10.0,1,110.888565
-10.0,1,110.892048
-10.0,1,110.897936
10.0,1,110.901448
-10.0,1,110.903452
-10.0,1,110.905457
10.0,1,110.912125
-10.0,1,110.915135
10.0,1,110.91714
3.0,1,110.91714
10.0,1,110.925257
10.0,1,110.928348
-10.0,1,110.928348
-10.0,1,110.930856
-10.0,1,110.940868
10.0,1,110.943945
-10.0,1,110.943945
10.0,1,110.947357
10.0,1,110.954019
10.0,1,110.957259
-10.0,1,110.957259
10.0,1,110.959398
10.0,1,110.967932
-10.0,1,110.970497
-10.0,1,110.970497
10.0,1,110.972585
10.0,1,110.980422
10.0,1,110.982427
-10.0,1,110.984433
10.0,1,110.988442
-10.0,1,110.994007
10.0,1,110.996013
10.0,1,110.998019
-10.0,1,111.000024
10.0,1,111.006286
10.0,1,111.010036
10.0,1,111.012584
-10.0,1,111.014589
-10.0,1,111.020525
-10.0,1,111.022529
-10.0,1,111.022529
-10.0,1,111.024534
10.0,1,111.031139
-10.0,1,111.033144
10.0,1,111.035148
10.0,1,111.037153
-10.0,1,111.046813
10.0,1,111.049194
-10.0,1,111.049194
10.0,1,111.051539
10.0,1,111.061314
-10.0,1,111.061314
-10.0,1,111.063484
10.0,1,111.065011
-10.0,1,111.074963
10.0,1,111.076969
10.0,1,111.078974
-10.0,1,111.080979
10.0,1,111.089284
-10.0,1,111.089284
10.0,1,111.091544
-10.0,1,111.092943
10.0,1,111.103047
3.0,1,111.103047
10.0,1,111.106557
10.0,1,111.108562
10.0,1,111.117238
10.0,1,111.119697
10.0,1,111.121831
10.0,1,111.12458
-10.0,1,111.13087
10.0,1,111.132876
10.0,1,111.134881
10.0,1,111.138631
10.0,1,111.144967
10.0,1,111.146972
10.0,1,111.148977
10.0,1,111.152728
-10.0,1,111.162483
-10.0,1,111.163515
10.0,1,111.16511
10.0,1,111.168682
3.0,1,111.177509
10.0,1,111.177509
10.0,1,111.182368
10.0,1,111.184592
10.0,1,111.190909
-10.0,1,111.192914
10.0,1,111.194919
10.0,1,111.196925
-10.0,1,111.204437
10.0,1,111.206442
-10.0,1,111.210452
10.0,1,111.212457
-10.0,1,111.218808
10.0,1,111.220813
10.0,1,111.222817
10.0,1,111.224821
10.0,1,111.230565
-10.0,1,111.234446
10.0,1,111.23645
-10.0,1,111.238455
-10.0,1,111.246415
10.0,1,111.249451
10.0,1,111.251455
-10.0,1,111.253461
10.0,1,111.26251
10.0,1,111.263515
10.0,1,111.267612
10.0,1,111.269618
10.0,1,111.277666
10.0,1,111.281417
-10.0,1,111.281417
10.0,1,111.283422
10.0,1,111.291421
-10.0,1,111.29244
-10.0,1,111.295349
10.0,1,111.296353
10.0,1,111.306307
-10.0,1,111.308313
-10.0,1,111.310317
10.0,1,111.311323
10.0,1,111.318074
10.0,1,111.320079
10.0,1,111.324089
3.0,1,111.326093
-10.0,1,111.331672
10.0,1,111.335532
10.0,1,111.337537
10.0,1,111.339541
10.0,1,111.346203
-10.0,1,111.348208
3.0,1,111.350213
10.0,1,111.352218
10.0,1,111.360905
10.0,1,111.364099
10.0,1,111.366907
10.0,1,111.366907
10.0,1,111.378627
10.0,1,111.378627
3.0,1,111.381248
10.0,1,111.38522
10.0,1,111.390889
10.0,1,111.392381
10.0,1,111.39447
-10.0,1,111.396245
-10.0,1,111.402911
10.0,1,111.404917
-10.0,1,111.406422
10.0,1,111.408427
-10.0,1,111.415766
10.0,1,111.417772
-10.0,1,111.419776
10.0,1,111.421783
-10.0,1,111.423789
10.0,1,111.430421
10.0,1,111.43267
-10.0,1,111.434617
10.0,1,111.443755
10.0,1,111.446053
3.0,1,111.448261
10.0,1,111.450728
10.0,1,111.458503
10.0,1,111.460508
10.0,1,111.462513
-10.0,1,111.464518
10.0,1,111.472815
-10.0,1,111.475262
-10.0,1,111.475262
-10.0,1,111.477277
10.0,1,111.484937
10.0,1,111.484937
-10.0,1,111.491755
10.0,1,111.495767
3.0,1,111.502784
10.0,1,111.503798
3.0,1,111.506306
10.0,1,111.50783
10.0,1,111.516356
10.0,1,111.520367
10.0,1,111.522373
-10.0,1,111.524377
-10.0,1,111.531307
10.0,1,111.532399
10.0,1,111.537637
-10.0,1,111.537637
10.0,1,111.546792
10.0,1,111.548299
10.0,1,111.549446
10.0,1,111.553136
10.0,1,111.559525
-10.0,1,111.559525
-10.0,1,111.564268
-10.0,1,111.564268
-10.0,1,111.5731
-10.0,1,111.5731
10.0,1,111.577649
-10.0,1,111.577649
-10.0,1,111.585855
10.0,1,111.58786
-10.0,1,111.589865
10.0,1,111.591869
-10.0,1,111.602085
10.0,1,111.60409
-10.0,1,111.606595
-10.0,1,111.6086
-10.0,1,111.61527
10.0,1,111.617854
-10.0,1,111.617854
-10.0,1,111.621811
-10.0,1,111.628868
-10.0,1,111.629903
-10.0,1,111.629903
-10.0,1,111.629903
-10.0,1,111.638279
10.0,1,111.64108
10.0,1,111.643108
10.0,1,111.643108
-10.0,1,111.652402
10.0,1,111.654407
-10.0,1,111.656412
10.0,1,111.658417
-10.0,1,111.665865
10.0,1,111.667871
10.0,1,111.671881
10.0,1,111.673886
-10.0,1,111.680025
10.0,1,111.682029
10.0,1,111.684033
10.0,1,111.686038
10.0,1,111.694202
10.0,1,111.697343
-10.0,1,111.697343
-10.0,1,111.699455
10.0,1,111.710134
10.0,1,111.710134
-10.0,1,111.713009
10.0,1,111.714846
-10.0,1,111.721999
10.0,1,111.72412
-10.0,1,111.726125
3.0,1,111.72813
3.0,1,111.73636
-10.0,1,111.738107
10.0,1,111.740374
-10.0,1,111.740374
-10.0,1,111.747711
10.0,1,111.749717
10.0,1,111.751722
10.0,1,111.753727
10.0,1,111.761549
10.0,1,111.763556
10.0,1,111.767565
-10.0,1,111.767565
10.0,1,111.777092
10.0,1,111.77982
10.0,1,111.782308
10.0,1,111.782308
10.0,1,111.79054
10.0,1,111.792546
10.0,1,111.794551
-10.0,1,111.796556
10.0,1,111.80421
10.0,1,111.80778
-10.0,1,111.80778
10.0,1,111.80778
10.0,1,111.817953
10.0,1,111.824403
-10.0,1,111.824403
10.0,1,111.82721
10.0,1,111.836217
10.0,1,111.836217
10.0,1,111.838513
10.0,1,111.840547
10.0,1,111.847994
10.0,1,111.849999
10.0,1,111.85401
-10.0,1,111.856014
10.0,1,111.864087
10.0,1,111.866092
10.0,1,111.868097
10.0,1,111.870101
-10.0,1,111.876279
10.0,1,111.88003
-10.0,1,111.882035
10.0,1,111.88404
-10.0,1,111.891677
10.0,1,111.892711
10.0,1,111.89605
10.0,1,111.897058
3.0,1,111.904874
10.0,1,111.907899
-10.0,1,111.907899
10.0,1,111.911732
10.0,1,111.920143
10.0,1,111.922458
-10.0,1,111.922458
10.0,1,111.926256
-10.0,1,111.935214
-10.0,1,111.936244
-10.0,1,111.936244
10.0,1,111.941241
10.0,1,111.949196
10.0,1,111.951907
10.0,1,111.951907
10.0,1,111.956448
-10.0,1,111.962787
10.0,1,111.965506
10.0,1,111.965506
-10.0,1,111.968414
10.0,1,111.97578
10.0,1,111.980067
10.0,1,111.982303
-10.0,1,111.982303
10.0,1,111.990001
-10.0,1,111.991747
10.0,1,111.991747
-10.0,1,111.993679
10.0,1,112.001298
-10.0,1,112.002322
-10.0,1,112.004293
10.0,1,112.008734
3.0,1,112.015222
3.0,1,112.016281
10.0,1,112.018036
10.0,1,112.022228
10.0,1,112.02858
10.0,1,112.032591
10.0,1,112.034595
10.0,1,112.034595
-10.0,1,112.046069
10.0,1,112.047117
-10.0,1,112.047117
-10.0,1,112.051147
10.0,1,112.057216
-10.0,1,112.057216
-10.0,1,112.063272
10.0,1,112.066321
10.0,1,112.071412
10.0,1,112.071412
-10.0,1,112.076827
3.0,1,112.079151
10.0,1,112.087442
10.0,1,112.087442
10.0,1,112.087442
-10.0,1,112.09337
10.0,1,112.10191
10.0,1,112.103415
10.0,1,112.106926
3.0,1,112.108931
10.0,1,112.11593
10.0,1,112.119439
3.0,1,112.121444
-10.0,1,112.121444
-10.0,1,112.129502
10.0,1,112.131507
-10.0,1,112.133512
-10.0,1,112.135258
-10.0,1,112.141905
-10.0,1,112.142954
-10.0,1,112.146329
-10.0,1,112.146329
10.0,1,112.158174
10.0,1,112.160178
10.0,1,112.162183
-10.0,1,112.164187
10.0,1,112.171074
-10.0,1,112.172098
-10.0,1,112.174035
10.0,1,112.177619
10.0,1,112.185388
-10.0,1,112.187393
10.0,1,112.191403
10.0,1,112.193408
10.0,1,112.200232
10.0,1,112.202236
10.0,1,112.204242
10.0,1,112.20675
10.0,1,112.214206
-10.0,1,112.216212
10.0,1,112.218216
-10.0,1,112.218216
-10.0,1,112.226422
10.0,1,112.227446
10.0,1,112.229862
10.0,1,112.230866
10.0,1,112.240258
3.0,1,112.240258
-10.0,1,112.242341
10.0,1,112.245885
-10.0,1,112.251541
-10.0,1,112.252569
10.0,1,112.255723
3.0,1,112.25788
10.0,1,112.267422
3.0,1,112.267422
10.0,1,112.271672
-10.0,1,112.271672
-10.0,1,112.277866
-10.0,1,112.277866
10.0,1,112.277866
10.0,1,112.277866
10.0,1,112.292222
10.0,1,112.293234
-10.0,1,112.295245
-10.0,1,112.297267
-10.0,1,112.304632
10.0,1,112.306637
10.0,1,112.310647
-10.0,1,112.310647
10.0,1,112.318645
10.0,1,112.321805
10.0,1,112.32441
10.0,1,112.327532
10.0,1,112.333626
-10.0,1,112.33563
-10.0,1,112.337635
-10.0,1,112.33964
3.0,1,112.34923
3.0,1,112.351567
10.0,1,112.351567
10.0,1,112.355727
10.0,1,112.363224
10.0,1,112.365319
10.0,1,112.365319
10.0,1,112.367761
10.0,1,112.380144
-10.0,1,112.380144
10.0,1,112.38507
3.0,1,112.38507
10.0,1,112.39438
10.0,1,112.397003
10.0,1,112.397003
10.0,1,112.397003
10.0,1,112.408934
-10.0,1,112.410939
-10.0,1,112.410939
3.0,1,112.412944
10.0,1,112.42163
10.0,1,112.42356
-10.0,1,112.425565
10.0,1,112.42757
10.0,1,112.435351
3.0,1,112.437356
10.0,1,112.439361
-10.0,1,112.441366
-10.0,1,112.450338
10.0,1,112.452345
-10.0,1,112.45435
10.0,1,112.456354
-10.0,1,112.463077
10.0,1,112.466087
10.0,1,112.468092
-10.0,1,112.470097
10.0,1,112.478267
10.0,1,112.4793
10.0,1,112.483132
10.0,1,112.48617
10.0,1,112.493541
-10.0,1,112.495546
-10.0,1,112.497552
10.0,1,112.499558
-10.0,1,112.506792
-10.0,1,112.510802
10.0,1,112.512807
-10.0,1,112.512807
-10.0,1,112.522551
10.0,1,112.525088
10.0,1,112.52754
-10.0,1,112.52754
10.0,1,112.535913
10.0,1,112.537918
10.0,1,112.541928
-10.0,1,112.541928
3.0,1,112.548425
3.0,1,112.55043
10.0,1,112.552435
-10.0,1,112.55444
10.0,1,112.560325
-10.0,1,112.56233
-10.0,1,112.564336
10.0,1,112.566341
-10.0,1,112.574246
10.0,1,112.576266
10.0,1,112.57865
3.0,1,112.57865
10.0,1,112.588654
10.0,1,112.590659
10.0,1,112.594337
10.0,1,112.594337
10.0,1,112.605552
10.0,1,112.609308
10.0,1,112.609308
10.0,1,112.609308
10.0,1,112.620041
-10.0,1,112.621076
3.0,1,112.623142
-10.0,1,112.624655
-10.0,1,112.632056
10.0,1,112.63406
-10.0,1,112.636064
-10.0,1,112.638069
10.0,1,112.646046
-10.0,1,112.646046
10.0,1,112.646046
10.0,1,112.650095
-10.0,1,112.658281
-10.0,1,112.659295
10.0,1,112.66223
-10.0,1,112.66223
-10.0,1,112.670187
-10.0,1,112.671933
10.0,1,112.673939
10.0,1,112.675943
10.0,1,112.685801
-10.0,1,112.685801
10.0,1,112.68981
10.0,1,112.691815
10.0,1,112.698198
10.0,1,112.700203
10.0,1,112.703714
10.0,1,112.70912
10.0,1,112.715147
10.0,1,112.717152
3.0,1,112.719157
-10.0,1,112.721163
10.0,1,112.727571
10.0,1,112.730284
-10.0,1,112.732273
-10.0,1,112.7343
10.0,1,112.740613
10.0,1,112.744623
10.0,1,112.746628
10.0,1,112.748632
-10.0,1,112.75483
10.0,1,112.756835
10.0,1,112.75884
10.0,1,112.760845
-10.0,1,112.768464
-10.0,1,112.770469
-10.0,1,112.772473
-10.0,1,112.772473
10.0,1,112.780891
-10.0,1,112.782396
-10.0,1,112.784402
10.0,1,112.788414
-10.0,1,112.795336
10.0,1,112.798346
10.0,1,112.800352
-10.0,1,112.802357
-10.0,1,112.812178
10.0,1,112.814183
-10.0,1,112.814183
10.0,1,112.821988
-10.0,1,112.830055
10.0,1,112.832219
-10.0,1,112.834455
10.0,1,112.838107
10.0,1,112.846516
10.0,1,112.846516
10.0,1,112.84877
10.0,1,112.850698
10.0,1,112.859975
3.0,1,112.860982
-10.0,1,112.863061
10.0,1,112.863061
10.0,1,112.872586
10.0,1,112.876643
10.0,1,112.877809
10.0,1,112.880949
10.0,1,112.887551
10.0,1,112.890291
-10.0,1,112.890291
-10.0,1,112.892481
10.0,1,112.901429
10.0,1,112.903436
10.0,1,112.906946
10.0,1,112.90845
10.0,1,112.917209
10.0,1,112.919522
10.0,1,112.922033
-10.0,1,112.922033
10.0,1,112.933925
10.0,1,112.936727
10.0,1,112.939138
10.0,1,112.940644
10.0,1,112.949195
10.0,1,112.952172
10.0,1,112.954404
10.0,1,112.954404
10.0,1,112.962396
10.0,1,112.965563
10.0,1,112.965563
10.0,1,112.970521
10.0,1,112.976334
-10.0,1,112.97834
10.0,1,112.980344
10.0,1,112.982349
10.0,1,112.990437
3.0,1,112.990437
10.0,1,112.992665
-10.0,1,112.994479
10.0,1,113.00232
10.0,1,113.005638
10.0,1,113.007166
-10.0,1,113.00817
10.0,1,113.016444
10.0,1,113.018449
10.0,1,113.020195
10.0,1,113.022201
10.0,1,113.032124
10.0,1,113.032124
10.0,1,113.039343
10.0,1,113.042418
-10.0,1,113.048988
-10.0,1,113.050994
10.0,1,113.052999
-10.0,1,113.055003
10.0,1,113.06204
10.0,1,113.064044
10.0,1,113.067054
10.0,1,113.06906
-10.0,1,113.076811
-10.0,1,113.078815
10.0,1,113.080821
10.0,1,113.084831
10.0,1,113.092492
10.0,1,113.092492
10.0,1,113.0972
-10.0,1,113.098947
-10.0,1,113.107084
-10.0,1,113.109088
10.0,1,113.109088
10.0,1,113.113099
10.0,1,113.11979
-10.0,1,113.120803
10.0,1,113.124671
10.0,1,113.127078
10.0,1,113.133688
10.0,1,113.134749
10.0,1,113.139206
10.0,1,113.139206
-10.0,1,113.151884
10.0,1,113.153676
10.0,1,113.156133
10.0,1,113.158139
10.0,1,113.165882
10.0,1,113.169891
10.0,1,113.171897
3.0,1,113.173901
10.0,1,113.178623
10.0,1,113.182633
-10.0,1,113.184638
-10.0,1,113.184638
10.0,1,113.191103
10.0,1,113.194613
10.0,1,113.196618
-10.0,1,113.196618
10.0,1,113.204716
10.0,1,113.207221
-10.0,1,113.207221
10.0,1,113.210731
-10.0,1,113.217803
10.0,1,113.219807
10.0,1,113.221812
10.0,1,113.223818
10.0,1,113.231991
-10.0,1,113.235111
10.0,1,113.237309
10.0,1,113.239591
10.0,1,113.245594
-10.0,1,113.2476
10.0,1,113.249605
10.0,1,113.25161
10.0,1,113.262586
10.0,1,113.264591
10.0,1,113.266596
10.0,1,113.268601
10.0,1,113.276251
-10.0,1,113.280262
10.0,1,113.280262
10.0,1,113.284272
10.0,1,113.290877
10.0,1,113.292882
-10.0,1,113.294887
10.0,1,113.298897
10.0,1,113.307065
10.0,1,113.30907
-10.0,1,113.30907
-10.0,1,113.311074
10.0,1,113.318587
10.0,1,113.322598
10.0,1,113.324603
-10.0,1,113.326607
10.0,1,113.332452
10.0,1,113.334457
-10.0,1,113.337683
10.0,1,113.339688
10.0,1,113.34702
-10.0,1,113.350192
-10.0,1,113.350192
10.0,1,113.352225
10.0,1,113.362287
-10.0,1,113.364667
10.0,1,113.367286
-10.0,1,113.372401
10.0,1,113.38058
10.0,1,113.383054
-10.0,1,113.38406
10.0,1,113.385539
-10.0,1,113.392482
-10.0,1,113.392482
10.0,1,113.394487
-10.0,1,113.396492
10.0,1,113.403879
10.0,1,113.406889
3.0,1,113.408893
-10.0,1,113.410898
3.0,1,113.416334
10.0,1,113.420343
10.0,1,113.420343
10.0,1,113.424353
10.0,1,113.431056
10.0,1,113.431056
10.0,1,113.4347
10.0,1,113.438794
10.0,1,113.446768
-10.0,1,113.448774
10.0,1,113.450779
-10.0,1,113.452784
-10.0,1,113.459734
10.0,1,113.462744
10.0,1,113.464748
-10.0,1,113.466753
10.0,1,113.473533
3.0,1,113.47456
10.0,1,113.478437
10.0,1,113.479545
-10.0,1,113.489961
3.0,1,113.491272
10.0,1,113.496014
10.0,1,113.49846
-10.0,1,113.505234
10.0,1,113.508214
10.0,1,113.508214
10.0,1,113.511723
10.0,1,113.519076
-10.0,1,113.521081
10.0,1,113.523086
10.0,1,113.526095
10.0,1,113.532215
-10.0,1,113.53422
10.0,1,113.536225
10.0,1,113.538231
-10.0,1,113.545544
-10.0,1,113.54755
10.0,1,113.54755
10.0,1,113.55335
10.0,1,113.557895
10.0,1,113.557895
10.0,1,113.557895
10.0,1,113.557895
10.0,1,113.573697
-10.0,1,113.575703
-10.0,1,113.577709
10.0,1,113.579713
10.0,1,113.588226
10.0,1,113.59351
10.0,1,113.596347
-10.0,1,113.596347
10.0,1,113.604254
10.0,1,113.606767
10.0,1,113.610778
10.0,1,113.612783
10.0,1,113.618786
-10.0,1,113.620937
10.0,1,113.624611
10.0,1,113.626858
10.0,1,113.634354
10.0,1,113.636359
-10.0,1,113.64037
-10.0,1,113.64037
10.0,1,113.647764
3.0,1,113.649769
10.0,1,113.652903
-10.0,1,113.654908
-10.0,1,113.663564
10.0,1,113.663564
-10.0,1,113.665688
10.0,1,113.667768
10.0,1,113.675995
10.0,1,113.678
10.0,1,113.680004
-10.0,1,113.68201
10.0,1,113.691774
10.0,1,113.694144
10.0,1,113.694144
10.0,1,113.697932
10.0,1,113.706858
10.0,1,113.709933
10.0,1,113.709933
10.0,1,113.712152
10.0,1,113.720282
-10.0,1,113.722287
10.0,1,113.724292
-10.0,1,113.726297
10.0,1,113.733496
-10.0,1,113.734527
10.0,1,113.737967
10.0,1,113.737967
-10.0,1,113.746369
10.0,1,113.748819
10.0,1,113.750951
10.0,1,113.753101
-10.0,1,113.759063
10.0,1,113.761067
10.0,1,113.763072
10.0,1,113.765078
10.0,1,113.774047
10.0,1,113.774047
10.0,1,113.776716
10.0,1,113.779945
10.0,1,113.787157
10.0,1,113.79041
10.0,1,113.792778
-10.0,1,113.792778
10.0,1,113.801055
3.0,1,113.803061
-10.0,1,113.805065
10.0,1,113.807077
3.0,1,113.816905
-10.0,1,113.81891
10.0,1,113.820914
10.0,1,113.822919
-10.0,1,113.83114
10.0,1,113.833146
3.0,1,113.833146
-10.0,1,113.83515
10.0,1,113.843757
10.0,1,113.843757
10.0,1,113.847879
10.0,1,113.850407
10.0,1,113.857133
3.0,1,113.858639
-10.0,1,113.86018
-10.0,1,113.861919
-10.0,1,113.869386
-10.0,1,113.871391
10.0,1,113.874404
10.0,1,113.878415
-10.0,1,113.886091
-10.0,1,113.888095
10.0,1,113.890099
-10.0,1,113.893899
10.0,1,113.900553
10.0,1,113.90158
-10.0,1,113.903513
10.0,1,113.907063
-10.0,1,113.914106
-10.0,1,113.914106
10.0,1,113.916111
3.0,1,113.918116
10.0,1,113.930899
-10.0,1,113.930899
10.0,1,113.932904
10.0,1,113.934909
10.0,1,113.942382
10.0,1,113.944387
10.0,1,113.946392
3.0,1,113.948397
10.0,1,113.954952
10.0,1,113.954952
10.0,1,113.954952
10.0,1,113.954952
10.0,1,113.971194
10.0,1,113.974754
-10.0,1,113.974754
10.0,1,113.978461
-10.0,1,113.984873
3.0,1,113.986877
10.0,1,113.988882
10.0,1,113.990886
10.0,1,113.997818
10.0,1,114.000829
-10.0,1,114.002836
-10.0,1,114.004841
10.0,1,114.014665
10.0,1,114.01667
10.0,1,114.018674
10.0,1,114.020679
10.0,1,114.029006
-10.0,1,114.029006
10.0,1,114.031011
-10.0,1,114.032757
10.0,1,114.045926
-10.0,1,114.045926
-10.0,1,114.047931
-10.0,1,114.049936
10.0,1,114.05758
10.0,1,114.059585
10.0,1,114.06159
10.0,1,114.065599
-10.0,1,114.073159
10.0,1,114.076296
10.0,1,114.076296
10.0,1,114.079303
-10.0,1,114.087071
-10.0,1,114.089076
-10.0,1,114.089076
10.0,1,114.093086
3.0,1,114.099388
10.0,1,114.101393
-10.0,1,114.103399
3.0,1,114.105404
10.0,1,114.113428
10.0,1,114.116276
10.0,1,114.118861
10.0,1,114.118861
-10.0,1,114.126964
-10.0,1,114.129126
10.0,1,114.129126
10.0,1,114.129126
10.0,1,114.140567
10.0,1,114.144267
-10.0,1,114.146998
10.0,1,114.149003
10.0,1,114.157093
10.0,1,114.158598
-10.0,1,114.158598
10.0,1,114.163723
10.0,1,114.169538
-10.0,1,114.171544
10.0,1,114.174553
10.0,1,114.176558
10.0,1,114.186158
10.0,1,114.188164
-10.0,1,114.190168
10.0,1,114.192174
10.0,1,114.199342
-10.0,1,114.201348
10.0,1,114.203352
10.0,1,114.205357
3.0,1,114.211575
-10.0,1,114.21358
10.0,1,114.215585
10.0,1,114.21759
10.0,1,114.226649
10.0,1,114.228654
-10.0,1,114.230659
-10.0,1,114.232664
10.0,1,114.240564
3.0,1,114.242569
-10.0,1,114.244574
10.0,1,114.246578
-10.0,1,114.254352
3.0,1,114.254352
-10.0,1,114.254352
10.0,1,114.261143
10.0,1,114.270654
10.0,1,114.272659
10.0,1,114.274664
10.0,1,114.276669
10.0,1,114.286153
10.0,1,114.288158
-10.0,1,114.288158
10.0,1,114.290163
-10.0,1,114.29748
10.0,1,114.30149
10.0,1,114.303495
10.0,1,114.305499
10.0,1,114.312278
-10.0,1,114.315288
10.0,1,114.317292
10.0,1,114.319297
10.0,1,114.327512
10.0,1,114.327512
10.0,1,114.332023
10.0,1,114.332023
10.0,1,114.339948
10.0,1,114.341954
-10.0,1,114.343959
3.0,1,114.346969
10.0,1,114.352944
-10.0,1,114.354949
-10.0,1,114.356955
10.0,1,114.35896
-10.0,1,114.368779
-10.0,1,114.370784
-10.0,1,114.37279
10.0,1,114.374795
-10.0,1,114.381827
-10.0,1,114.382869
-10.0,1,114.38421
-10.0,1,114.387147
10.0,1,114.394582
-10.0,1,114.394582
-10.0,1,114.394582
10.0,1,114.398195
-10.0,1,114.405413
-10.0,1,114.407418
10.0,1,114.409423
10.0,1,114.410428
10.0,1,114.418258
10.0,1,114.420263
10.0,1,114.424273
-10.0,1,114.426277
10.0,1,114.43302
10.0,1,114.435848
10.0,1,114.435848
3.0,1,114.439932
-10.0,1,114.446929
3.0,1,114.448705
-10.0,1,114.45071
10.0,1,114.452716
-10.0,1,114.460828
10.0,1,114.461867
-10.0,1,114.463024
-10.0,1,114.4649
10.0,1,114.47645
10.0,1,114.478456
-10.0,1,114.480461
-10.0,1,114.482465
10.0,1,114.488767
-10.0,1,114.490772
10.0,1,114.492779
10.0,1,114.494784
10.0,1,114.502541
-10.0,1,114.504551
10.0,1,114.505556
10.0,1,114.507585
10.0,1,114.515042
10.0,1,114.515042
10.0,1,114.51967
10.0,1,114.521312
10.0,1,114.527786
-10.0,1,114.528869
10.0,1,114.530614
10.0,1,114.534476
-10.0,1,114.540116
3.0,1,114.541222
-10.0,1,114.543258
10.0,1,114.546799
-10.0,1,114.5523
3.0,1,114.554307
10.0,1,114.556312
-10.0,1,114.558317
10.0,1,114.565865
10.0,1,114.568391
-10.0,1,114.568391
10.0,1,114.57327
10.0,1,114.582397
-10.0,1,114.582397
10.0,1,114.584143
10.0,1,114.592305
-10.0,1,114.601252
-10.0,1,114.602266
10.0,1,114.606103
10.0,1,114.60761
10.0,1,114.615891
10.0,1,114.617897
-10.0,1,114.619904
10.0,1,114.621908
10.0,1,114.630469
10.0,1,114.634125
-10.0,1,114.634125
10.0,1,114.637776
-10.0,1,114.645369
10.0,1,114.645369
10.0,1,114.647876
10.0,1,114.652277
-10.0,1,114.659971
10.0,1,114.659971
10.0,1,114.664325
10.0,1,114.665443
10.0,1,114.673794
10.0,1,114.675799
10.0,1,114.677803
10.0,1,114.679549
10.0,1,114.688315
10.0,1,114.69055
10.0,1,114.692899
10.0,1,114.695481
-10.0,1,114.706432
10.0,1,114.707437
10.0,1,114.711187
10.0,1,114.713192
10.0,1,114.72115
-10.0,1,114.723154
-10.0,1,114.725159
10.0,1,114.726904
10.0,1,114.734272
10.0,1,114.737024
10.0,1,114.737024
10.0,1,114.741277
10.0,1,114.749995
-10.0,1,114.749995
-10.0,1,114.752
10.0,1,114.754005
10.0,1,114.761208
-10.0,1,114.765218
10.0,1,114.767223
10.0,1,114.771232
-10.0,1,114.777695
10.0,1,114.7797
-10.0,1,114.781705
-10.0,1,114.781705
10.0,1,114.789805
10.0,1,114.7933
10.0,1,114.7933
10.0,1,114.798203
10.0,1,114.807734
10.0,1,114.807734
10.0,1,114.807734
10.0,1,114.817297
-10.0,1,114.823
10.0,1,114.825006
10.0,1,114.827011
10.0,1,114.829015
-10.0,1,114.838048
-10.0,1,114.840054
-10.0,1,114.842058
10.0,1,114.844063
3.0,1,114.851623
-10.0,1,114.851623
3.0,1,114.85413
10.0,1,114.857878
-10.0,1,114.863771
10.0,1,114.865776
10.0,1,114.869787
3.0,1,114.871791
10.0,1,114.879828
-10.0,1,114.879828
10.0,1,114.882476
3.0,1,114.886568
10.0,1,114.893069
-10.0,1,114.895074
10.0,1,114.89708
10.0,1,114.899085
10.0,1,114.90793
10.0,1,114.908432
10.0,1,114.912661
10.0,1,114.912661
10.0,1,114.924406
-10.0,1,114.926411
-10.0,1,114.928416
10.0,1,114.930421
10.0,1,114.937556
10.0,1,114.939561
10.0,1,114.941566
10.0,1,114.943572
10.0,1,114.953215
10.0,1,114.953215
-10.0,1,114.956803
10.0,1,114.958729
10.0,1,114.96838
10.0,1,114.970384
10.0,1,114.97239
-10.0,1,114.974392
10.0,1,114.98343
-10.0,1,114.985436
-10.0,1,114.987441
10.0,1,114.987441
10.0,1,114.997283
10.0,1,114.999857
10.0,1,115.001862
10.0,1,115.003867
10.0,1,115.011409
10.0,1,115.011409
10.0,1,115.011409
-10.0,1,115.016373
10.0,1,115.02405
10.0,1,115.028147
-10.0,1,115.028147
10.0,1,115.032418
10.0,1,115.041324
-10.0,1,115.043071
-10.0,1,115.045075
10.0,1,115.047081
10.0,1,115.052727
10.0,1,115.054732
10.0,1,115.058741
10.0,1,115.060745
-10.0,1,115.06753
10.0,1,115.069535
10.0,1,115.07154
10.0,1,115.074549
10.0,1,115.081726
3.0,1,115.083731
10.0,1,115.085735
10.0,1,115.08774
10.0,1,115.097097
-10.0,1,115.099102
10.0,1,115.101107
10.0,1,115.103112
10.0,1,115.112251
10.0,1,115.114255
-10.0,1,115.114255
10.0,1,115.118265
10.0,1,115.125356
10.0,1,115.126376
10.0,1,115.12818
10.0,1,115.129936
10.0,1,115.141284
10.0,1,115.143961
-10.0,1,115.143961
-10.0,1,115.143961
-10.0,1,115.152887
-10.0,1,115.155315
-10.0,1,115.155315
10.0,1,115.155315
10.0,1,115.165053
10.0,1,115.166102
-10.0,1,115.168608
10.0,1,115.170249
10.0,1,115.178838
10.0,1,115.180844
-10.0,1,115.182849
10.0,1,115.184595
10.0,1,115.191462
10.0,1,115.193467
10.0,1,115.195473
-10.0,1,115.197478
10.0,1,115.204048
10.0,1,115.208059
10.0,1,115.210064
10.0,1,115.212068
10.0,1,115.219024
10.0,1,115.222223
10.0,1,115.224852
3.0,1,115.224852
-10.0,1,115.232557
10.0,1,115.234562
10.0,1,115.238572
10.0,1,115.240576
10.0,1,115.249774
-10.0,1,115.255166
10.0,1,115.255166
10.0,1,115.2597
10.0,1,115.267859
-10.0,1,115.267859
10.0,1,115.269999
-10.0,1,115.27131
-10.0,1,115.279561
10.0,1,115.281566
10.0,1,115.28357
10.0,1,115.285574
10.0,1,115.293327
10.0,1,115.293327
10.0,1,115.296413
10.0,1,115.299256
-10.0,1,115.305906
10.0,1,115.307911
10.0,1,115.31142
10.0,1,115.313425
10.0,1,115.32185
-10.0,1,115.32185
10.0,1,115.326505
-10.0,1,115.328621
10.0,1,115.335842
-10.0,1,115.336874
10.0,1,115.340887
10.0,1,115.340887
10.0,1,115.350197
-10.0,1,115.351238
-10.0,1,115.354798
10.0,1,115.357026
10.0,1,115.367445
10.0,1,115.369449
10.0,1,115.373459
10.0,1,115.375205
10.0,1,115.384566
10.0,1,115.386834
3.0,1,115.386834
10.0,1,115.390712
-10.0,1,115.397357
-10.0,1,115.397357
10.0,1,115.399362
-10.0,1,115.401367
10.0,1,115.409757
10.0,1,115.409757
3.0,1,115.41418
10.0,1,115.416459
10.0,1,115.424572
10.0,1,115.424572
10.0,1,115.426655
10.0,1,115.428555
-10.0,1,115.437651
-10.0,1,115.439656
10.0,1,115.441662
10.0,1,115.443666
3.0,1,115.450689
10.0,1,115.452957
10.0,1,115.456093
10.0,1,115.456093
10.0,1,115.463417
-10.0,1,115.465422
10.0,1,115.468932
10.0,1,115.468932
10.0,1,115.480237
3.0,1,115.482243
10.0,1,115.484248
-10.0,1,115.486253
10.0,1,115.495031
10.0,1,115.498543
3.0,1,115.500291
10.0,1,115.501963
-10.0,1,115.510066
10.0,1,115.511153
10.0,1,115.512555
-10.0,1,115.514615
3.0,1,115.522893
10.0,1,115.52588
10.0,1,115.52588
-10.0,1,115.528518
-10.0,1,115.53781
10.0,1,115.539814
10.0,1,115.54182
10.0,1,115.543824
10.0,1,115.551259
10.0,1,115.553264
10.0,1,115.557274
3.0,1,115.557274
3.0,1,115.565632
10.0,1,115.567637
-10.0,1,115.569642
10.0,1,115.571646
-10.0,1,115.579439
10.0,1,115.584263
3.0,1,115.584263
10.0,1,115.588168
10.0,1,115.59812
10.0,1,115.600125
-10.0,1,115.600125
10.0,1,115.602131
10.0,1,115.610843
-10.0,1,115.610843
-10.0,1,115.615767
10.0,1,115.615767
-10.0,1,115.623786
3.0,1,115.626795
10.0,1,115.6288
-10.0,1,115.630805
-10.0,1,115.6402
3.0,1,115.642205
-10.0,1,115.644209
3.0,1,115.646213
10.0,1,115.652734
-10.0,1,115.654739
10.0,1,115.656744
10.0,1,115.658249
3.0,1,115.666104
10.0,1,115.668109
10.0,1,115.670114
-10.0,1,115.672119
10.0,1,115.679934
10.0,1,115.681939
-10.0,1,115.683944
10.0,1,115.685949
10.0,1,115.696225
-10.0,1,115.696225
10.0,1,115.701713
3.0,1,115.701713
10.0,1,115.711435
10.0,1,115.711435
10.0,1,115.833741
10.0,1,115.837752
10.0,1,115.845176
10.0,1,115.846218
10.0,1,115.849774
10.0,1,115.852176
10.0,1,115.857643
10.0,1,115.861652
-10.0,1,115.863657
10.0,1,115.863657
3.0,1,115.871361
10.0,1,115.873367
-10.0,1,115.875372
10.0,1,115.877377
10.0,1,115.885899
-10.0,1,115.887904
10.0,1,115.887904
10.0,1,115.891914
-10.0,1,115.896717
-10.0,1,115.896717
10.0,1,115.896717
10.0,1,115.896717
-10.0,1,115.910038
10.0,1,115.911062
10.0,1,115.914127
10.0,1,115.91687
10.0,1,115.922727
-10.0,1,115.924732
10.0,1,115.926737
10.0,1,115.930488
10.0,1,115.930488
10.0,1,115.937854
10.0,1,115.941804
10.0,1,115.944312
10.0,1,115.954716
-10.0,1,115.956718
-10.0,1,115.958719
10.0,1,115.960226
-10.0,1,115.967269
-10.0,1,115.969274
-10.0,1,115.969274
10.0,1,115.971279
10.0,1,115.979123
-10.0,1,115.981128
10.0,1,115.983132
10.0,1,115.985137
3.0,1,115.991856
10.0,1,115.993953
10.0,1,115.995777
10.0,1,115.999774
10.0,1,116.005537
10.0,1,116.008049
10.0,1,116.010053
10.0,1,116.012059
10.0,1,116.019591
-10.0,1,116.019591
-10.0,1,116.022315
10.0,1,116.02554
-10.0,1,116.03302
10.0,1,116.035024
-10.0,1,116.037029
-10.0,1,116.037029
-10.0,1,116.04583
10.0,1,116.047835
10.0,1,116.04984
10.0,1,116.051845
10.0,1,116.063532
10.0,1,116.066018
10.0,1,116.066018
10.0,1,116.06811
10.0,1,116.078475
10.0,1,116.081555
-10.0,1,116.081555
10.0,1,116.085136
10.0,1,116.090675
10.0,1,116.09268
10.0,1,116.096691
10.0,1,116.098696
10.0,1,116.10541
-10.0,1,116.10792
-10.0,1,116.109925
-10.0,1,116.11193
3.0,1,116.120146
-10.0,1,116.120146
3.0,1,116.120146
10.0,1,116.123951
10.0,1,116.132774
-10.0,1,116.134965
10.0,1,116.134965
10.0,1,116.137615
-10.0,1,116.146136
10.0,1,116.148141
-10.0,1,116.149887
10.0,1,116.151892
-10.0,1,116.158589
-10.0,1,116.160594
10.0,1,116.162599
-10.0,1,116.164603
10.0,1,116.172257
10.0,1,116.172257
10.0,1,116.179987
10.0,1,116.181736
10.0,1,116.189211
10.0,1,116.193221
10.0,1,116.195225
10.0,1,116.197231
10.0,1,116.206349
10.0,1,116.207854
-10.0,1,116.210748
10.0,1,116.210748
10.0,1,116.218555
3.0,1,116.222565
10.0,1,116.22457
10.0,1,116.226574
-10.0,1,116.231706
-10.0,1,116.234541
-10.0,1,116.236546
10.0,1,116.23855
-10.0,1,116.246241
10.0,1,116.248246
-10.0,1,116.250251
-10.0,1,116.252255
10.0,1,116.260895
-10.0,1,116.261901
10.0,1,116.265409
10.0,1,116.265409
10.0,1,116.273251
-10.0,1,116.275256
10.0,1,116.28119
-10.0,1,116.283195
10.0,1,116.29055
-10.0,1,116.29055
-10.0,1,116.292726
10.0,1,116.294261
10.0,1,116.304108
10.0,1,116.306769
-10.0,1,116.308801
-10.0,1,116.308801
10.0,1,116.318212
10.0,1,116.320218
10.0,1,116.324228
10.0,1,116.326233
-10.0,1,116.335194
10.0,1,116.337199
-10.0,1,116.339203
10.0,1,116.340208
-10.0,1,116.348168
10.0,1,116.349191
-10.0,1,116.350914
10.0,1,116.352811
10.0,1,116.360588
-10.0,1,116.361617
10.0,1,116.36345
10.0,1,116.367459
-10.0,1,116.374217
-10.0,1,116.375231
10.0,1,116.377081
10.0,1,116.380337
10.0,1,116.385984
10.0,1,116.389906
-10.0,1,116.389906
-10.0,1,116.39446
10.0,1,116.402811
-10.0,1,116.403816
10.0,1,116.404891
10.0,1,116.40801
10.0,1,116.41449
-10.0,1,116.416495
10.0,1,116.419504
10.0,1,116.42151
10.0,1,116.430776
10.0,1,116.432781
10.0,1,116.434785
10.0,1,116.43679
10.0,1,116.443433
3.0,1,116.445438
-10.0,1,116.447442
10.0,1,116.449446
10.0,1,116.456559
10.0,1,116.459118
10.0,1,116.459118
-10.0,1,116.463093
10.0,1,116.469432
10.0,1,116.471437
10.0,1,116.475447
10.0,1,116.477452
10.0,1,116.485435
-10.0,1,116.485435
-10.0,1,116.487557
10.0,1,116.488901
-10.0,1,116.727731
-10.0,1,116.729736
-10.0,1,116.729736
10.0,1,116.731741
10.0,1,116.742811
10.0,1,116.745288
10.0,1,116.745288
10.0,1,116.74956
-10.0,1,116.755127
10.0,1,116.757133
10.0,1,116.761142
10.0,1,116.763146
10.0,1,116.770066
10.0,1,116.772071
-10.0,1,116.774076
10.0,1,116.776081
10.0,1,116.784818
-10.0,1,116.786824
10.0,1,116.788828
-10.0,1,116.790833
10.0,1,116.797528
10.0,1,116.800348
10.0,1,116.802353
10.0,1,116.804358
-10.0,1,116.812954
10.0,1,116.814959
10.0,1,116.816964
10.0,1,116.818969
10.0,1,116.828928
10.0,1,116.828928
3.0,1,116.828928
-10.0,1,116.837602
-10.0,1,116.846261
10.0,1,116.846261
10.0,1,116.848459
-10.0,1,116.850363
10.0,1,116.859721
10.0,1,116.861726
10.0,1,116.863731
10.0,1,116.865736
10.0,1,116.872861
10.0,1,116.874866
10.0,1,116.874866
10.0,1,116.874866
10.0,1,116.8895
10.0,1,116.891577
10.0,1,116.891577
10.0,1,116.895869
10.0,1,116.902599
10.0,1,116.904604
10.0,1,116.90635
-10.0,1,116.908356
3.0,1,116.916333
10.0,1,116.918338
10.0,1,116.920343
-10.0,1,116.92209
10.0,1,116.930337
-10.0,1,116.930337
10.0,1,116.934623
-10.0,1,116.934623
3.0,1,116.947064
3.0,1,116.949069
10.0,1,116.951074
10.0,1,116.953079
-10.0,1,116.960049
-10.0,1,116.961223
-10.0,1,116.96414
10.0,1,116.966725
10.0,1,116.974394
10.0,1,116.977926
10.0,1,116.97993
-10.0,1,116.981935
10.0,1,116.990605
10.0,1,116.992542
10.0,1,116.994853
10.0,1,116.997138
-10.0,1,117.003513
10.0,1,117.005519
10.0,1,117.007523
-10.0,1,117.008528
10.0,1,117.015677
10.0,1,117.017423
10.0,1,117.019428
10.0,1,117.021433
10.0,1,117.030723
10.0,1,117.032718
-10.0,1,117.033848
10.0,1,117.038108
-10.0,1,117.043493
10.0,1,117.045346
-10.0,1,117.047351
10.0,1,117.048356
10.0,1,117.05854
-10.0,1,117.060546
10.0,1,117.062552
-10.0,1,117.064298
-10.0,1,117.071209
10.0,1,117.073215
10.0,1,117.075219
10.0,1,117.077224
10.0,1,117.084973
10.0,1,117.086978
-10.0,1,117.088983
10.0,1,117.090987
10.0,1,117.097432
10.0,1,117.099439
10.0,1,117.101443
10.0,1,117.105454
10.0,1,117.110845
10.0,1,117.115121
10.0,1,117.115121
-10.0,1,117.115121
10.0,1,117.12675
10.0,1,117.128756
-10.0,1,117.130761
3.0,1,117.132766
-10.0,1,117.140509
10.0,1,117.142514
10.0,1,117.144518
-10.0,1,117.146522
10.0,1,117.155072
10.0,1,117.157287
10.0,1,117.159301
-10.0,1,117.159301
10.0,1,117.171777
10.0,1,117.173781
10.0,1,117.175786
10.0,1,117.179796
-10.0,1,117.186392
-10.0,1,117.188397
10.0,1,117.189902
10.0,1,117.191906
10.0,1,117.199702
-10.0,1,117.201707
-10.0,1,117.201707
10.0,1,117.203712
10.0,1,117.210367
10.0,1,117.214377
10.0,1,117.216381
3.0,1,117.218386
10.0,1,117.225106
3.0,1,117.226165
10.0,1,117.230153
10.0,1,117.230153
10.0,1,117.239515
10.0,1,117.242506
10.0,1,117.242506
-10.0,1,117.244622
-10.0,1,117.252399
10.0,1,117.255409
10.0,1,117.257414
10.0,1,117.259418
-10.0,1,117.266949
10.0,1,117.272207
-10.0,1,117.272207
3.0,1,117.276288
10.0,1,117.284403
10.0,1,117.286408
10.0,1,117.288413
10.0,1,117.290417
3.0,1,117.296893
10.0,1,117.300501
10.0,1,117.300501
10.0,1,117.300501
10.0,1,117.313289
10.0,1,117.313289
-10.0,1,117.316552
10.0,1,117.31764
10.0,1,117.326657
10.0,1,117.329167
10.0,1,117.331172
-10.0,1,117.332675
-10.0,1,117.338825
-10.0,1,117.338825
10.0,1,117.34083
10.0,1,117.34484
10.0,1,117.350747
10.0,1,117.352752
10.0,1,117.354757
-10.0,1,117.356762
10.0,1,117.364534
10.0,1,117.36654
-10.0,1,117.368545
10.0,1,117.370549
10.0,1,117.378612
10.0,1,117.380358
-10.0,1,117.384788
10.0,1,117.386793
10.0,1,117.393539
10.0,1,117.395544
-10.0,1,117.397549
-10.0,1,117.399554
10.0,1,117.406906
10.0,1,117.408928
10.0,1,117.411453
-10.0,1,117.414061
10.0,1,117.419803
10.0,1,117.421808
10.0,1,117.423813
10.0,1,117.425818
10.0,1,117.433816
10.0,1,117.435822
10.0,1,117.437827
10.0,1,117.439832
10.0,1,117.450114
-10.0,1,117.450114
10.0,1,117.452119
10.0,1,117.454124
10.0,1,117.461329
10.0,1,117.463336
10.0,1,117.46534
-10.0,1,117.467345
3.0,1,117.473835
10.0,1,117.477586
10.0,1,117.479591
10.0,1,117.481596
10.0,1,117.488707
10.0,1,117.495227
10.0,1,117.497232
-10.0,1,117.499243
10.0,1,117.505894
10.0,1,117.508904
-10.0,1,117.510908
10.0,1,117.512914
-10.0,1,117.52136
10.0,1,117.523365
10.0,1,117.527375
-10.0,1,117.527375
10.0,1,117.534691
-10.0,1,117.536696
10.0,1,117.538702
3.0,1,117.540707
-10.0,1,117.548698
10.0,1,117.550703
10.0,1,117.553805
-10.0,1,117.553805
10.0,1,117.562577
-10.0,1,117.564582
10.0,1,117.566587
-10.0,1,117.568333
-10.0,1,117.575728
10.0,1,117.576764
3.0,1,117.578184
10.0,1,117.580048
10.0,1,117.589761
10.0,1,117.591766
10.0,1,117.591766
10.0,1,117.593771
-10.0,1,117.601537
10.0,1,117.601537
-10.0,1,117.601537
10.0,1,117.609052
-10.0,1,117.618301
10.0,1,117.620997
-10.0,1,117.62245
10.0,1,117.622955
10.0,1,117.632722
10.0,1,117.632722
10.0,1,117.637483
3.0,1,117.637988
-10.0,1,117.646411
10.0,1,117.649517
-10.0,1,117.649517
-10.0,1,117.651532
10.0,1,117.660414
10.0,1,117.66349
10.0,1,117.664612
3.0,1,117.665873
10.0,1,117.675159
10.0,1,117.678425
10.0,1,117.67943
10.0,1,117.680951
-10.0,1,117.688811
10.0,1,117.690815
10.0,1,117.692819
-10.0,1,117.694823
3.0,1,117.701155
-10.0,1,117.703161
10.0,1,117.705166
10.0,1,117.707171
10.0,1,117.72016
10.0,1,117.722165
10.0,1,117.724169
10.0,1,117.726174
-10.0,1,117.733597
10.0,1,117.736003
10.0,1,117.738462
10.0,1,117.740916
10.0,1,117.749144
-10.0,1,117.749144
10.0,1,117.751148
10.0,1,117.753153
10.0,1,117.761223
10.0,1,117.764526
10.0,1,117.764526
10.0,1,117.769028
10.0,1,117.776921
-10.0,1,117.776921
-10.0,1,117.781517
-10.0,1,117.781517
-10.0,1,117.7909
10.0,1,117.793769
-10.0,1,117.793769
-10.0,1,117.796148
10.0,1,117.802961
10.0,1,117.804966
-10.0,1,117.806971
-10.0,1,117.809477
10.0,1,117.818641
10.0,1,117.820647
10.0,1,117.821654
10.0,1,117.828217
10.0,1,117.834505
10.0,1,117.837572
10.0,1,117.840101
-10.0,1,117.842726
10.0,1,117.849435
10.0,1,117.852493
10.0,1,117.852493
10.0,1,117.856859
10.0,1,117.863815
10.0,1,117.863815
-10.0,1,117.867827
-10.0,1,117.869372
10.0,1,117.878743
10.0,1,117.881498
-10.0,1,117.881498
10.0,1,117.885606
10.0,1,117.893298
-10.0,1,117.893298
10.0,1,117.897158
10.0,1,117.897158
10.0,1,117.905789
-10.0,1,117.906805
-10.0,1,117.909311
10.0,1,117.910315
10.0,1,117.91576
10.0,1,117.91576
10.0,1,117.91576
10.0,1,117.91576
10.0,1,117.932464
10.0,1,117.932464
10.0,1,117.932464
10.0,1,117.932464
10.0,1,117.94985
10.0,1,117.94985
10.0,1,117.954009
10.0,1,117.956445
10.0,1,117.964464
10.0,1,117.964464
-10.0,1,117.966851
10.0,1,117.968794
-10.0,1,117.976733
10.0,1,117.978239
10.0,1,117.979323
10.0,1,117.983382
-10.0,1,117.989754
-10.0,1,117.991759
10.0,1,117.993764
-10.0,1,117.997774
-10.0,1,118.004576
10.0,1,118.006827
-10.0,1,118.006827
10.0,1,118.010411
-10.0,1,118.018619
10.0,1,118.021526
-10.0,1,118.02406
10.0,1,118.026135
3.0,1,118.034122
-10.0,1,118.034122
10.0,1,118.037523
10.0,1,118.037523
-10.0,1,118.048247
-10.0,1,118.049402
-10.0,1,118.051231
-10.0,1,118.055174
10.0,1,118.062975
10.0,1,118.065542
10.0,1,118.067905
-10.0,1,118.067905
10.0,1,118.077456
-10.0,1,118.077456
10.0,1,118.081211
-10.0,1,118.081211
-10.0,1,118.088858
10.0,1,118.090321
10.0,1,118.091739
10.0,1,118.095766
10.0,1,118.101434
-10.0,1,118.103439
10.0,1,118.104945
10.0,1,118.106951
10.0,1,118.112876
10.0,1,118.114881
-10.0,1,118.116886
3.0,1,118.11889
10.0,1,118.12664
-10.0,1,118.128645
10.0,1,118.13065
10.0,1,118.132656
10.0,1,118.140824
10.0,1,118.144157
-10.0,1,118.144157
10.0,1,118.146162
10.0,1,118.15744
-10.0,1,118.15744
10.0,1,118.15744
10.0,1,118.15744
10.0,1,118.171335
-10.0,1,118.171335
10.0,1,118.174846
10.0,1,118.174846
10.0,1,118.184106
-10.0,1,118.186111
10.0,1,118.188116
10.0,1,118.190121
3.0,1,118.197117
-10.0,1,118.197117
-10.0,1,118.19935
10.0,1,118.202894
10.0,1,118.209421
10.0,1,118.211426
-10.0,1,118.213432
-10.0,1,118.217182
10.0,1,118.223087
10.0,1,118.225092
10.0,1,118.229102
10.0,1,118.230847
10.0,1,118.23827
10.0,1,118.23929
10.0,1,118.241226
10.0,1,118.245052
10.0,1,118.251895
-10.0,1,118.2539
3.0,1,118.255905
10.0,1,118.25791
10.0,1,118.267633
-10.0,1,118.268687
10.0,1,118.268687
3.0,1,118.274577
-10.0,1,118.279581
10.0,1,118.284494
-10.0,1,118.284494
10.0,1,118.284494
10.0,1,118.294631
3.0,1,118.296637
10.0,1,118.298642
10.0,1,118.300647
10.0,1,118.307823
-10.0,1,118.309328
10.0,1,118.310333
10.0,1,118.314343
10.0,1,118.321876
-10.0,1,118.322921
10.0,1,118.326528
10.0,1,118.326528
10.0,1,118.335804
-10.0,1,118.336817
10.0,1,118.340277
10.0,1,118.342024
-10.0,1,118.349057
10.0,1,118.351123
10.0,1,118.351123
10.0,1,118.356519
-10.0,1,118.362518
10.0,1,118.364523
10.0,1,118.368532
10.0,1,118.370537
10.0,1,118.380654
10.0,1,118.380654
-10.0,1,118.380654
-10.0,1,118.380654
-10.0,1,118.394329
10.0,1,118.395483
10.0,1,118.399829
10.0,1,118.399829
10.0,1,118.409631
-10.0,1,118.410135
10.0,1,118.411771
-10.0,1,118.413759
10.0,1,118.421193
10.0,1,118.424539
10.0,1,118.426409
-10.0,1,118.426409
10.0,1,118.43334
10.0,1,118.435346
-10.0,1,118.438356
10.0,1,118.440361
-10.0,1,118.448047
-10.0,1,118.449283
10.0,1,118.450981
10.0,1,118.455199
10.0,1,118.460564
-10.0,1,118.462651
-10.0,1,118.464294
10.0,1,118.467442
-10.0,1,118.473974
10.0,1,118.475042
3.0,1,118.477047
10.0,1,118.481057
10.0,1,118.492609
-10.0,1,118.494615
-10.0,1,118.496619
-10.0,1,118.498625
-10.0,1,118.506346
-10.0,1,118.506346
10.0,1,118.509565
10.0,1,118.5124
10.0,1,118.518076
10.0,1,118.518076
10.0,1,118.518076
-10.0,1,118.518076
10.0,1,118.532146
10.0,1,118.532146
10.0,1,118.532146
10.0,1,118.532146
10.0,1,118.54826
10.0,1,118.551695
10.0,1,118.551695
10.0,1,118.553799
10.0,1,118.562134
-10.0,1,118.564265
10.0,1,118.565857
10.0,1,118.569068
10.0,1,118.575961
10.0,1,118.577966
-10.0,1,118.579971
-10.0,1,118.581976
10.0,1,118.590038
-10.0,1,118.593024
10.0,1,118.595383
10.0,1,118.595383
10.0,1,118.608592
10.0,1,118.609597
-10.0,1,118.611342
10.0,1,118.614563
10.0,1,118.622229
10.0,1,118.625011
-10.0,1,118.625011
-10.0,1,118.627037
10.0,1,118.633455
-10.0,1,118.63546
3.0,1,118.637465
10.0,1,118.63947
10.0,1,118.647444
10.0,1,118.650735
-10.0,1,118.652986
-10.0,1,118.652986
10.0,1,118.662337
10.0,1,118.662337
-10.0,1,118.662337
10.0,1,118.667268
-10.0,1,118.674809
3.0,1,118.676407
3.0,1,118.677829
-10.0,1,118.679669
10.0,1,118.687648
10.0,1,118.690852
10.0,1,118.693543
10.0,1,118.693543
10.0,1,118.703085
10.0,1,118.705364
10.0,1,118.70689
10.0,1,118.709487
10.0,1,118.718882
10.0,1,118.720888
10.0,1,118.722635
-10.0,1,118.726645
-10.0,1,118.732122
-10.0,1,118.734127
-10.0,1,118.736132
-10.0,1,118.738136
10.0,1,118.744899
10.0,1,118.747812
-10.0,1,118.747812
10.0,1,118.749835
10.0,1,118.75709
10.0,1,118.758117
10.0,1,118.762586
-10.0,1,118.762586
10.0,1,118.772025
-10.0,1,118.77403
10.0,1,118.776034
10.0,1,118.778039
10.0,1,118.782892
-10.0,1,118.786038
-10.0,1,118.786038
10.0,1,118.786038
10.0,1,118.798403
-10.0,1,118.798403
-10.0,1,118.801909
10.0,1,118.804511
10.0,1,118.809694
10.0,1,118.812365
10.0,1,118.814575
-10.0,1,118.818352
3.0,1,118.82909
10.0,1,118.831529
3.0,1,118.833537
10.0,1,118.836004
-10.0,1,118.843339
10.0,1,118.843339
-10.0,1,118.846049
-10.0,1,118.848031
-10.0,1,118.855988
-10.0,1,118.855988
10.0,1,118.858599
-10.0,1,118.862179
10.0,1,118.868606
10.0,1,118.869637
3.0,1,118.871621
10.0,1,118.875467
10.0,1,118.881601
-10.0,1,118.881601
-10.0,1,118.881601
-10.0,1,118.881601
-10.0,1,118.89397
10.0,1,118.897689
10.0,1,118.900594
-10.0,1,118.900594
-10.0,1,118.909892
10.0,1,118.912523
10.0,1,118.91458
-10.0,1,118.91458
10.0,1,118.924037
10.0,1,118.924037
10.0,1,118.928621
10.0,1,118.929627
10.0,1,118.942349
10.0,1,118.944472
10.0,1,118.945563
10.0,1,118.947581
-10.0,1,118.956534
10.0,1,118.958538
-10.0,1,118.960542
-10.0,1,118.961547
10.0,1,118.970266
-10.0,1,118.972533
10.0,1,118.972533
10.0,1,118.974601
-10.0,1,118.978709
10.0,1,118.985233
10.0,1,118.985233
10.0,1,118.989607
10.0,1,118.995762
10.0,1,118.997768
10.0,1,118.999773
10.0,1,119.001778
-10.0,1,119.010001
-10.0,1,119.011191
-10.0,1,119.011191
10.0,1,119.015328
-10.0,1,119.023072
10.0,1,119.025076
10.0,1,119.028085
-10.0,1,119.03009
10.0,1,119.035879
10.0,1,119.040266
-10.0,1,119.042014
10.0,1,119.045598
10.0,1,119.052941
10.0,1,119.056951
10.0,1,119.059879
10.0,1,119.059879
10.0,1,119.070952
10.0,1,119.070952
10.0,1,119.075127
-10.0,1,119.075127
10.0,1,119.084929
-10.0,1,119.087173
10.0,1,119.08948
-10.0,1,119.091882
10.0,1,119.099627
10.0,1,119.099627
10.0,1,119.103808
-10.0,1,119.103808
10.0,1,119.111511
10.0,1,119.11452
10.0,1,119.11452
-10.0,1,119.119134
10.0,1,119.125268
-10.0,1,119.127275
10.0,1,119.129281
10.0,1,119.131286
10.0,1,119.140912
10.0,1,119.142917
10.0,1,119.146927
10.0,1,119.146927
-10.0,1,119.155346
10.0,1,119.155346
-10.0,1,119.155346
10.0,1,119.155346
3.0,1,119.17223
10.0,1,119.175094
10.0,1,119.175094
-10.0,1,119.177162
10.0,1,119.185255
-10.0,1,119.188608
10.0,1,119.188608
-10.0,1,119.19085
10.0,1,119.199874
10.0,1,119.20138
10.0,1,119.20435
10.0,1,119.206687
10.0,1,119.213091
10.0,1,119.217101
10.0,1,119.219106
10.0,1,119.22111
-10.0,1,119.22757
10.0,1,119.229575
10.0,1,119.231579
10.0,1,119.233085
10.0,1,119.242745
10.0,1,119.242745
-10.0,1,119.244852
10.0,1,119.24673
10.0,1,119.256244
10.0,1,119.258249
10.0,1,119.258249
10.0,1,119.262259
10.0,1,119.272568
10.0,1,119.272568
-10.0,1,119.274994
10.0,1,119.277077
-10.0,1,119.285585
10.0,1,119.28759
-10.0,1,119.289595
10.0,1,119.2916
10.0,1,119.299094
-10.0,1,119.301099
10.0,1,119.303104
10.0,1,119.305109
10.0,1,119.312096
-10.0,1,119.315639
10.0,1,119.315639
-10.0,1,119.317641
3.0,1,119.324957
3.0,1,119.326141
10.0,1,119.330102
10.0,1,119.330102
10.0,1,119.340568
10.0,1,119.340568
10.0,1,119.345017
10.0,1,119.345017
-10.0,1,119.356327
10.0,1,119.358564
10.0,1,119.360069
10.0,1,119.361506
10.0,1,119.369751
-10.0,1,119.370781
3.0,1,119.374142
-10.0,1,119.375889
10.0,1,119.38447
10.0,1,119.386476
-10.0,1,119.388481
10.0,1,119.391991
10.0,1,119.400159
10.0,1,119.403315
3.0,1,119.403315
10.0,1,119.405397
10.0,1,119.415442
10.0,1,119.415442
-10.0,1,119.417727
10.0,1,119.421227
10.0,1,119.428288
10.0,1,119.431614
-10.0,1,119.43377
10.0,1,119.43377
10.0,1,119.442094
-10.0,1,119.443122
10.0,1,119.444862
-10.0,1,119.446255
10.0,1,119.453739
10.0,1,119.454755
10.0,1,119.456999
-10.0,1,119.459021
10.0,1,119.467832
10.0,1,119.467832
-10.0,1,119.472181
10.0,1,119.474452
10.0,1,119.480875
10.0,1,119.481934
10.0,1,119.485814
-10.0,1,119.485814
10.0,1,119.496258
10.0,1,119.498263
10.0,1,119.501774
10.0,1,119.503781
10.0,1,119.510606
10.0,1,119.514615
-10.0,1,119.51662
3.0,1,119.517625
10.0,1,119.525461
10.0,1,119.526491
10.0,1,119.530542
10.0,1,119.530542
10.0,1,119.539415
10.0,1,119.542897
10.0,1,119.545383
3.0,1,119.545383
-10.0,1,119.552962
10.0,1,119.554967
10.0,1,119.556972
10.0,1,119.560981
10.0,1,119.567816
-10.0,1,119.568859
10.0,1,119.572797
-10.0,1,119.572797
3.0,1,119.580672
10.0,1,119.583316
10.0,1,119.585864
10.0,1,119.585864
10.0,1,119.594528
-10.0,1,119.596537
10.0,1,119.596537
-10.0,1,119.596537
10.0,1,119.609727
10.0,1,119.61275
10.0,1,119.61501
-10.0,1,119.61501
10.0,1,119.622705
-10.0,1,119.62374
-10.0,1,119.625566
10.0,1,119.627524
10.0,1,119.635213
10.0,1,119.636255
-10.0,1,119.636255
10.0,1,119.636255
3.0,1,119.6485
10.0,1,119.652317
-10.0,1,119.652317
10.0,1,119.654137
10.0,1,119.661231
10.0,1,119.666
10.0,1,119.666
10.0,1,119.669117
-10.0,1,119.677364
10.0,1,119.679261
-10.0,1,119.681267
10.0,1,119.683274
10.0,1,119.691362
-10.0,1,119.691362
10.0,1,119.693369
10.0,1,119.69738
10.0,1,119.703129
10.0,1,119.707145
10.0,1,119.71085
10.0,1,119.71085
10.0,1,119.720664
10.0,1,119.724676
10.0,1,119.726681
10.0,1,119.728687
10.0,1,119.735183
3.0,1,119.738769
10.0,1,119.738769
-10.0,1,119.743497
10.0,1,119.750243
10.0,1,119.753407
10.0,1,119.75563
-10.0,1,119.757806
-10.0,1,119.764626
10.0,1,119.767017
10.0,1,119.767017
10.0,1,119.771321
-10.0,1,119.779833
10.0,1,119.779833
10.0,1,119.783607
-10.0,1,119.786142
-10.0,1,119.793069
10.0,1,119.797271
10.0,1,119.797271
10.0,1,119.802112
10.0,1,119.809311
3.0,1,119.810818
10.0,1,119.814261
10.0,1,119.816001
10.0,1,119.818864
10.0,1,119.818864
10.0,1,119.818864
10.0,1,119.833621
-10.0,1,119.841845
-10.0,1,119.841845
10.0,1,119.841845
10.0,1,119.84698
10.0,1,119.855555
10.0,1,119.858069
10.0,1,119.860274
-10.0,1,119.860782
-10.0,1,119.868457
10.0,1,119.868457
-10.0,1,119.868457
10.0,1,119.868457
10.0,1,119.881577
10.0,1,119.883583
-10.0,1,119.885588
10.0,1,119.887593
10.0,1,119.896112
-10.0,1,119.90048
10.0,1,119.903312
10.0,1,119.905591
10.0,1,119.913734
10.0,1,119.916361
10.0,1,119.916361
10.0,1,119.920723
-10.0,1,119.926989
10.0,1,119.92962
10.0,1,119.935569
-10.0,1,119.936834
10.0,1,119.944194
10.0,1,119.945704
10.0,1,119.947547
-10.0,1,119.947547
10.0,1,119.958999
10.0,1,119.961404
10.0,1,119.962412
10.0,1,119.962412
10.0,1,119.974887
10.0,1,119.974887
10.0,1,119.979927
-10.0,1,119.982152
10.0,1,119.990403
3.0,1,119.992408
-10.0,1,119.993413
10.0,1,119.995419
10.0,1,120.004218
10.0,1,120.007086
-10.0,1,120.010103
-10.0,1,120.011148
10.0,1,120.011148
10.0,1,120.011148
10.0,1,120.024758
10.0,1,120.026766
10.0,1,120.035133
10.0,1,120.037138
10.0,1,120.040648
10.0,1,120.044652
10.0,1,120.053219
10.0,1,120.05673
10.0,1,120.060741
10.0,1,120.062746
10.0,1,120.069678
10.0,1,120.075199
10.0,1,120.077431
10.0,1,120.079705
-10.0,1,120.086495
10.0,1,120.090255
-10.0,1,120.090255
10.0,1,120.094181
-10.0,1,120.100952
10.0,1,120.102957
10.0,1,120.104462
10.0,1,120.108475
3.0,1,120.116334
10.0,1,120.11895
3.0,1,120.121624
10.0,1,120.124622
3.0,1,120.132525
10.0,1,120.132525
10.0,1,120.136412
10.0,1,120.139239
10.0,1,120.145476
-10.0,1,120.146538
10.0,1,120.146538
10.0,1,120.152199
-10.0,1,120.163482
10.0,1,120.167493
10.0,1,120.169499
10.0,1,120.171506
10.0,1,120.180093
10.0,1,120.182741
-10.0,1,120.182741
10.0,1,120.183988
10.0,1,120.191707
10.0,1,120.197345
10.0,1,120.199969
10.0,1,120.20267
10.0,1,120.209274
10.0,1,120.211279
10.0,1,120.214789
-10.0,1,120.216795
-10.0,1,120.225451
10.0,1,120.227869
10.0,1,120.227869
10.0,1,120.229999
10.0,1,120.2403
10.0,1,120.242305
10.0,1,120.24431
-10.0,1,120.246056
10.0,1,120.256309
10.0,1,120.259112
10.0,1,120.26147
10.0,1,120.266474
10.0,1,120.273212
10.0,1,120.277223
10.0,1,120.279229
10.0,1,120.281234
-10.0,1,120.289668
-10.0,1,120.291674
10.0,1,120.295184
10.0,1,120.29719
10.0,1,120.307333
10.0,1,120.309079
10.0,1,120.313592
10.0,1,120.315597
3.0,1,120.323948
-10.0,1,120.326045
-10.0,1,120.326045
10.0,1,120.330459
10.0,1,120.337284
10.0,1,120.338428
10.0,1,120.340935
10.0,1,120.343014
10.0,1,120.352194
10.0,1,120.352194
3.0,1,120.356159
-10.0,1,120.358291
10.0,1,120.367858
10.0,1,120.369022
10.0,1,120.372159
-10.0,1,120.37782
10.0,1,120.386906
-10.0,1,120.387413
10.0,1,120.389919
10.0,1,120.392823
3.0,1,120.401573
-10.0,1,120.403319
-10.0,1,120.405605
10.0,1,120.409154
3.0,1,120.416385
10.0,1,120.419396
-10.0,1,120.419396
10.0,1,120.421402
10.0,1,120.428594
3.0,1,120.428594
3.0,1,120.428594
10.0,1,120.435109
-10.0,1,120.443052
10.0,1,120.445057
10.0,1,120.449069
-10.0,1,120.449069
10.0,1,120.456893
10.0,1,120.460903
-10.0,1,120.462909
10.0,1,120.464914
10.0,1,120.472666
-10.0,1,120.475849
10.0,1,120.478247
10.0,1,120.48076
10.0,1,120.492546
-10.0,1,120.492546
-10.0,1,120.494552
10.0,1,120.496557
10.0,1,120.506112
10.0,1,120.508118
10.0,1,120.510123
-10.0,1,120.513633
10.0,1,120.520839
3.0,1,120.523456
3.0,1,120.524536
-10.0,1,120.526165
10.0,1,120.534382
10.0,1,120.53775
10.0,1,120.540068
10.0,1,120.542412
-10.0,1,120.549066
-10.0,1,120.551011
10.0,1,120.551517
10.0,1,120.553522
10.0,1,120.562402
10.0,1,120.566414
10.0,1,120.566414
10.0,1,120.568419
10.0,1,120.578481
-10.0,1,120.580487
10.0,1,120.582493
10.0,1,120.584497
10.0,1,120.592261
10.0,1,120.592261
10.0,1,120.592261
10.0,1,120.602159
10.0,1,120.610453
10.0,1,120.61148
-10.0,1,120.61148
10.0,1,120.617928
10.0,1,120.626718
10.0,1,120.626718
10.0,1,120.6314
10.0,1,120.63405
10.0,1,120.642151
10.0,1,120.644156
-10.0,1,120.646162
3.0,1,120.648167
10.0,1,120.654747
10.0,1,120.658691
10.0,1,120.661157
10.0,1,120.661157
10.0,1,120.669997
10.0,1,120.674009
10.0,1,120.676013
10.0,1,120.680026
-10.0,1,120.687205
-10.0,1,120.689212
10.0,1,120.689212
10.0,1,120.689212
10.0,1,120.701681
10.0,1,120.706393
-10.0,1,120.71044
-10.0,1,120.712816
-10.0,1,120.721034
10.0,1,120.723039
10.0,1,120.725044
10.0,1,120.727051
10.0,1,120.734812
10.0,1,120.736819
10.0,1,120.738825
-10.0,1,120.74083
10.0,1,120.748495
-10.0,1,120.750612
10.0,1,120.750612
10.0,1,120.755282
10.0,1,120.762361
3.0,1,120.764366
-10.0,1,120.768376
10.0,1,120.768376
-10.0,1,120.778366
3.0,1,120.780371
10.0,1,120.782117
10.0,1,120.784122
-10.0,1,120.787746
10.0,1,120.793463
10.0,1,120.795479
10.0,1,120.799087
3.0,1,120.799087
3.0,1,120.810051
-10.0,1,120.812064
-10.0,1,120.813813
3.0,1,120.824279
10.0,1,120.826118
3.0,1,120.829082
10.0,1,120.829591
10.0,1,120.840136
10.0,1,120.842535
10.0,1,120.845109
10.0,1,120.848572
-10.0,1,120.854962
10.0,1,120.856967
10.0,1,120.858972
10.0,1,120.860977
10.0,1,120.871346
10.0,1,120.871346
10.0,1,120.875737
10.0,1,120.878405
10.0,1,120.885026
10.0,1,120.887031
10.0,1,120.889036
-10.0,1,120.891041
10.0,1,120.897984
10.0,1,120.89999
10.0,1,120.904
3.0,1,120.904
-10.0,1,120.91305
10.0,1,120.91305
-10.0,1,120.915735
10.0,1,120.917665
10.0,1,120.92424
-10.0,1,120.92424
10.0,1,120.92424
-10.0,1,120.92424
10.0,1,120.940594
-10.0,1,120.942652
-10.0,1,120.944586
10.0,1,120.948088
10.0,1,120.955303
10.0,1,120.958158
-10.0,1,120.958158
-10.0,1,120.958158
-10.0,1,120.968809
10.0,1,120.971317
-10.0,1,120.972544
10.0,1,120.973624
-10.0,1,120.980937
-10.0,1,120.983059
10.0,1,120.985399
10.0,1,120.988184
10.0,1,120.996253
10.0,1,120.998861
3.0,1,121.001081
-10.0,1,121.00286
-10.0,1,121.010435
10.0,1,121.013248
10.0,1,121.013248
-10.0,1,121.013248
10.0,1,121.024911
10.0,1,121.027405
10.0,1,121.029919
10.0,1,121.029919
-10.0,1,121.041488
-10.0,1,121.043495
10.0,1,121.04547
-10.0,1,121.047477
10.0,1,121.056564
10.0,1,121.059435
-10.0,1,121.059435
10.0,1,121.063252
-10.0,1,121.071361
-10.0,1,121.073366
10.0,1,121.075371
-10.0,1,121.077378
10.0,1,121.086976
10.0,1,121.086976
-10.0,1,121.089968
10.0,1,121.091909
3.0,1,121.101077
-10.0,1,121.101077
10.0,1,121.103086
-10.0,1,121.103086
10.0,1,121.112101
-10.0,1,121.114312
10.0,1,121.117815
-10.0,1,121.12026
10.0,1,121.128689
10.0,1,121.130202
10.0,1,121.130202
10.0,1,121.133785
10.0,1,121.14512
10.0,1,121.149666
10.0,1,121.151668
3.0,1,121.15367
-10.0,1,121.16118
10.0,1,121.164191
10.0,1,121.166195
3.0,1,121.168201
10.0,1,121.176677
10.0,1,121.178183
3.0,1,121.179192
10.0,1,121.182944
10.0,1,121.190056
10.0,1,121.192061
10.0,1,121.194066
-10.0,1,121.19622
10.0,1,121.2061
-10.0,1,121.208609
10.0,1,121.211123
10.0,1,121.212131
10.0,1,121.221483
10.0,1,121.225002
10.0,1,121.226011
-10.0,1,121.226011
10.0,1,121.235819
10.0,1,121.239486
10.0,1,121.241996
-10.0,1,121.244165
3.0,1,121.251597
-10.0,1,121.252645
10.0,1,121.256808
-10.0,1,121.257845
-10.0,1,121.266423
10.0,1,121.266423
-10.0,1,121.271723
-10.0,1,121.273033
-10.0,1,121.280705
-10.0,1,121.282711
10.0,1,121.286721
10.0,1,121.288727
10.0,1,121.297461
-10.0,1,121.300026
3.0,1,121.300026
10.0,1,121.303826
10.0,1,121.312226
10.0,1,121.31551
10.0,1,121.317994
-10.0,1,121.319463
10.0,1,121.328205
10.0,1,121.328205
-10.0,1,121.330447
10.0,1,121.334693
-10.0,1,121.344277
-10.0,1,121.344277
10.0,1,121.348719
10.0,1,121.350172
10.0,1,121.358662
10.0,1,121.36314
10.0,1,121.365454
10.0,1,121.368467
10.0,1,121.377604
10.0,1,121.381616
-10.0,1,121.381616
10.0,1,121.385368
-10.0,1,121.393007
-10.0,1,121.395785
10.0,1,121.398335
10.0,1,121.401094
10.0,1,121.409869
10.0,1,121.409869
-10.0,1,121.414258
-10.0,1,121.414258
10.0,1,121.421608
10.0,1,121.423613
10.0,1,121.427629
10.0,1,121.429634
10.0,1,121.437677
10.0,1,121.437677
-10.0,1,121.437677
-10.0,1,121.437677
-10.0,1,121.451071
10.0,1,121.455082
10.0,1,121.457087
3.0,1,121.459092
-10.0,1,121.464315
10.0,1,121.464315
10.0,1,121.464315
10.0,1,121.464315
10.0,1,121.484622
10.0,1,121.486628
10.0,1,121.490639
-10.0,1,121.490639
10.0,1,121.500716
10.0,1,121.502721
3.0,1,121.504726
10.0,1,121.506731
3.0,1,121.514906
10.0,1,121.516438
10.0,1,121.516438
10.0,1,121.523129
-10.0,1,121.530298
10.0,1,121.532696
-10.0,1,121.532696
10.0,1,121.53635
10.0,1,121.54435
-10.0,1,121.54435
10.0,1,121.548238
10.0,1,121.549841
-10.0,1,121.55686
10.0,1,121.55896
10.0,1,121.561914
10.0,1,121.565322
10.0,1,121.574121
10.0,1,121.576127
10.0,1,121.578132
3.0,1,121.580138
10.0,1,121.587404
-10.0,1,121.58941
-10.0,1,121.58941
10.0,1,121.58941
10.0,1,121.606354
-10.0,1,121.606354
10.0,1,121.610564
10.0,1,121.612571
10.0,1,121.620361
3.0,1,121.620361
10.0,1,121.625782
10.0,1,121.625782
3.0,1,121.635327
-10.0,1,121.638078
10.0,1,121.638078
10.0,1,121.638078
10.0,1,121.651005
10.0,1,121.65251
-10.0,1,121.654516
10.0,1,121.656522
10.0,1,121.66554
10.0,1,121.667889
10.0,1,121.67183
10.0,1,121.674708
-10.0,1,121.68131
10.0,1,121.683546
10.0,1,121.687253
-10.0,1,121.687253
10.0,1,121.69527
10.0,1,121.701623
10.0,1,121.706605
10.0,1,121.706605
-10.0,1,121.717749
10.0,1,121.719754
10.0,1,121.721758
10.0,1,121.723764
-10.0,1,121.73103
10.0,1,121.73103
3.0,1,121.73103
10.0,1,121.73103
-10.0,1,121.745119
10.0,1,121.748168
-10.0,1,121.748168
-10.0,1,121.748168
-10.0,1,121.757437
-10.0,1,121.759442
10.0,1,121.761446
10.0,1,121.763193
10.0,1,121.771957
10.0,1,121.773962
10.0,1,121.775968
10.0,1,121.778978
10.0,1,121.78658
10.0,1,121.789224
10.0,1,121.791773
-10.0,1,121.791773
10.0,1,121.799763
10.0,1,121.800815
10.0,1,121.803697
10.0,1,121.805372
10.0,1,121.818502
10.0,1,121.818502
10.0,1,121.818502
-10.0,1,121.818502
10.0,1,121.832464
3.0,1,121.834469
10.0,1,121.838479
10.0,1,121.840484
3.0,1,121.847762
10.0,1,121.850749
-10.0,1,121.850749
10.0,1,121.854004
10.0,1,121.861532
-10.0,1,121.865543
-10.0,1,121.867548
10.0,1,121.869552
10.0,1,121.878619
3.0,1,121.880625
10.0,1,121.88263
-10.0,1,121.884636
3.0,1,121.891812
10.0,1,121.892902
10.0,1,121.895078
10.0,1,121.897577
10.0,1,121.908142
-10.0,1,121.908142
10.0,1,121.912089
10.0,1,121.914102
-10.0,1,121.922169
-10.0,1,121.922169
10.0,1,121.922169
10.0,1,121.922169
10.0,1,121.939684
10.0,1,121.940704
-10.0,1,121.942927
3.0,1,121.945178
10.0,1,121.95522
10.0,1,121.957224
-10.0,1,121.957224
10.0,1,121.959229
3.0,1,121.968068
10.0,1,121.971078
3.0,1,121.973083
10.0,1,121.975088
10.0,1,121.982502
10.0,1,121.986022
10.0,1,121.988542
-10.0,1,121.990818
10.0,1,121.998069
-10.0,1,122.000075
10.0,1,122.003086
10.0,1,122.005099
10.0,1,122.011099
10.0,1,122.013105
-10.0,1,122.01511
-10.0,1,122.016856
10.0,1,122.025824
10.0,1,122.025824
10.0,1,122.031345
10.0,1,122.033859
10.0,1,122.040639
10.0,1,122.040639
10.0,1,122.040639
-10.0,1,122.048879
10.0,1,122.059501
10.0,1,122.062134
10.0,1,122.064982
10.0,1,122.066069
10.0,1,122.074888
-10.0,1,122.075393
-10.0,1,122.077246
3.0,1,122.079417
-10.0,1,122.08807
10.0,1,122.091919
-10.0,1,122.091919
-10.0,1,122.094404
10.0,1,122.103722
10.0,1,122.106097
10.0,1,122.106097
10.0,1,122.108572
3.0,1,122.117098
10.0,1,122.120104
3.0,1,122.122111
10.0,1,122.125724
10.0,1,122.133277
10.0,1,122.137877
10.0,1,122.140199
10.0,1,122.142545
-10.0,1,122.151663
10.0,1,122.155679
3.0,1,122.155679
10.0,1,122.160541
10.0,1,122.169575
3.0,1,122.169575
10.0,1,122.171948
10.0,1,122.175823
10.0,1,122.184315
-10.0,1,122.184315
10.0,1,122.184315
10.0,1,122.190454
3.0,1,122.200664
10.0,1,122.201814
-10.0,1,122.203865
10.0,1,122.20583
10.0,1,122.213467
10.0,1,122.217479
10.0,1,122.219483
10.0,1,122.221488
10.0,1,122.228661
10.0,1,122.228661
10.0,1,122.23242
-10.0,1,122.234402
10.0,1,122.244298
3.0,1,122.244803
10.0,1,122.244803
-10.0,1,122.244803
3.0,1,122.260527
-10.0,1,122.262529
10.0,1,122.264531
10.0,1,122.267027
10.0,1,122.274277
10.0,1,122.2753
10.0,1,122.279449
-10.0,1,122.281037
10.0,1,122.289347
10.0,1,122.29196
3.0,1,122.29196
10.0,1,122.296536
10.0,1,122.304776
-10.0,1,122.306782
10.0,1,122.306782
10.0,1,122.308787
10.0,1,122.318079
-10.0,1,122.318079
-10.0,1,122.318079
10.0,1,122.323703
10.0,1,122.331159
10.0,1,122.333714
10.0,1,122.336314
10.0,1,122.337994
-10.0,1,122.342936
10.0,1,122.348334
10.0,1,122.350845
-10.0,1,122.353407
3.0,1,122.36061
10.0,1,122.36462
10.0,1,122.369059
10.0,1,122.369059
10.0,1,122.380425
-10.0,1,122.381454
-10.0,1,122.382608
10.0,1,122.38523
-10.0,1,122.392168
10.0,1,122.39479
10.0,1,122.39479
10.0,1,122.399356
-10.0,1,122.405564
3.0,1,122.407569
10.0,1,122.409575
10.0,1,122.41158
10.0,1,122.41898
10.0,1,122.420986
10.0,1,122.422991
10.0,1,122.424996
3.0,1,122.434909
-10.0,1,122.437188
3.0,1,122.438604
10.0,1,122.440217
10.0,1,122.449464
10.0,1,122.450783
10.0,1,122.452332
10.0,1,122.452332
-10.0,1,122.462788
-10.0,1,122.463936
10.0,1,122.465669
-10.0,1,122.469223
-10.0,1,122.476075
10.0,1,122.478355
10.0,1,122.483917
10.0,1,122.483917
10.0,1,122.492852
10.0,1,122.494858
10.0,1,122.498868
10.0,1,122.500874
10.0,1,122.508851
10.0,1,122.511216
10.0,1,122.511216
10.0,1,122.513724
10.0,1,122.521624
10.0,1,122.524634
10.0,1,122.528646
10.0,1,122.530651
10.0,1,122.538178
10.0,1,122.541884
-10.0,1,122.542388
10.0,1,122.544394
10.0,1,122.552681
10.0,1,122.556432
10.0,1,122.558438
-10.0,1,122.560444
10.0,1,122.567819
10.0,1,122.570618
-10.0,1,122.572367
10.0,1,122.573375
10.0,1,122.582245
10.0,1,122.585466
10.0,1,122.585466
10.0,1,122.589522
10.0,1,122.600465
10.0,1,122.603625
10.0,1,122.603625
-10.0,1,122.605993
10.0,1,122.615979
10.0,1,122.615979
-10.0,1,122.619724
10.0,1,122.62194
10.0,1,122.630617
-10.0,1,122.633152
10.0,1,122.633152
10.0,1,122.63718
10.0,1,122.646209
10.0,1,122.649009
10.0,1,122.649009
10.0,1,122.651519
10.0,1,122.661098
10.0,1,122.663512
10.0,1,122.66597
10.0,1,122.667505
10.0,1,122.67488
10.0,1,122.675951
10.0,1,122.68055
10.0,1,122.68055
10.0,1,122.690585
10.0,1,122.69178
10.0,1,122.69178
10.0,1,122.69178
10.0,1,122.707443
10.0,1,122.707443
10.0,1,122.711221
10.0,1,122.715502
10.0,1,122.7232
10.0,1,122.726524
10.0,1,122.728369
10.0,1,122.728369
-10.0,1,122.737486
10.0,1,122.740151
-10.0,1,122.740151
10.0,1,122.744597
10.0,1,122.753066
10.0,1,122.755719
-10.0,1,122.758157
3.0,1,122.758157
10.0,1,122.769926
10.0,1,122.769926
10.0,1,122.772508
10.0,1,122.77699
-10.0,1,122.784039
10.0,1,122.787478
-10.0,1,122.787478
10.0,1,122.791644
10.0,1,122.798281
10.0,1,122.801846
10.0,1,122.804127
10.0,1,122.806511
10.0,1,122.816469
-10.0,1,122.816469
10.0,1,122.816469
10.0,1,122.823923
10.0,1,122.83055
-10.0,1,122.833938
-10.0,1,122.833938
10.0,1,122.836059
-10.0,1,122.846173
10.0,1,122.846173
-10.0,1,122.848764
10.0,1,122.848764
10.0,1,122.860432
-10.0,1,122.862168
3.0,1,122.864611
10.0,1,122.864611
-10.0,1,122.874289
10.0,1,122.876837
10.0,1,122.876837
10.0,1,122.880971
-10.0,1,122.889446
10.0,1,122.892009
10.0,1,122.89488
10.0,1,122.897336
10.0,1,122.905351
10.0,1,122.908696
10.0,1,122.911344
10.0,1,122.913917
10.0,1,122.925504
10.0,1,122.92808
10.0,1,122.930251
10.0,1,122.933463
10.0,1,122.941535
3.0,1,122.943186
-10.0,1,122.94422
10.0,1,122.948694
-10.0,1,122.957101
3.0,1,122.957101
10.0,1,122.959649
-10.0,1,122.963795
10.0,1,122.970701
10.0,1,122.974712
10.0,1,122.976717
-10.0,1,122.976717
-10.0,1,122.985758
10.0,1,122.988682
-10.0,1,122.991384
-10.0,1,122.99395
10.0,1,123.001649
10.0,1,123.001649
10.0,1,123.006787
10.0,1,123.009251
-10.0,1,123.014176
10.0,1,123.018225
10.0,1,123.020405
10.0,1,123.022685
10.0,1,123.030742
-10.0,1,123.03397
10.0,1,123.039114
10.0,1,123.041414
10.0,1,123.049793
10.0,1,123.052466
-10.0,1,123.052466
-10.0,1,123.054732
-10.0,1,123.061458
3.0,1,123.064749
-10.0,1,123.064749
10.0,1,123.068711
10.0,1,123.077301
10.0,1,123.079305
-10.0,1,123.081414
10.0,1,123.083419
10.0,1,123.091156
10.0,1,123.094467
-10.0,1,123.095979
10.0,1,123.099221
-10.0,1,123.107327
10.0,1,123.107327
10.0,1,123.112069
-10.0,1,123.114079
3.0,1,123.12203
-10.0,1,123.12203
10.0,1,123.124036
10.0,1,123.127787
-10.0,1,123.134268
10.0,1,123.136273
10.0,1,123.138278
10.0,1,123.142289
3.0,1,123.153587
10.0,1,123.155865
10.0,1,123.157542
10.0,1,123.159681
10.0,1,123.16668
10.0,1,123.169583
-10.0,1,123.170628
10.0,1,123.170628
10.0,1,123.180651
-10.0,1,123.181901
-10.0,1,123.183151
10.0,1,123.186032
10.0,1,123.191334
10.0,1,123.191334
-10.0,1,123.191334
10.0,1,123.191334
10.0,1,123.209456
10.0,1,123.212292
10.0,1,123.214345
3.0,1,123.21536
-10.0,1,123.224209
-10.0,1,123.22663
10.0,1,123.229006
10.0,1,123.231348
10.0,1,123.238932
-10.0,1,123.241526
10.0,1,123.243859
10.0,1,123.245368
10.0,1,123.254238
-10.0,1,123.254238
3.0,1,123.254238
10.0,1,123.254238
10.0,1,123.270478
10.0,1,123.272956
10.0,1,123.27559
10.0,1,123.277986
-10.0,1,123.285717
10.0,1,123.28878
10.0,1,123.290844
10.0,1,123.293305
10.0,1,123.301302
-10.0,1,123.3024
3.0,1,123.305655
10.0,1,123.307867
10.0,1,123.315267
3.0,1,123.317013
10.0,1,123.319019
10.0,1,123.321024
10.0,1,123.329071
10.0,1,123.332822
10.0,1,123.33465
3.0,1,123.336655
10.0,1,123.34427
10.0,1,123.346277
-10.0,1,123.348282
-10.0,1,123.350287
10.0,1,123.35809
-10.0,1,123.361371
10.0,1,123.361371
3.0,1,123.364659
10.0,1,123.375818
10.0,1,123.378156
10.0,1,123.380246
-10.0,1,123.381908
-10.0,1,123.389714
10.0,1,123.392084
-10.0,1,123.394973
10.0,1,123.397497
-10.0,1,123.404603
-10.0,1,123.406984
10.0,1,123.406984
-10.0,1,123.411042
10.0,1,123.419356
-10.0,1,123.421361
3.0,1,123.421361
3.0,1,123.423367
10.0,1,123.431988
10.0,1,123.433203
10.0,1,123.436741
-10.0,1,123.439078
-10.0,1,123.444678
3.0,1,123.444678
10.0,1,123.444678
10.0,1,123.444678
3.0,1,123.459029
-10.0,1,123.461035
3.0,1,123.46304
10.0,1,123.465045
10.0,1,123.474325
10.0,1,123.477599
-10.0,1,123.477599
-10.0,1,123.477599
10.0,1,123.490305
-10.0,1,123.492311
10.0,1,123.494316
-10.0,1,123.49632
10.0,1,123.504253
10.0,1,123.506
10.0,1,123.508907
10.0,1,123.508907
10.0,1,123.519529
10.0,1,123.522037
10.0,1,123.524639
10.0,1,123.52701
-10.0,1,123.534909
10.0,1,123.534909
-10.0,1,123.538073
10.0,1,123.540317
-10.0,1,123.548304
10.0,1,123.551493
-10.0,1,123.551493
-10.0,1,123.555392
-10.0,1,123.561893
10.0,1,123.563898
-10.0,1,123.565903
10.0,1,123.567909
10.0,1,123.575029
10.0,1,123.575029
10.0,1,123.575029
-10.0,1,123.575029
10.0,1,123.59271
10.0,1,123.596882
10.0,1,123.599589
-10.0,1,123.599589
-10.0,1,123.607068
-10.0,1,123.609074
10.0,1,123.61108
-10.0,1,123.613086
-10.0,1,123.619963
10.0,1,123.624193
10.0,1,123.626676
-10.0,1,123.62805
10.0,1,123.636823
3.0,1,123.636823
10.0,1,123.639596
10.0,1,123.643208
10.0,1,123.651862
10.0,1,123.654644
3.0,1,123.65678
10.0,1,123.65678
10.0,1,123.665588
10.0,1,123.668018
10.0,1,123.672028
10.0,1,123.674033
-10.0,1,123.681253
10.0,1,123.681253
10.0,1,123.681253
-10.0,1,123.681253
10.0,1,123.693551
10.0,1,123.697304
10.0,1,123.702782
10.0,1,123.70479
10.0,1,123.714265
10.0,1,123.714265
10.0,1,123.714265
10.0,1,123.714265
10.0,1,123.730922
10.0,1,123.730922
-10.0,1,123.734505
10.0,1,123.736233
10.0,1,123.745171
10.0,1,123.748373
10.0,1,123.750564
10.0,1,123.753115
10.0,1,123.761195
-10.0,1,123.762607
10.0,1,123.765096
10.0,1,123.767341
-10.0,1,123.773441
-10.0,1,123.774583
10.0,1,123.778203
-10.0,1,123.778203
3.0,1,123.786753
10.0,1,123.789714
10.0,1,123.792724
10.0,1,123.794897
10.0,1,123.802924
10.0,1,123.802924
10.0,1,123.805315
-10.0,1,123.807301
10.0,1,123.820004
10.0,1,123.822009
10.0,1,123.824015
-10.0,1,123.82602
-10.0,1,123.833658
10.0,1,123.835662
10.0,1,123.837668
3.0,1,123.839673
10.0,1,123.849395
10.0,1,123.851399
10.0,1,123.853405
3.0,1,123.853405
10.0,1,123.860968
10.0,1,123.860968
10.0,1,123.860968
10.0,1,123.871544
10.0,1,123.878568
-10.0,1,123.880573
10.0,1,123.882579
10.0,1,123.884584
-10.0,1,123.892432
10.0,1,123.894437
10.0,1,123.896442
10.0,1,123.898448
10.0,1,123.907202
-10.0,1,123.908243
-10.0,1,123.910357
-10.0,1,123.912694
10.0,1,123.922801
10.0,1,123.926158
10.0,1,123.928081
10.0,1,123.930723
10.0,1,123.940231
10.0,1,123.943544
10.0,1,123.943544
-10.0,1,123.946112
10.0,1,123.953445
10.0,1,123.955451
10.0,1,123.957457
10.0,1,123.959461
-10.0,1,123.968927
10.0,1,123.968927
10.0,1,123.973348
10.0,1,123.976138
10.0,1,123.984982
10.0,1,123.988033
10.0,1,123.988033
10.0,1,123.9921
10.0,1,124.000468
10.0,1,124.002781
-10.0,1,124.004024
-10.0,1,124.005307
10.0,1,124.014866
-10.0,1,124.014866
10.0,1,124.019637
10.0,1,124.019637
10.0,1,124.029012
-10.0,1,124.029012
10.0,1,124.029012
10.0,1,124.029012
10.0,1,124.046345
10.0,1,124.048351
10.0,1,124.050356
-10.0,1,124.052361
-10.0,1,124.060462
3.0,1,124.06247
3.0,1,124.064475
-10.0,1,124.064475
-10.0,1,124.076151
10.0,1,124.078158
10.0,1,124.080163
-10.0,1,124.082168
10.0,1,124.090984
-10.0,1,124.092012
10.0,1,124.093093
-10.0,1,124.095634
10.0,1,124.105158
-10.0,1,124.107164
3.0,1,124.107164
-10.0,1,124.10917
10.0,1,124.118827
10.0,1,124.120831
10.0,1,124.122837
10.0,1,124.124843
10.0,1,124.132764
3.0,1,124.13379
10.0,1,124.137659
10.0,1,124.142377
10.0,1,124.150717
10.0,1,124.150717
10.0,1,124.154752
10.0,1,124.159189
10.0,1,124.166073
10.0,1,124.169511
10.0,1,124.170519
10.0,1,124.17397
3.0,1,124.180956
-10.0,1,124.180956
10.0,1,124.180956
10.0,1,124.187253
-10.0,1,124.19416
10.0,1,124.196166
10.0,1,124.198172
10.0,1,124.201924
10.0,1,124.208594
-10.0,1,124.2106
10.0,1,124.212606
-10.0,1,124.215112
10.0,1,124.217117
10.0,1,124.225694
10.0,1,124.227701
10.0,1,124.230798
10.0,1,124.239454
10.0,1,124.241728
10.0,1,124.241728
10.0,1,124.246679
10.0,1,124.256289
10.0,1,124.258296
-10.0,1,124.260302
10.0,1,124.264312
-10.0,1,124.271207
10.0,1,124.272346
-10.0,1,124.275577
-10.0,1,124.276597
10.0,1,124.285662
10.0,1,124.288161
-10.0,1,124.289585
10.0,1,124.292115
10.0,1,124.29868
10.0,1,124.302691
10.0,1,124.304695
10.0,1,124.3067
-10.0,1,124.315039
10.0,1,124.315039
-10.0,1,124.315039
10.0,1,124.315039
10.0,1,124.33102
10.0,1,124.33102
10.0,1,124.333226
10.0,1,124.333226
10.0,1,124.344515
10.0,1,124.347238
-10.0,1,124.347238
10.0,1,124.350814
10.0,1,124.359361
10.0,1,124.363966
10.0,1,124.363966
10.0,1,124.370258
10.0,1,124.378406
10.0,1,124.378406
10.0,1,124.381294
10.0,1,124.385319
3.0,1,124.393378
10.0,1,124.39628
10.0,1,124.39628
10.0,1,124.401034
10.0,1,124.409478
-10.0,1,124.411135
10.0,1,124.414154
10.0,1,124.41516
10.0,1,124.423332
-10.0,1,124.423332
-10.0,1,124.427076
10.0,1,124.428453
10.0,1,124.438118
-10.0,1,124.440708
-10.0,1,124.440708
10.0,1,124.445877
10.0,1,124.453718
-10.0,1,124.455223
10.0,1,124.457228
10.0,1,124.461238
10.0,1,124.469562
-10.0,1,124.471308
10.0,1,124.471308
10.0,1,124.471308
10.0,1,124.485123
10.0,1,124.487128
-10.0,1,124.489133
10.0,1,124.493144
-10.0,1,124.500428
10.0,1,124.502434
10.0,1,124.504441
10.0,1,124.506447
-10.0,1,124.515435
-10.0,1,124.518391
10.0,1,124.520396
10.0,1,124.522402
10.0,1,124.531712
10.0,1,124.531712
-10.0,1,124.536469
10.0,1,124.538841
10.0,1,124.547606
10.0,1,124.549611
10.0,1,124.551616
10.0,1,124.553622
10.0,1,124.562772
3.0,1,124.567029
10.0,1,124.569117
-10.0,1,124.569117
10.0,1,124.576232
10.0,1,124.580243
10.0,1,124.583876
10.0,1,124.588205
-10.0,1,124.594239
10.0,1,124.595986
10.0,1,124.595986
10.0,1,124.595986
10.0,1,124.611944
10.0,1,124.61395
-10.0,1,124.615454
-10.0,1,124.617459
10.0,1,124.624463
10.0,1,124.625533
10.0,1,124.628039
3.0,1,124.63175
10.0,1,124.63819
10.0,1,124.63819
10.0,1,124.643447
10.0,1,124.643447
10.0,1,124.653343
10.0,1,124.655995
10.0,1,124.655995
-10.0,1,124.65826
10.0,1,124.666889
10.0,1,124.668645
10.0,1,124.669667
-10.0,1,124.671904
10.0,1,124.680619
10.0,1,124.683172
10.0,1,124.685502
10.0,1,124.685502
10.0,1,124.698706
-10.0,1,124.700712
10.0,1,124.702719
10.0,1,124.704725
-10.0,1,124.713736
10.0,1,124.717748
10.0,1,124.719753
10.0,1,124.722764
10.0,1,124.732303
-10.0,1,124.733688
10.0,1,124.73475
10.0,1,124.736282
10.0,1,124.74495
10.0,1,124.74896
-10.0,1,124.750964
10.0,1,124.75297
10.0,1,124.760912
3.0,1,124.761976
10.0,1,124.764987
10.0,1,124.767996
10.0,1,124.77477
10.0,1,124.778264
10.0,1,124.780801
3.0,1,124.780801
-10.0,1,124.789837
10.0,1,124.790912
10.0,1,124.79256
10.0,1,124.796514
10.0,1,124.807198
10.0,1,124.809891
10.0,1,124.809891
10.0,1,124.811756
-10.0,1,124.819548
10.0,1,124.821553
3.0,1,124.823558
-10.0,1,124.823558
10.0,1,124.831899
10.0,1,124.835155
10.0,1,124.835155
10.0,1,124.840292
10.0,1,124.847203
10.0,1,124.850955
10.0,1,124.85296
10.0,1,124.854964
-10.0,1,124.861948
-10.0,1,124.863954
10.0,1,124.864959
10.0,1,124.866965
10.0,1,124.876315
10.0,1,124.876315
3.0,1,124.878807
-10.0,1,124.880816
-10.0,1,124.891383
10.0,1,124.893389
10.0,1,124.895398
10.0,1,124.896903
10.0,1,124.904763
10.0,1,124.908777
10.0,1,124.910782
3.0,1,124.910782
10.0,1,124.92227
10.0,1,124.924276
10.0,1,124.928287
10.0,1,124.930293
3.0,1,124.936753
10.0,1,124.940763
-10.0,1,124.942768
-10.0,1,124.944273
10.0,1,124.951019
-10.0,1,124.95503
10.0,1,124.957035
10.0,1,124.959039
10.0,1,124.966388
10.0,1,124.970399
10.0,1,124.972404
10.0,1,124.976155
-10.0,1,124.982928
10.0,1,124.98576
10.0,1,124.98837
10.0,1,124.98837
10.0,1,124.998738
-10.0,1,124.998738
10.0,1,125.003151
10.0,1,125.005912
10.0,1,125.014411
-10.0,1,125.016417
-10.0,1,125.018422
10.0,1,125.020427
10.0,1,125.030355
10.0,1,125.030355
10.0,1,125.030355
10.0,1,125.040902
10.0,1,125.049409
3.0,1,125.051728
-10.0,1,125.051728
10.0,1,125.05585
-10.0,1,125.061871
10.0,1,125.065886
10.0,1,125.067892
-10.0,1,125.069897
-10.0,1,125.076236
10.0,1,125.078241
10.0,1,125.080246
10.0,1,125.082252
10.0,1,125.090261
10.0,1,125.092267
-10.0,1,125.094273
10.0,1,125.096278
-10.0,1,125.105474
-10.0,1,125.107479
-10.0,1,125.109485
10.0,1,125.11149
10.0,1,125.119151
-10.0,1,125.122139
10.0,1,125.124833
10.0,1,125.127205
-10.0,1,125.136529
10.0,1,125.141269
10.0,1,125.141269
10.0,1,125.143594
-10.0,1,125.152572
10.0,1,125.154578
10.0,1,125.158589
10.0,1,125.160594
-10.0,1,125.166886
-10.0,1,125.168892
10.0,1,125.170898
10.0,1,125.174911
10.0,1,125.182857
3.0,1,125.185901
10.0,1,125.188595
3.0,1,125.188595
-10.0,1,125.19781
10.0,1,125.19882
10.0,1,125.202581
10.0,1,125.204777
10.0,1,125.210639
10.0,1,125.212645
10.0,1,125.216656
-10.0,1,125.218661
10.0,1,125.227404
10.0,1,125.227404
10.0,1,125.230623
10.0,1,125.231632
-10.0,1,125.242503
10.0,1,125.245209
10.0,1,125.248534
10.0,1,125.252329
-10.0,1,125.259395
10.0,1,125.262405
10.0,1,125.264411
10.0,1,125.266416
-10.0,1,125.273107
10.0,1,125.276448
10.0,1,125.278224
-10.0,1,125.278224
10.0,1,125.287382
10.0,1,125.288411
10.0,1,125.293119
10.0,1,125.295267
10.0,1,125.302581
-10.0,1,125.304586
10.0,1,125.306592
-10.0,1,125.310103
10.0,1,125.316647
10.0,1,125.320657
10.0,1,125.322664
-10.0,1,125.324668
10.0,1,125.333041
3.0,1,125.333041
10.0,1,125.337233
10.0,1,125.339512
10.0,1,125.346578
10.0,1,125.347656
10.0,1,125.35029
10.0,1,125.353718
10.0,1,125.364205
10.0,1,125.366209
3.0,1,125.368215
10.0,1,125.37022
10.0,1,125.380129
10.0,1,125.382132
-10.0,1,125.386139
10.0,1,125.388141
10.0,1,125.389885
10.0,1,125.389885
-10.0,1,125.389885
-10.0,1,125.405704
10.0,1,125.407135
10.0,1,125.407135
-10.0,1,125.416711
10.0,1,125.416711
10.0,1,125.425487
10.0,1,125.425487
10.0,1,125.425487
10.0,1,125.425487
10.0,1,125.441663
10.0,1,125.443669
10.0,1,125.445674
10.0,1,125.449684
-10.0,1,125.455517
-10.0,1,125.459528
10.0,1,125.461532
10.0,1,125.461532
10.0,1,125.473755
10.0,1,125.475761
-10.0,1,125.477765
10.0,1,125.47977
10.0,1,125.489683
-10.0,1,125.489683
-10.0,1,125.491689
-10.0,1,125.493694
10.0,1,125.500492
10.0,1,125.504503
10.0,1,125.506508
3.0,1,125.508513
10.0,1,125.516996
-10.0,1,125.519002
10.0,1,125.523012
10.0,1,125.525017
10.0,1,125.53275
10.0,1,125.534756
10.0,1,125.536761
10.0,1,125.538765
-10.0,1,125.545552
3.0,1,125.547557
10.0,1,125.550567
3.0,1,125.552572
10.0,1,125.559388
10.0,1,125.561394
-10.0,1,125.564404
10.0,1,125.56641
10.0,1,125.574377
10.0,1,125.576383
10.0,1,125.580135
10.0,1,125.580135
3.0,1,125.592711
-10.0,1,125.596222
10.0,1,125.598228
-10.0,1,125.600233
3.0,1,125.607304
10.0,1,125.611316
10.0,1,125.612321
-10.0,1,125.614327
10.0,1,125.623111
-10.0,1,125.624585
3.0,1,125.626591
10.0,1,125.630917
10.0,1,125.638134
10.0,1,125.640139
-10.0,1,125.642144
10.0,1,125.64415
10.0,1,125.653144
10.0,1,125.653144
10.0,1,125.657839
10.0,1,125.659868
-10.0,1,125.668406
10.0,1,125.670413
10.0,1,125.672419
10.0,1,125.675929
3.0,1,125.683735
10.0,1,125.68574
10.0,1,125.687745
10.0,1,125.691756
-10.0,1,125.701452
10.0,1,125.702497
-10.0,1,125.704001
10.0,1,125.707743
10.0,1,125.716048
10.0,1,125.719601
10.0,1,125.72215
-10.0,1,125.723657
-10.0,1,125.729936
10.0,1,125.733946
10.0,1,125.735952
10.0,1,125.737956
10.0,1,125.746293
10.0,1,125.748299
-10.0,1,125.748299
10.0,1,125.750305
10.0,1,125.760901
10.0,1,125.762328
-10.0,1,125.763705
10.0,1,125.767636
3.0,1,125.775075
-10.0,1,125.777081
10.0,1,125.779091
10.0,1,125.783102
10.0,1,125.789857
10.0,1,125.791862
-10.0,1,125.793868
10.0,1,125.797879
10.0,1,125.808665
10.0,1,125.808665
10.0,1,125.81349
10.0,1,125.815729
10.0,1,125.822078
10.0,1,125.826088
-10.0,1,125.828093
-10.0,1,125.830098
10.0,1,125.836981
10.0,1,125.838986
10.0,1,125.842996
10.0,1,125.845
10.0,1,125.850597
10.0,1,125.850597
10.0,1,125.850597
-10.0,1,125.850597
10.0,1,125.866349
10.0,1,125.868355
10.0,1,125.87036
10.0,1,125.874371
10.0,1,125.880923
-10.0,1,125.882428
10.0,1,125.884433
10.0,1,125.888443
10.0,1,125.896964
10.0,1,125.89847
-10.0,1,125.902293
-10.0,1,125.902293
10.0,1,125.910615
10.0,1,125.916365
10.0,1,125.919877
10.0,1,125.921882
10.0,1,125.928936
10.0,1,125.932223
10.0,1,125.932223
10.0,1,125.937419
10.0,1,125.945156
10.0,1,125.945156
3.0,1,125.947328
10.0,1,125.947328
3.0,1,125.958283
10.0,1,125.963874
-10.0,1,125.965879
-10.0,1,125.967886
10.0,1,125.975938
10.0,1,125.975938
10.0,1,125.975938
10.0,1,125.975938
10.0,1,125.99517
-10.0,1,125.99517
10.0,1,125.999845
10.0,1,126.002105
10.0,1,126.009912
10.0,1,126.009912
10.0,1,126.011955
10.0,1,126.016059
10.0,1,126.024628
10.0,1,126.030612
-10.0,1,126.030612
3.0,1,126.033251
10.0,1,126.04249
-10.0,1,126.04249
10.0,1,126.047067
3.0,1,126.04827
10.0,1,126.058565
-10.0,1,126.060246
10.0,1,126.062089
3.0,1,126.064095
-10.0,1,126.072844
-10.0,1,126.072844
-10.0,1,126.072844
10.0,1,126.077715
10.0,1,126.086415
-10.0,1,126.086415
10.0,1,126.091041
10.0,1,126.093194
10.0,1,126.101566
10.0,1,126.104613
-10.0,1,126.104613
10.0,1,126.108616
10.0,1,126.115997
10.0,1,126.118009
10.0,1,126.122019
10.0,1,126.124024
10.0,1,126.132148
10.0,1,126.133152
-10.0,1,126.133152
-10.0,1,126.133152
-10.0,1,126.14927
10.0,1,126.150276
10.0,1,126.151981
10.0,1,126.15616
10.0,1,126.162362
10.0,1,126.165371
3.0,1,126.167378
10.0,1,126.169384
10.0,1,126.178435
10.0,1,126.178435
10.0,1,126.180868
10.0,1,126.180868
-10.0,1,126.192528
10.0,1,126.194533
10.0,1,126.196538
-10.0,1,126.198544
10.0,1,126.205555
-10.0,1,126.207562
-10.0,1,126.209568
10.0,1,126.212578
-10.0,1,126.220253
10.0,1,126.22355
-10.0,1,126.22355
-10.0,1,126.226974
10.0,1,126.228482
-10.0,1,126.228482
10.0,1,126.228482
10.0,1,126.228482
10.0,1,126.251446
10.0,1,126.253452
10.0,1,126.255458
10.0,1,126.257463
10.0,1,126.26155
-10.0,1,126.266208
10.0,1,126.269467
10.0,1,126.270674
10.0,1,126.279482
-10.0,1,126.279482
10.0,1,126.279482
-10.0,1,126.28391
-10.0,1,126.292318
-10.0,1,126.292318
-10.0,1,126.292318
10.0,1,126.292318
10.0,1,126.308035
3.0,1,126.310867
-10.0,1,126.313284
10.0,1,126.315039
10.0,1,126.32411
-10.0,1,126.32411
10.0,1,126.326554
10.0,1,126.330485
10.0,1,126.338271
10.0,1,126.342598
10.0,1,126.344604
10.0,1,126.346609
10.0,1,126.354429
-10.0,1,126.356947
10.0,1,126.356947
-10.0,1,126.361845
-10.0,1,126.370767
10.0,1,126.373779
10.0,1,126.375784
3.0,1,126.377789
10.0,1,126.384396
10.0,1,126.387407
-10.0,1,126.389413
10.0,1,126.391418
10.0,1,126.399661
10.0,1,126.403412
10.0,1,126.405418
10.0,1,126.407423
10.0,1,126.414493
10.0,1,126.418004
10.0,1,126.419508
10.0,1,126.423519
10.0,1,126.430305
10.0,1,126.434316
10.0,1,126.435321
-10.0,1,126.437327
-10.0,1,126.44608
10.0,1,126.448086
10.0,1,126.451096
-10.0,1,126.4531
-10.0,1,126.460744
-10.0,1,126.461842
10.0,1,126.4645
10.0,1,126.4645
10.0,1,126.477273
10.0,1,126.479278
10.0,1,126.483031
-10.0,1,126.485036
10.0,1,126.493072
10.0,1,126.495393
-10.0,1,126.495393
10.0,1,126.499409
10.0,1,126.505798
10.0,1,126.50981
10.0,1,126.511816
10.0,1,126.513821
-10.0,1,126.521174
10.0,1,126.524407
10.0,1,126.524407
10.0,1,126.528744
10.0,1,126.537428
10.0,1,126.539433
10.0,1,126.541438
10.0,1,126.543443
10.0,1,126.551931
10.0,1,126.555943
10.0,1,126.557947
10.0,1,126.559952
-10.0,1,126.567047
3.0,1,126.569054
10.0,1,126.571059
-10.0,1,126.573064
10.0,1,126.58325
10.0,1,126.587261
10.0,1,126.589266
10.0,1,126.59127
10.0,1,126.598871
10.0,1,126.600932
10.0,1,126.605535
10.0,1,126.607935
10.0,1,126.616249
-10.0,1,126.618255
10.0,1,126.62026
10.0,1,126.622265
10.0,1,126.631414
10.0,1,126.631414
10.0,1,126.636496
10.0,1,126.639109
10.0,1,126.647912
10.0,1,126.650338
10.0,1,126.652984
10.0,1,126.655493
-10.0,1,126.663319
10.0,1,126.663319
10.0,1,126.668122
-10.0,1,126.668122
10.0,1,126.676052
10.0,1,126.680062
10.0,1,126.682066
10.0,1,126.684072
-10.0,1,126.69408
10.0,1,126.695302
10.0,1,126.697615
-10.0,1,126.699184
10.0,1,126.707012
-10.0,1,126.711023
-10.0,1,126.711023
10.0,1,126.713028
-10.0,1,126.721135
-10.0,1,126.723144
10.0,1,126.725151
10.0,1,126.727157
10.0,1,126.73622
10.0,1,126.738564
10.0,1,126.740806
-10.0,1,126.740806
10.0,1,126.750824
-10.0,1,126.752831
10.0,1,126.754838
10.0,1,126.756844
10.0,1,126.764478
3.0,1,126.769023
10.0,1,126.771028
10.0,1,126.773032
-10.0,1,126.779208
10.0,1,126.781213
10.0,1,126.782218
10.0,1,126.784223
10.0,1,126.794432
10.0,1,126.796438
10.0,1,126.799468
10.0,1,126.804297
10.0,1,126.812051
10.0,1,126.814059
10.0,1,126.814059
10.0,1,126.818149
10.0,1,126.825946
10.0,1,126.825946
-10.0,1,126.828318
10.0,1,126.831077
10.0,1,126.838788
10.0,1,126.840793
10.0,1,126.844804
10.0,1,126.845809
-10.0,1,126.853266
-10.0,1,126.855272
-10.0,1,126.857277
3.0,1,126.859282
3.0,1,126.866137
10.0,1,126.868143
10.0,1,126.870148
10.0,1,126.872156
-10.0,1,126.882549
10.0,1,126.885417
10.0,1,126.885417
-10.0,1,126.889892
10.0,1,126.897987
10.0,1,126.901392
10.0,1,126.903484
10.0,1,126.906395
10.0,1,126.918498
-10.0,1,126.921491
-10.0,1,126.921491
3.0,1,126.923496
10.0,1,126.931418
10.0,1,126.934218
10.0,1,126.934218
10.0,1,126.936575
10.0,1,126.945397
10.0,1,126.948573
10.0,1,126.948573
10.0,1,126.95249
10.0,1,126.959436
10.0,1,126.963445
10.0,1,126.963445
10.0,1,126.967456
10.0,1,126.974127
-10.0,1,126.975169
10.0,1,126.977174
-10.0,1,126.979179
10.0,1,126.988019
10.0,1,126.988019
10.0,1,126.990171
-10.0,1,126.994277
10.0,1,127.000783
10.0,1,127.003794
10.0,1,127.0058
10.0,1,127.007805
10.0,1,127.016973
10.0,1,127.017994
10.0,1,127.020826
-10.0,1,127.02588
10.0,1,127.034131
-10.0,1,127.035635
10.0,1,127.035635
10.0,1,127.040689
-10.0,1,127.049033
10.0,1,127.051039
10.0,1,127.053044
10.0,1,127.055049
10.0,1,127.062325
10.0,1,127.064332
-10.0,1,127.066338
10.0,1,127.068344
10.0,1,127.077233
10.0,1,127.080669
10.0,1,127.082419
10.0,1,127.085629
10.0,1,127.09362
10.0,1,127.09362
-10.0,1,127.098801
10.0,1,127.098801
10.0,1,127.108744
10.0,1,127.110749
10.0,1,127.112754
-10.0,1,127.114259
10.0,1,127.121705
10.0,1,127.12371
-10.0,1,127.125715
10.0,1,127.127721
10.0,1,127.140708
10.0,1,127.140708
10.0,1,127.145607
10.0,1,127.147651
10.0,1,127.154732
10.0,1,127.157509
10.0,1,127.157509
-10.0,1,127.162374
10.0,1,127.171513
10.0,1,127.173519
10.0,1,127.175523
10.0,1,127.179275
10.0,1,127.187108
-10.0,1,127.187108
10.0,1,127.191449
10.0,1,127.193198
-10.0,1,127.199515
-10.0,1,127.201522
-10.0,1,127.203527
10.0,1,127.205533
10.0,1,127.214488
10.0,1,127.216496
10.0,1,127.218501
3.0,1,127.221532
10.0,1,127.230017
10.0,1,127.232022
10.0,1,127.236033
10.0,1,127.238037
3.0,1,127.248807
10.0,1,127.248807
10.0,1,127.253671
10.0,1,127.256333
-10.0,1,127.263256
10.0,1,127.266496
10.0,1,127.266496
10.0,1,127.270632
10.0,1,127.278056
10.0,1,127.280494
10.0,1,127.280494
10.0,1,127.285555
10.0,1,127.291765
-10.0,1,127.295776
-10.0,1,127.297781
10.0,1,127.299786
10.0,1,127.306298
10.0,1,127.310309
10.0,1,127.312314
10.0,1,127.314318
10.0,1,127.319895
10.0,1,127.319895
-10.0,1,127.319895
-10.0,1,127.319895
3.0,1,127.338564
10.0,1,127.340568
10.0,1,127.342572
10.0,1,127.346582
10.0,1,127.356777
10.0,1,127.359617
-10.0,1,127.36213
10.0,1,127.364375
-10.0,1,127.369586
10.0,1,127.369586
10.0,1,127.369586
-10.0,1,127.369586
10.0,1,127.38658
10.0,1,127.389028
10.0,1,127.390917
10.0,1,127.393519
-10.0,1,127.401056
10.0,1,127.404153
10.0,1,127.406532
10.0,1,127.409003
3.0,1,127.414737
-10.0,1,127.416469
10.0,1,127.418978
10.0,1,127.420098
10.0,1,127.42841
10.0,1,127.432421
10.0,1,127.434426
10.0,1,127.436431
10.0,1,127.446287
10.0,1,127.448292
10.0,1,127.450296
10.0,1,127.452303
10.0,1,127.461562
10.0,1,127.466512
10.0,1,127.466512
-10.0,1,127.469574
10.0,1,127.477243
10.0,1,127.479785
10.0,1,127.483064
-10.0,1,127.483064
10.0,1,127.49271
10.0,1,127.496253
10.0,1,127.498007
10.0,1,127.501516
3.0,1,127.508666
10.0,1,127.510674
10.0,1,127.51268
-10.0,1,127.514686
10.0,1,127.521814
10.0,1,127.525825
10.0,1,127.527831
10.0,1,127.531842
3.0,1,127.539314
10.0,1,127.541319
-10.0,1,127.543325
10.0,1,127.54533
10.0,1,127.55378
10.0,1,127.555285
10.0,1,127.556291
10.0,1,127.560411
10.0,1,127.567411
-10.0,1,127.567411
10.0,1,127.57341
-10.0,1,127.577111
10.0,1,127.586335
10.0,1,127.588341
10.0,1,127.590346
10.0,1,127.592352
10.0,1,127.601086
10.0,1,127.602117
10.0,1,127.606796
10.0,1,127.609174
-10.0,1,127.616082
10.0,1,127.618864
10.0,1,127.621113
10.0,1,127.623519
10.0,1,127.631612
10.0,1,127.634752
10.0,1,127.637341
-10.0,1,127.639237
-10.0,1,127.64605
3.0,1,127.648056
3.0,1,127.649561
10.0,1,127.653572
10.0,1,127.661904
10.0,1,127.66391
-10.0,1,127.665656
10.0,1,127.667661
-10.0,1,127.674568
10.0,1,127.676574
-10.0,1,127.802463
10.0,1,127.802463
10.0,1,127.814913
-10.0,1,127.814913
10.0,1,127.819455
10.0,1,127.82046
10.0,1,127.829283
-10.0,1,127.831289
-10.0,1,127.831289
10.0,1,127.833295
10.0,1,127.842716
10.0,1,127.842716
-10.0,1,127.844903
-10.0,1,127.847208
10.0,1,127.854998
10.0,1,127.85796
10.0,1,127.858467
-10.0,1,127.858467
-10.0,1,127.868125
10.0,1,127.87013
-10.0,1,127.872136
-10.0,1,127.874142
10.0,1,127.882081
10.0,1,127.884085
-10.0,1,127.884085
10.0,1,127.887838
10.0,1,127.894788
10.0,1,127.898797
10.0,1,127.90181
3.0,1,127.903815
10.0,1,127.912333
10.0,1,127.914339
10.0,1,127.916344
10.0,1,127.922596
10.0,1,127.929293
10.0,1,127.933304
10.0,1,127.93531
10.0,1,127.937314
10.0,1,127.944262
10.0,1,127.948273
10.0,1,127.949277
10.0,1,127.951283
10.0,1,127.961838
10.0,1,127.963844
10.0,1,127.965349
10.0,1,127.967354
10.0,1,127.974553
10.0,1,127.976559
10.0,1,127.980571
10.0,1,127.982577
10.0,1,127.992593
10.0,1,127.996345
10.0,1,127.99835
10.0,1,128.000355
10.0,1,128.007286
10.0,1,128.010548
-10.0,1,128.010548
10.0,1,128.012295
10.0,1,128.020536
10.0,1,128.022542
10.0,1,128.026553
-10.0,1,128.026553
-10.0,1,128.036214
10.0,1,128.040226
10.0,1,128.042231
10.0,1,128.043977
10.0,1,128.052845
-10.0,1,128.054851
-10.0,1,128.056856
-10.0,1,128.058861
-10.0,1,128.067286
10.0,1,128.069292
10.0,1,128.071296
-10.0,1,128.0733
10.0,1,128.08185
10.0,1,128.083856
10.0,1,128.085861
-10.0,1,128.087866
3.0,1,128.097876
-10.0,1,128.10023
10.0,1,128.10023
10.0,1,128.104105
10.0,1,128.110703
-10.0,1,128.114715
3.0,1,128.114715
10.0,1,128.118726
10.0,1,128.124777
10.0,1,128.126782
10.0,1,128.128788
10.0,1,128.130793
10.0,1,128.144019
10.0,1,128.144019
10.0,1,128.148372
10.0,1,128.151794
10.0,1,128.159422
10.0,1,128.162473
10.0,1,128.162473
10.0,1,128.166844
10.0,1,128.175082
-10.0,1,128.175082
10.0,1,128.177405
-10.0,1,128.180951
10.0,1,128.189116
-10.0,1,128.191121
-10.0,1,128.193127
10.0,1,128.195133
3.0,1,128.203017
10.0,1,128.205022
10.0,1,128.207027
10.0,1,128.209033
10.0,1,128.217829
10.0,1,128.219941
3.0,1,128.223311
10.0,1,128.225669
10.0,1,128.231324
10.0,1,128.235578
10.0,1,128.238334
10.0,1,128.239961
10.0,1,128.24709
10.0,1,128.250602
-10.0,1,128.250602
10.0,1,128.256202
10.0,1,128.265947
10.0,1,128.26807
-10.0,1,128.269655
10.0,1,128.269655
10.0,1,128.278534
10.0,1,128.281581
10.0,1,128.281581
-10.0,1,128.281581
10.0,1,128.294783
3.0,1,128.294783
10.0,1,128.299436
10.0,1,128.299436
10.0,1,128.309226
-10.0,1,128.309226
-10.0,1,128.312289
10.0,1,128.31461
-10.0,1,128.321695
10.0,1,128.32502
10.0,1,128.327341
10.0,1,128.329598
10.0,1,128.33564
10.0,1,128.339651
-10.0,1,128.341657
-10.0,1,128.341657
10.0,1,128.349022
3.0,1,128.351027
-10.0,1,128.353033
10.0,1,128.355038
10.0,1,128.365656
10.0,1,128.369669
10.0,1,128.371673
-10.0,1,128.371673
-10.0,1,128.380039
10.0,1,128.382914
10.0,1,128.382914
3.0,1,128.385274
10.0,1,128.395318
-10.0,1,128.397324
10.0,1,128.399329
10.0,1,128.401334
10.0,1,128.4103
10.0,1,128.414311
10.0,1,128.416315
10.0,1,128.41832
10.0,1,128.424974
10.0,1,128.428985
10.0,1,128.43099
-10.0,1,128.432995
-10.0,1,128.440636
10.0,1,128.440636
-10.0,1,128.440636
10.0,1,128.44912
-10.0,1,128.457595
10.0,1,128.459599
10.0,1,128.461604
10.0,1,128.463609
10.0,1,128.475488
10.0,1,128.478338
-10.0,1,128.480675
-10.0,1,128.483067
-10.0,1,128.487728
10.0,1,128.487728
-10.0,1,128.487728
-10.0,1,128.487728
-10.0,1,128.503773
10.0,1,128.507786
-10.0,1,128.50979
-10.0,1,128.511795
-10.0,1,128.518847
10.0,1,128.520357
10.0,1,128.522362
10.0,1,128.524368
-10.0,1,128.532457
-10.0,1,128.534462
10.0,1,128.535968
10.0,1,128.539978
-10.0,1,128.547576
10.0,1,128.548724
10.0,1,128.551733
10.0,1,128.553738
-10.0,1,128.561775
10.0,1,128.5628
10.0,1,128.566696
10.0,1,128.569566
10.0,1,128.57603
10.0,1,128.580041
10.0,1,128.580041
10.0,1,128.585284
-10.0,1,128.593147
10.0,1,128.595152
10.0,1,128.599162
10.0,1,128.601167
3.0,1,128.608837
3.0,1,128.610841
-10.0,1,128.612849
10.0,1,128.61605
-10.0,1,128.622907
10.0,1,128.626917
10.0,1,128.628923
10.0,1,128.632674
3.0,1,128.638761
10.0,1,128.642245
10.0,1,128.64425
-10.0,1,128.648261
10.0,1,128.655011
10.0,1,128.657016
-10.0,1,128.659021
10.0,1,128.661027
10.0,1,128.670327
10.0,1,128.670327
10.0,1,128.675118
-10.0,1,128.675118
10.0,1,128.682212
-10.0,1,128.684219
10.0,1,128.686224
10.0,1,128.688229
10.0,1,128.700299
10.0,1,128.703271
10.0,1,128.703271
10.0,1,128.706193
-10.0,1,128.713827
10.0,1,128.715834
-10.0,1,128.717839
3.0,1,128.72085
10.0,1,128.727527
10.0,1,128.731538
10.0,1,128.733543
-10.0,1,128.735547
10.0,1,128.742603
10.0,1,128.742603
10.0,1,128.747627
10.0,1,128.752458
10.0,1,128.759634
10.0,1,128.762999
10.0,1,128.7648
-10.0,1,128.7648
10.0,1,128.775179
10.0,1,128.778651
-10.0,1,128.778651
10.0,1,128.783841
10.0,1,128.791166
10.0,1,128.793171
10.0,1,128.795176
10.0,1,128.797181
-10.0,1,128.809808
-10.0,1,128.809808
-10.0,1,128.812112
-10.0,1,128.813637
10.0,1,128.820834
10.0,1,128.824992
10.0,1,128.824992
-10.0,1,128.829045
-10.0,1,128.834661
10.0,1,128.836667
-10.0,1,128.838673
3.0,1,128.84068
-10.0,1,128.848588
-10.0,1,128.849623
10.0,1,128.852657
10.0,1,128.852657
10.0,1,128.863316
10.0,1,128.865321
10.0,1,128.867326
10.0,1,128.86833
-10.0,1,128.876709
10.0,1,128.879876
10.0,1,128.879876
10.0,1,128.882075
10.0,1,128.890267
10.0,1,128.894279
10.0,1,128.896283
10.0,1,128.898288
10.0,1,128.90546
10.0,1,128.909471
10.0,1,128.911476
10.0,1,128.91348
10.0,1,128.925703
-10.0,1,128.925703
10.0,1,128.927896
-10.0,1,128.929368
10.0,1,128.936793
10.0,1,128.940803
-10.0,1,128.942808
10.0,1,128.944812
10.0,1,128.95387
10.0,1,128.95632
-10.0,1,128.95632
3.0,1,128.958917
3.0,1,128.96472
10.0,1,128.968732
10.0,1,128.970737
10.0,1,128.972742
10.0,1,128.980294
10.0,1,128.980294
10.0,1,128.984765
-10.0,1,128.984765
10.0,1,128.991975
10.0,1,128.995987
10.0,1,128.997992
10.0,1,128.999997
10.0,1,129.00735
10.0,1,129.011231
10.0,1,129.013237
10.0,1,129.015242
10.0,1,129.025298
10.0,1,129.030126
-10.0,1,129.033957
10.0,1,129.035962
10.0,1,129.044687
3.0,1,129.046693
10.0,1,129.048697
10.0,1,129.050704
10.0,1,129.06057
-10.0,1,129.06057
-10.0,1,129.062914
-10.0,1,129.062914
10.0,1,129.072049
10.0,1,129.073079
10.0,1,129.07691
10.0,1,129.079221
10.0,1,129.086672
10.0,1,129.086672
10.0,1,129.08918
10.0,1,129.08918
10.0,1,129.101196
10.0,1,129.103963
10.0,1,129.105299
10.0,1,129.106303
-10.0,1,129.114423
-10.0,1,129.116428
10.0,1,129.120944
-10.0,1,129.120944
10.0,1,129.128911
10.0,1,129.132921
-10.0,1,129.132921
10.0,1,129.136432
10.0,1,129.146004
10.0,1,129.147056
10.0,1,129.15152
-10.0,1,129.152527
-10.0,1,129.160961
-10.0,1,129.162966
10.0,1,129.164972
10.0,1,129.168483
-10.0,1,129.174715
3.0,1,129.176721
10.0,1,129.178727
10.0,1,129.182737
10.0,1,129.191131
10.0,1,129.192662
10.0,1,129.193733
10.0,1,129.195685
10.0,1,129.204645
-10.0,1,129.206651
10.0,1,129.208658
-10.0,1,129.210663
10.0,1,129.216272
-10.0,1,129.220859
10.0,1,129.220859
10.0,1,129.220859
10.0,1,129.232082
10.0,1,129.234088
10.0,1,129.236093
10.0,1,129.238099
10.0,1,129.246634
-10.0,1,129.252152
-10.0,1,129.252152
10.0,1,129.257766
10.0,1,129.26415
-10.0,1,129.26415
10.0,1,129.269337
10.0,1,129.272142
10.0,1,129.28009
10.0,1,129.282095
-10.0,1,129.284101
10.0,1,129.28811
10.0,1,129.294331
10.0,1,129.297039
-10.0,1,129.297039
-10.0,1,129.299045
10.0,1,129.30634
10.0,1,129.31035
10.0,1,129.311356
10.0,1,129.313362
10.0,1,129.323781
10.0,1,129.325786
10.0,1,129.327295
10.0,1,129.329299
10.0,1,129.335409
10.0,1,129.337414
-10.0,1,129.339419
10.0,1,129.341424
10.0,1,129.348176
10.0,1,129.350181
10.0,1,129.352186
10.0,1,129.354191
-10.0,1,129.365437
-10.0,1,129.365437
10.0,1,129.370071
10.0,1,129.372228
10.0,1,129.379589
10.0,1,129.382028
10.0,1,129.382028
10.0,1,129.386141
-10.0,1,129.39138
10.0,1,129.393385
10.0,1,129.395391
10.0,1,129.3994
10.0,1,129.405284
-10.0,1,129.409035
10.0,1,129.41104
10.0,1,129.413045
10.0,1,129.419037
10.0,1,129.421043
3.0,1,129.422789
-10.0,1,129.424794
10.0,1,129.432638
10.0,1,129.435671
10.0,1,129.435671
-10.0,1,129.43868
10.0,1,129.445338
-10.0,1,129.449348
10.0,1,129.451352
-10.0,1,129.454362
-10.0,1,129.461827
10.0,1,129.463832
-10.0,1,129.465837
10.0,1,129.467841
10.0,1,129.476471
10.0,1,129.480481
-10.0,1,129.480481
-10.0,1,129.482486
3.0,1,129.490387
10.0,1,129.492393
10.0,1,129.496402
10.0,1,129.498407
3.0,1,129.506898
10.0,1,129.508903
10.0,1,129.510907
10.0,1,129.512913
10.0,1,129.51965
10.0,1,129.52331
10.0,1,129.52331
10.0,1,129.527663
10.0,1,129.53499
10.0,1,129.53499
-10.0,1,129.537292
3.0,1,129.537292
-10.0,1,129.547445
10.0,1,129.548486
10.0,1,129.550493
-10.0,1,129.552498
10.0,1,129.560296
-10.0,1,129.562698
-10.0,1,129.564953
-10.0,1,129.564953
-10.0,1,129.574874
10.0,1,129.576878
3.0,1,129.578884
10.0,1,129.58257
10.0,1,129.591404
-10.0,1,129.59341
3.0,1,129.59642
10.0,1,129.598424
10.0,1,129.605801
10.0,1,129.607806
-10.0,1,129.609812
10.0,1,129.613822
10.0,1,129.620336
10.0,1,129.621844
10.0,1,129.625843
10.0,1,129.627611
10.0,1,129.635506
10.0,1,129.636534
10.0,1,129.638936
-10.0,1,129.638936
10.0,1,129.647752
10.0,1,129.648769
3.0,1,129.652818
10.0,1,129.652818
10.0,1,129.661522
10.0,1,129.663527
10.0,1,129.665531
10.0,1,129.667536
10.0,1,129.673642
3.0,1,129.677153
-10.0,1,129.679157
10.0,1,129.681161
10.0,1,129.68959
10.0,1,129.691095
10.0,1,129.697186
10.0,1,129.697186
10.0,1,129.705134
10.0,1,129.708885
3.0,1,129.710891
10.0,1,129.712896
10.0,1,129.720003
10.0,1,129.723632
10.0,1,129.726555
10.0,1,129.728845
10.0,1,129.73595
-10.0,1,129.738477
-10.0,1,129.740888
-10.0,1,129.742697
-10.0,1,129.750181
10.0,1,129.751221
10.0,1,129.754467
-10.0,1,129.755616
-10.0,1,129.762534
10.0,1,129.764539
10.0,1,129.766544
10.0,1,129.768548
10.0,1,129.776968
10.0,1,129.778972
10.0,1,129.780979
-10.0,1,129.782986
10.0,1,129.792043
10.0,1,129.792043
-10.0,1,129.796444
10.0,1,129.798637
10.0,1,129.808997
-10.0,1,129.811001
10.0,1,129.813006
3.0,1,129.815011
10.0,1,129.822335
-10.0,1,129.82434
10.0,1,129.826345
3.0,1,129.826345
10.0,1,129.838144
10.0,1,129.840149
10.0,1,129.842154
10.0,1,129.844159
-10.0,1,129.849867
10.0,1,129.854092
10.0,1,129.856097
3.0,1,129.858101
10.0,1,129.865669
10.0,1,129.869021
10.0,1,129.871347
10.0,1,129.873597
-10.0,1,129.879736
10.0,1,129.881482
10.0,1,129.883488
10.0,1,129.885493
-10.0,1,129.894711
10.0,1,129.896716
10.0,1,129.89872
10.0,1,129.900724
10.0,1,129.906886
-10.0,1,129.908891
10.0,1,129.910897
10.0,1,129.912643
10.0,1,129.924341
-10.0,1,129.924341
10.0,1,129.924341
10.0,1,129.930204
10.0,1,129.935457
10.0,1,129.937463
10.0,1,129.939467
10.0,1,129.941473
10.0,1,129.951537
-10.0,1,129.951537
10.0,1,129.954142
10.0,1,129.955393
10.0,1,129.964641
10.0,1,129.967208
10.0,1,129.968383
10.0,1,129.971347
-10.0,1,129.978467
10.0,1,129.980472
3.0,1,129.982476
10.0,1,129.98448
10.0,1,129.990974
10.0,1,129.992979
-10.0,1,129.994984
10.0,1,129.996989
10.0,1,130.003018
10.0,1,130.006769
10.0,1,130.008774
-10.0,1,130.010779
10.0,1,130.0163
10.0,1,130.018305
10.0,1,130.021315
10.0,1,130.02282
-10.0,1,130.034223
10.0,1,130.036228
10.0,1,130.038233
-10.0,1,130.038233
-10.0,1,130.047048
10.0,1,130.051057
3.0,1,130.051057
10.0,1,130.054066
-10.0,1,130.061091
10.0,1,130.064262
-10.0,1,130.066819
10.0,1,130.066819
10.0,1,130.074607
10.0,1,130.076613
10.0,1,130.078618
10.0,1,130.082628
10.0,1,130.088244
10.0,1,130.092253
10.0,1,130.094258
10.0,1,130.096263
10.0,1,130.104204
10.0,1,130.108217
3.0,1,130.110222
-10.0,1,130.110222
10.0,1,130.119988
10.0,1,130.12149
-10.0,1,130.122601
10.0,1,130.124523
10.0,1,130.132891
10.0,1,130.136675
10.0,1,130.136675
-10.0,1,130.143014
10.0,1,130.149003
-10.0,1,130.150546
10.0,1,130.153711
-10.0,1,130.153711
-10.0,1,130.160904
3.0,1,130.162061
-10.0,1,130.164846
10.0,1,130.167693
-10.0,1,130.174957
10.0,1,130.178968
-10.0,1,130.180713
10.0,1,130.182719
10.0,1,130.190482
10.0,1,130.190482
10.0,1,130.195506
10.0,1,130.197598
10.0,1,130.203647
10.0,1,130.205652
10.0,1,130.207657
10.0,1,130.209662
10.0,1,130.220594
10.0,1,130.221599
10.0,1,130.223603
10.0,1,130.227355
3.0,1,130.234846
-10.0,1,130.235889
10.0,1,130.239368
10.0,1,130.241912
10.0,1,130.252213
10.0,1,130.254217
-10.0,1,130.256222
10.0,1,130.258228
-10.0,1,130.26573
10.0,1,130.266775
10.0,1,130.27071
10.0,1,130.27071
-10.0,1,130.278678
3.0,1,130.281249
10.0,1,130.283254
10.0,1,130.285259
10.0,1,130.294121
10.0,1,130.294121
-10.0,1,130.296311
10.0,1,130.299868
10.0,1,130.306989
10.0,1,130.306989
10.0,1,130.311304
10.0,1,130.313618
10.0,1,130.321913
10.0,1,130.322917
10.0,1,130.324922
10.0,1,130.328931
10.0,1,130.33465
10.0,1,130.336655
10.0,1,130.33866
10.0,1,130.34267
10.0,1,130.350031
10.0,1,130.352035
10.0,1,130.35404
-10.0,1,130.35404
10.0,1,130.36584
10.0,1,130.36584
10.0,1,130.369847
10.0,1,130.371356
10.0,1,130.378362
-10.0,1,130.380368
10.0,1,130.382373
10.0,1,130.385882
-10.0,1,130.391902
10.0,1,130.393906
10.0,1,130.395911
-10.0,1,130.397916
10.0,1,130.405342
10.0,1,130.407347
3.0,1,130.409352
10.0,1,130.411356
10.0,1,130.417772
10.0,1,130.419778
10.0,1,130.423788
10.0,1,130.425792
10.0,1,130.432289
10.0,1,130.435951
10.0,1,130.435951
10.0,1,130.440058
10.0,1,130.44509
10.0,1,130.447095
10.0,1,130.4491
3.0,1,130.451105
10.0,1,130.459306
10.0,1,130.459306
10.0,1,130.462463
10.0,1,130.46618
10.0,1,130.477937
10.0,1,130.480223
10.0,1,130.482517
-10.0,1,130.482517
-10.0,1,130.49107
10.0,1,130.49107
10.0,1,130.493075
3.0,1,130.496085
10.0,1,130.50415
10.0,1,130.50517
10.0,1,130.509368
10.0,1,130.509368
10.0,1,130.520032
10.0,1,130.522037
10.0,1,130.524041
3.0,1,130.526046
10.0,1,130.53377
10.0,1,130.536117
10.0,1,130.538434
10.0,1,130.540774
10.0,1,130.54813
10.0,1,130.54813
-10.0,1,130.552149
-10.0,1,130.554288
3.0,1,130.559753
10.0,1,130.56302
10.0,1,130.56302
10.0,1,130.565107
10.0,1,130.574829
-10.0,1,130.577784
10.0,1,130.581187
10.0,1,130.581187
10.0,1,130.591573
10.0,1,130.595343
10.0,1,130.595343
10.0,1,130.597497
10.0,1,130.605363
-10.0,1,130.607368
-10.0,1,130.609374
10.0,1,130.611379
-10.0,1,130.618899
-10.0,1,130.620905
10.0,1,130.623415
10.0,1,130.62542
10.0,1,130.632644
10.0,1,130.634649
-10.0,1,130.636654
10.0,1,130.638658
10.0,1,130.646127
-10.0,1,130.648133
10.0,1,130.650138
10.0,1,130.652142
10.0,1,130.659121
10.0,1,130.660152
10.0,1,130.66194
10.0,1,130.665828
10.0,1,130.673297
10.0,1,130.673297
10.0,1,130.675483
10.0,1,130.677282
10.0,1,130.689776
10.0,1,130.691781
-10.0,1,130.691781
10.0,1,130.695792
-10.0,1,130.701826
10.0,1,130.703831
10.0,1,130.705836
-10.0,1,130.707841
10.0,1,130.717506
-10.0,1,130.717506
10.0,1,130.721885
-10.0,1,130.722389
10.0,1,130.728604
10.0,1,130.730609
10.0,1,130.733619
10.0,1,130.735624
10.0,1,130.742402
-10.0,1,130.744407
10.0,1,130.746412
10.0,1,130.749421
10.0,1,130.756262
-10.0,1,130.757286
10.0,1,130.761013
10.0,1,130.763345
10.0,1,130.770591
10.0,1,130.773356
10.0,1,130.775635
10.0,1,130.775635
10.0,1,130.785364
10.0,1,130.787368
-10.0,1,130.789372
-10.0,1,130.789372
-10.0,1,130.800575
10.0,1,130.80258
10.0,1,130.804585
-10.0,1,130.80659
10.0,1,130.815277
10.0,1,130.817282
10.0,1,130.819287
10.0,1,130.821795
-10.0,1,130.829745
10.0,1,130.83175
-10.0,1,130.83175
-10.0,1,130.833755
10.0,1,130.842546
10.0,1,130.843551
10.0,1,130.843551
10.0,1,130.849119
10.0,1,130.85438
-10.0,1,130.858391
3.0,1,130.859395
10.0,1,130.861401
10.0,1,130.868138
10.0,1,130.870143
3.0,1,130.872149
10.0,1,130.875158
10.0,1,130.884768
10.0,1,130.886773
10.0,1,130.888778
-10.0,1,130.890783
10.0,1,130.897002
10.0,1,130.901012
10.0,1,130.903018
10.0,1,130.905022
10.0,1,130.916358
-10.0,1,130.918363
10.0,1,130.920367
-10.0,1,130.922877
10.0,1,130.92891
3.0,1,130.930915
10.0,1,130.932921
-10.0,1,130.934926
-10.0,1,130.942072
-10.0,1,130.944077
10.0,1,130.946082
-10.0,1,130.948087
10.0,1,130.957847
3.0,1,130.959852
-10.0,1,130.959852
10.0,1,130.961857
3.0,1,130.970567
-10.0,1,130.972068
10.0,1,130.972068
10.0,1,130.975082
10.0,1,130.983257
10.0,1,130.986266
3.0,1,130.988271
10.0,1,130.990276
10.0,1,130.997136
10.0,1,130.999141
10.0,1,131.002151
10.0,1,131.004156
10.0,1,131.011416
10.0,1,131.012529
10.0,1,131.01431
3.0,1,131.016249
10.0,1,131.029529
10.0,1,131.031533
10.0,1,131.035543
-10.0,1,131.037548
10.0,1,131.044662
-10.0,1,131.044662
10.0,1,131.044662
10.0,1,131.049409
10.0,1,131.056631
10.0,1,131.059731
-10.0,1,131.059731
10.0,1,131.062026
10.0,1,131.069063
10.0,1,131.071068
10.0,1,131.073072
10.0,1,131.075077
3.0,1,131.085712
10.0,1,131.085712
10.0,1,131.090024
10.0,1,131.090024
-10.0,1,131.098599
-10.0,1,131.098599
10.0,1,131.101329
-10.0,1,131.102577
10.0,1,131.109861
10.0,1,131.112872
10.0,1,131.114878
10.0,1,131.116883
10.0,1,131.1255
10.0,1,131.127505
-10.0,1,131.130292
10.0,1,131.132296
10.0,1,131.140709
10.0,1,131.141803
-10.0,1,131.143649
-10.0,1,131.145807
3.0,1,131.154207
10.0,1,131.154207
3.0,1,131.156263
-10.0,1,131.159349
10.0,1,131.166476
-10.0,1,131.167523
-10.0,1,131.169528
10.0,1,131.171533
10.0,1,131.179362
10.0,1,131.179362
10.0,1,131.18421
10.0,1,131.18421
10.0,1,131.193288
-10.0,1,131.193288
-10.0,1,131.193288
10.0,1,131.193288
10.0,1,131.20567
-10.0,1,131.207176
10.0,1,131.209328
10.0,1,131.212562
10.0,1,131.219326
10.0,1,131.219326
-10.0,1,131.222851
-10.0,1,131.223856
10.0,1,131.23037
10.0,1,131.232376
-10.0,1,131.234381
-10.0,1,131.236386
10.0,1,131.247041
-10.0,1,131.247041
10.0,1,131.247041
10.0,1,131.25056
10.0,1,131.258898
10.0,1,131.260904
-10.0,1,131.262909
10.0,1,131.264914
-10.0,1,131.271794
10.0,1,131.274465
10.0,1,131.276763
10.0,1,131.276763
10.0,1,131.286165
3.0,1,131.287272
10.0,1,131.289277
10.0,1,131.291282
10.0,1,131.299413
10.0,1,131.302703
10.0,1,131.302703
3.0,1,131.305169
-10.0,1,131.31384
10.0,1,131.316136
10.0,1,131.316136
10.0,1,131.3197
10.0,1,131.325609
10.0,1,131.327614
10.0,1,131.329619
10.0,1,131.331623
10.0,1,131.340261
-10.0,1,131.342474
-10.0,1,131.342474
10.0,1,131.346848
10.0,1,131.355325
10.0,1,131.359335
-10.0,1,131.359335
10.0,1,131.36134
10.0,1,131.369294
-10.0,1,131.370315
10.0,1,131.37234
3.0,1,131.374287
10.0,1,131.383047
10.0,1,131.385642
10.0,1,131.3886
3.0,1,131.3886
10.0,1,131.396636
10.0,1,131.400496
-10.0,1,131.400496
-10.0,1,131.40418
-10.0,1,131.41071
-10.0,1,131.411746
3.0,1,131.413259
-10.0,1,131.413259
10.0,1,131.421646
10.0,1,131.423652
-10.0,1,131.427662
10.0,1,131.428666
-10.0,1,131.434776
10.0,1,131.436782
10.0,1,131.438787
10.0,1,131.440792
10.0,1,131.447992
10.0,1,131.452002
10.0,1,131.454006
10.0,1,131.456011
10.0,1,131.466179
10.0,1,131.466179
10.0,1,131.466179
10.0,1,131.470706
10.0,1,131.479764
-10.0,1,131.479764
10.0,1,131.482433
-10.0,1,131.483827
10.0,1,131.492668
10.0,1,131.493831
10.0,1,131.497117
3.0,1,131.497117
10.0,1,131.505874
3.0,1,131.508637
10.0,1,131.511338
10.0,1,131.511338
10.0,1,131.519483
10.0,1,131.522849
10.0,1,131.524596
10.0,1,131.527044
10.0,1,131.534517
3.0,1,131.534517
-10.0,1,131.536657
10.0,1,131.538431
-10.0,1,131.54696
10.0,1,131.54696
10.0,1,131.549845
10.0,1,131.553956
-10.0,1,131.559886
10.0,1,131.560906
10.0,1,131.563238
10.0,1,131.567237
-10.0,1,131.573478
10.0,1,131.576771
10.0,1,131.578957
-10.0,1,131.580965
10.0,1,131.591365
10.0,1,131.595376
10.0,1,131.59738
10.0,1,131.599384
10.0,1,131.607473
-10.0,1,131.607473
-10.0,1,131.609588
10.0,1,131.613833
10.0,1,131.620033
10.0,1,131.621542
10.0,1,131.621542
10.0,1,131.621542
10.0,1,131.635311
-10.0,1,131.637317
10.0,1,131.639321
10.0,1,131.641327
10.0,1,131.647772
-10.0,1,131.648843
10.0,1,131.651348
10.0,1,131.651348
-10.0,1,131.662978
10.0,1,131.664983
10.0,1,131.664983
3.0,1,131.668993
3.0,1,131.674809
-10.0,1,131.676814
10.0,1,131.678818
-10.0,1,131.680824
10.0,1,131.692169
10.0,1,131.692169
10.0,1,131.692169
-10.0,1,131.698879
-10.0,1,131.705448
-10.0,1,131.707948
10.0,1,131.710449
10.0,1,131.713253
10.0,1,131.719068
10.0,1,131.721577
10.0,1,131.723581
10.0,1,131.725586
10.0,1,131.734427
-10.0,1,131.736432
10.0,1,131.738436
10.0,1,131.740441
3.0,1,131.747226
10.0,1,131.750947
10.0,1,131.750947
10.0,1,131.755206
10.0,1,131.761084
10.0,1,131.763116
10.0,1,131.766122
3.0,1,131.766122
-10.0,1,131.77406
10.0,1,131.776771
3.0,1,131.776771
-10.0,1,131.778847
10.0,1,131.787765
10.0,1,131.791073
10.0,1,131.793329
10.0,1,131.795843
10.0,1,131.806449
-10.0,1,131.806449
10.0,1,131.808682
10.0,1,131.810119
-10.0,1,131.818734
10.0,1,131.820739
10.0,1,131.821744
-10.0,1,131.823748
-10.0,1,131.831925
-10.0,1,131.83393
-10.0,1,131.835935
3.0,1,131.83794
-10.0,1,131.845899
10.0,1,131.846954
-10.0,1,131.848938
10.0,1,131.848938
10.0,1,131.859387
-10.0,1,131.860431
10.0,1,131.86415
-10.0,1,131.86415
-10.0,1,131.870883
-10.0,1,131.873193
-10.0,1,131.874746
10.0,1,131.87797
10.0,1,131.88348
10.0,1,131.885485
10.0,1,131.889236
10.0,1,131.891241
10.0,1,131.898323
10.0,1,131.898323
-10.0,1,131.901018
10.0,1,131.905115
10.0,1,131.914382
3.0,1,131.915403
10.0,1,131.919484
3.0,1,131.921233
-10.0,1,131.928335
10.0,1,131.931437
-10.0,1,131.931437
10.0,1,131.935866
10.0,1,131.942064
10.0,1,131.943083
10.0,1,131.947341
10.0,1,131.947341
10.0,1,131.954777
10.0,1,131.956782
-10.0,1,131.958787
10.0,1,131.960792
10.0,1,131.967811
10.0,1,131.970897
10.0,1,131.97328
10.0,1,131.97328
10.0,1,131.981816
10.0,1,131.98461
10.0,1,131.985757
10.0,1,131.989298
-10.0,1,131.995997
3.0,1,131.998002
10.0,1,132.000007
10.0,1,132.002012
10.0,1,132.009735
10.0,1,132.01174
10.0,1,132.013746
-10.0,1,132.017777
10.0,1,132.027953
10.0,1,132.030371
10.0,1,132.031877
10.0,1,132.034593
10.0,1,132.0411
10.0,1,132.042158
10.0,1,132.043867
10.0,1,132.047932
10.0,1,132.055683
10.0,1,132.05793
10.0,1,132.05793
10.0,1,132.060426
10.0,1,132.071346
10.0,1,132.07335
10.0,1,132.075354
10.0,1,132.077359
3.0,1,132.086033
10.0,1,132.087147
10.0,1,132.089507
-10.0,1,132.091403
-10.0,1,132.099683
10.0,1,132.100701
10.0,1,132.104039
10.0,1,132.106585
10.0,1,132.111094
10.0,1,132.116141
10.0,1,132.118372
10.0,1,132.118372
-10.0,1,132.127214
10.0,1,132.127214
10.0,1,132.134703
10.0,1,132.137291
10.0,1,132.1456
-10.0,1,132.1456
10.0,1,132.1456
-10.0,1,132.148878
10.0,1,132.156723
10.0,1,132.158728
3.0,1,132.160734
10.0,1,132.16274
-10.0,1,132.170372
10.0,1,132.172681
-10.0,1,132.172681
3.0,1,132.17479
10.0,1,132.183283
-10.0,1,132.185288
10.0,1,132.187293
10.0,1,132.189298
10.0,1,132.19742
10.0,1,132.19742
-10.0,1,132.199703
10.0,1,132.201548
10.0,1,132.209905
10.0,1,132.212069
10.0,1,132.214073
-10.0,1,132.216078
10.0,1,132.222177
10.0,1,132.223382
10.0,1,132.225386
10.0,1,132.22739
10.0,1,132.235885
-10.0,1,132.237912
10.0,1,132.237912
10.0,1,132.237912
10.0,1,132.253233
-10.0,1,132.253233
3.0,1,132.257352
10.0,1,132.258534
10.0,1,132.264939
-10.0,1,132.269049
-10.0,1,132.269049
10.0,1,132.269049
10.0,1,132.279987
3.0,1,132.282009
10.0,1,132.283054
10.0,1,132.286779
-10.0,1,132.293949
-10.0,1,132.294964
-10.0,1,132.296969
-10.0,1,132.298974
10.0,1,132.307775
10.0,1,132.30978
10.0,1,132.311785
10.0,1,132.315796
3.0,1,132.322212
10.0,1,132.323265
10.0,1,132.327365
10.0,1,132.327365
-10.0,1,132.335093
10.0,1,132.337098
-10.0,1,132.339103
-10.0,1,132.339103
10.0,1,132.346946
10.0,1,132.348031
10.0,1,132.348031
10.0,1,132.348031
10.0,1,132.362866
-10.0,1,132.364972
10.0,1,132.367691
-10.0,1,132.367691
10.0,1,132.376348
3.0,1,132.376348
10.0,1,132.379847
3.0,1,132.380852
10.0,1,132.38841
10.0,1,132.390415
10.0,1,132.39242
10.0,1,132.395929
10.0,1,132.403664
10.0,1,132.403664
10.0,1,132.40622
-10.0,1,132.410669
10.0,1,132.418168
10.0,1,132.420504
-10.0,1,132.422264
10.0,1,132.423267
10.0,1,132.431252
-10.0,1,132.431252
10.0,1,132.435109
10.0,1,132.437321
-10.0,1,132.443722
10.0,1,132.44473
-10.0,1,132.44473
-10.0,1,132.44473
3.0,1,132.45564
10.0,1,132.457646
-10.0,1,132.459392
10.0,1,132.459392
10.0,1,132.474189
10.0,1,132.476346
3.0,1,132.476346
10.0,1,132.479068
-10.0,1,132.486115
10.0,1,132.48812
3.0,1,132.491129
10.0,1,132.493135
10.0,1,132.500348
10.0,1,132.502353
10.0,1,132.504358
-10.0,1,132.506363
10.0,1,132.515347
10.0,1,132.517611
10.0,1,132.517611
10.0,1,132.519629
10.0,1,132.526679
10.0,1,132.528683
10.0,1,132.530689
10.0,1,132.534698
10.0,1,132.541573
10.0,1,132.541573
10.0,1,132.544705
10.0,1,132.546509
10.0,1,132.554209
10.0,1,132.558523
-10.0,1,132.560527
10.0,1,132.562532
-10.0,1,132.568712
10.0,1,132.570217
10.0,1,132.570217
10.0,1,132.570217
10.0,1,132.585805
3.0,1,132.585805
10.0,1,132.59145
10.0,1,132.59145
10.0,1,132.600098
-10.0,1,132.601844
10.0,1,132.603849
10.0,1,132.605855
10.0,1,132.613699
10.0,1,132.617021
10.0,1,132.619435
10.0,1,132.621741
10.0,1,132.628992
10.0,1,132.628992
10.0,1,132.633137
10.0,1,132.636661
10.0,1,132.645374
10.0,1,132.645374
-10.0,1,132.648931
-10.0,1,132.650106
10.0,1,132.656558
10.0,1,132.657592
10.0,1,132.661519
10.0,1,132.661519
10.0,1,132.670073
10.0,1,132.673213
10.0,1,132.675448
10.0,1,132.675448
10.0,1,132.686342
-10.0,1,132.686342
10.0,1,132.689005
10.0,1,132.6931
10.0,1,132.699484
10.0,1,132.70052
10.0,1,132.704389
10.0,1,132.706588
10.0,1,132.712742
10.0,1,132.712742
10.0,1,132.712742
-10.0,1,132.712742
-10.0,1,132.725096
10.0,1,132.727101
10.0,1,132.728848
-10.0,1,132.732858
10.0,1,132.740437
-10.0,1,132.740437
10.0,1,132.745866
10.0,1,132.748149
-10.0,1,132.754617
10.0,1,132.756622
10.0,1,132.758626
-10.0,1,132.76063
10.0,1,132.769556
-10.0,1,132.769556
10.0,1,132.771674
10.0,1,132.775307
10.0,1,132.783627
10.0,1,132.786246
10.0,1,132.786246
10.0,1,132.790192
-10.0,1,132.797699
-10.0,1,132.800453
-10.0,1,132.802047
10.0,1,132.802047
10.0,1,132.81231
-10.0,1,132.81231
10.0,1,132.81446
3.0,1,132.816511
10.0,1,132.825814
10.0,1,132.828509
10.0,1,132.83103
-10.0,1,132.83103
10.0,1,132.838017
10.0,1,132.841768
10.0,1,132.843772
10.0,1,132.845775
10.0,1,132.852232
10.0,1,132.853252
10.0,1,132.855759
-10.0,1,132.855759
10.0,1,132.866086
10.0,1,132.869232
-10.0,1,132.869232
10.0,1,132.87174
10.0,1,132.878552
10.0,1,132.879599
10.0,1,132.88181
3.0,1,132.883617
10.0,1,132.892163
10.0,1,132.892163
10.0,1,132.896454
10.0,1,132.896454
10.0,1,132.908581
10.0,1,132.910586
10.0,1,132.912592
10.0,1,132.914597
10.0,1,132.921699
-10.0,1,132.923204
-10.0,1,132.925209
10.0,1,132.927214
10.0,1,132.933737
-10.0,1,132.934808
-10.0,1,132.938987
10.0,1,132.938987
10.0,1,132.946673
3.0,1,132.950683
10.0,1,132.952688
3.0,1,132.954693
-10.0,1,132.960994
-10.0,1,132.964146
10.0,1,132.964146
10.0,1,132.968
10.0,1,132.976042
10.0,1,132.978987
10.0,1,132.978987
10.0,1,132.980984
10.0,1,132.99103
10.0,1,132.99103
10.0,1,132.995604
-10.0,1,132.996655
10.0,1,133.00215
10.0,1,133.004155
10.0,1,133.00616
10.0,1,133.008165
-10.0,1,133.01895
10.0,1,133.021717
10.0,1,133.023223
-10.0,1,133.024227
10.0,1,133.033089
-10.0,1,133.033089
10.0,1,133.035481
10.0,1,133.035481
10.0,1,133.044839
10.0,1,133.047866
10.0,1,133.047866
10.0,1,133.05213
10.0,1,133.059926
10.0,1,133.062435
10.0,1,133.06593
10.0,1,133.06593
3.0,1,133.07395
-10.0,1,133.075955
10.0,1,133.077961
-10.0,1,133.079966
10.0,1,133.088025
10.0,1,133.091178
-10.0,1,133.091178
10.0,1,133.094784
-10.0,1,133.101979
-10.0,1,133.103084
10.0,1,133.103084
-10.0,1,133.106547
10.0,1,133.114901
10.0,1,133.116906
-10.0,1,133.118911
10.0,1,133.120916
10.0,1,133.13127
10.0,1,133.134083
10.0,1,133.134083
-10.0,1,133.136305
10.0,1,133.145475
10.0,1,133.145475
10.0,1,133.149738
10.0,1,133.149738
10.0,1,133.159228
10.0,1,133.161233
10.0,1,133.163238
10.0,1,133.165242
-10.0,1,133.172495
10.0,1,133.172495
10.0,1,133.176846
10.0,1,133.179126
10.0,1,133.184826
10.0,1,133.188578
10.0,1,133.190582
10.0,1,133.192586
10.0,1,133.200014
10.0,1,133.20202
10.0,1,133.204025
10.0,1,133.20603
10.0,1,133.213495
10.0,1,133.214533
10.0,1,133.218609
3.0,1,133.220115
3.0,1,133.226624
10.0,1,133.230088
10.0,1,133.232624
-10.0,1,133.234847
3.0,1,133.243609
10.0,1,133.245614
10.0,1,133.247619
10.0,1,133.249624
10.0,1,133.259001
10.0,1,133.259001
10.0,1,133.263409
10.0,1,133.265895
10.0,1,133.273288
10.0,1,133.273288
-10.0,1,133.275453
10.0,1,133.279576
-10.0,1,133.284998
-10.0,1,133.286309
10.0,1,133.290227
10.0,1,133.290227
10.0,1,133.299379
-10.0,1,133.300513
10.0,1,133.30193
10.0,1,133.305463
10.0,1,133.312806
10.0,1,133.315335
10.0,1,133.318061
10.0,1,133.318061
10.0,1,133.325939
-10.0,1,133.327944
10.0,1,133.329948
10.0,1,133.331453
10.0,1,133.343575
10.0,1,133.34643
10.0,1,133.348528
-10.0,1,133.348528
10.0,1,133.358786
-10.0,1,133.360792
10.0,1,133.364803
10.0,1,133.366808
10.0,1,133.375967
10.0,1,133.375967
10.0,1,133.378733
-10.0,1,133.380681
10.0,1,133.389714
10.0,1,133.389714
10.0,1,133.392301
10.0,1,133.396115
10.0,1,133.402886
-10.0,1,133.404891
-10.0,1,133.406897
10.0,1,133.408902
10.0,1,133.417612
10.0,1,133.417612
10.0,1,133.420052
10.0,1,133.421921
10.0,1,133.429353
10.0,1,133.431359
10.0,1,133.433363
10.0,1,133.437375
10.0,1,133.443613
-10.0,1,133.445618
10.0,1,133.447622
-10.0,1,133.449626
10.0,1,133.45723
10.0,1,133.45723
10.0,1,133.45723
-10.0,1,133.45723
-10.0,1,133.474192
-10.0,1,133.47674
10.0,1,133.47674
-10.0,1,133.481656
-10.0,1,133.488892
10.0,1,133.491424
-10.0,1,133.493723
10.0,1,133.496272
10.0,1,133.503548
-10.0,1,133.505613
10.0,1,133.506117
10.0,1,133.508122
10.0,1,133.515853
10.0,1,133.516881
-10.0,1,133.518703
10.0,1,133.52313
10.0,1,133.52981
-10.0,1,133.530837
-10.0,1,133.532689
10.0,1,133.53642
10.0,1,133.545122
10.0,1,133.545122
-10.0,1,133.550103
-10.0,1,133.550103
10.0,1,133.558189
10.0,1,133.559203
-10.0,1,133.561179
10.0,1,133.563039
10.0,1,133.573181
10.0,1,133.57719
10.0,1,133.57719
-10.0,1,133.579195
10.0,1,133.588679
3.0,1,133.591076
10.0,1,133.591076
10.0,1,133.593699
10.0,1,133.602087
-10.0,1,133.604093
10.0,1,133.608102
10.0,1,133.610107
10.0,1,133.616896
10.0,1,133.618903
10.0,1,133.620908
-10.0,1,133.622913
10.0,1,133.629191
-10.0,1,133.630937
3.0,1,133.632943
10.0,1,133.634948
10.0,1,133.642309
3.0,1,133.6437
-10.0,1,133.646745
10.0,1,133.64926
10.0,1,133.655438
-10.0,1,133.657444
-10.0,1,133.659449
10.0,1,133.662459
10.0,1,133.669801
10.0,1,133.670852
10.0,1,133.672471
10.0,1,133.674393
10.0,1,133.686634
10.0,1,133.688638
10.0,1,133.690643
10.0,1,133.692648
10.0,1,133.699835
10.0,1,133.70184
10.0,1,133.703846
10.0,1,133.705851
10.0,1,133.713962
-10.0,1,133.713962
-10.0,1,133.716137
-10.0,1,133.717656
3.0,1,133.724411
-10.0,1,133.725942
10.0,1,133.725942
-10.0,1,133.72945
-10.0,1,133.737008
10.0,1,133.740398
10.0,1,133.742908
10.0,1,133.745106
10.0,1,133.751658
10.0,1,133.752697
-10.0,1,133.754511
10.0,1,133.757702
10.0,1,133.764822
-10.0,1,133.764822
10.0,1,133.768995
10.0,1,133.768995
10.0,1,133.778654
10.0,1,133.780659
10.0,1,133.782665
10.0,1,133.78467
10.0,1,133.795333
-10.0,1,133.795333
-10.0,1,133.799574
10.0,1,133.801938
-10.0,1,133.808547
10.0,1,133.810552
10.0,1,133.812558
-10.0,1,133.816567
10.0,1,133.823152
10.0,1,133.824658
10.0,1,133.828003
10.0,1,133.830531
10.0,1,133.837108
10.0,1,133.838226
10.0,1,133.842018
10.0,1,133.842018
10.0,1,133.849914
10.0,1,133.852923
10.0,1,133.854928
10.0,1,133.856933
-10.0,1,133.864812
-10.0,1,133.864812
10.0,1,133.866995
-10.0,1,133.868745
10.0,1,133.877043
10.0,1,133.877043
10.0,1,133.879346
10.0,1,133.881229
10.0,1,133.890463
10.0,1,133.893448
10.0,1,133.895948
10.0,1,133.895948
10.0,1,133.908255
10.0,1,133.910579
-10.0,1,133.912889
10.0,1,133.915004
10.0,1,133.920904
10.0,1,133.92291
10.0,1,133.926919
10.0,1,133.926919
10.0,1,133.93554
-10.0,1,133.93554
-10.0,1,133.938426
10.0,1,133.940366
10.0,1,133.948174
10.0,1,133.952184
-10.0,1,133.952184
10.0,1,133.954189
10.0,1,133.962028
3.0,1,133.964034
3.0,1,133.964542
10.0,1,133.964542
10.0,1,133.975515
10.0,1,133.977983
10.0,1,133.980737
10.0,1,133.983002
10.0,1,133.989835
-10.0,1,133.99087
10.0,1,133.995201
10.0,1,133.997916
10.0,1,134.00455
10.0,1,134.005578
10.0,1,134.009824
10.0,1,134.012405
10.0,1,134.019787
10.0,1,134.02492
10.0,1,134.026967
-10.0,1,134.028062
10.0,1,134.03509
3.0,1,134.036132
10.0,1,134.040665
-10.0,1,134.04296
10.0,1,134.049333
-10.0,1,134.052464
10.0,1,134.052464
10.0,1,134.05456
-10.0,1,134.061496
10.0,1,134.065159
-10.0,1,134.065159
-10.0,1,134.068472
10.0,1,134.074977
-10.0,1,134.075984
-10.0,1,134.077563
10.0,1,134.079709
10.0,1,134.088196
-10.0,1,134.088196
10.0,1,134.090788
10.0,1,134.092199
-10.0,1,134.100844
10.0,1,134.103742
-10.0,1,134.103742
-10.0,1,134.108969
10.0,1,134.116341
10.0,1,134.117409
10.0,1,134.119547
10.0,1,134.124789
10.0,1,134.134063
10.0,1,134.136068
10.0,1,134.140078
10.0,1,134.142082
10.0,1,134.149754
-10.0,1,134.150778
-10.0,1,134.152448
10.0,1,134.154196
10.0,1,134.16299
10.0,1,134.164994
10.0,1,134.164994
3.0,1,134.166999
10.0,1,134.176858
10.0,1,134.176858
10.0,1,134.178961
10.0,1,134.18083
10.0,1,134.18978
10.0,1,134.191784
10.0,1,134.193789
10.0,1,134.195793
10.0,1,134.201765
10.0,1,134.205834
10.0,1,134.208108
10.0,1,134.208108
10.0,1,134.215478
10.0,1,134.21949
10.0,1,134.221495
-10.0,1,134.221495
-10.0,1,134.230255
10.0,1,134.230255
10.0,1,134.236794
-10.0,1,134.236794
10.0,1,134.246989
10.0,1,134.246989
10.0,1,134.249496
10.0,1,134.251358
10.0,1,134.259423
10.0,1,134.263433
10.0,1,134.265179
-10.0,1,134.267184
10.0,1,134.273011
10.0,1,134.275016
10.0,1,134.277021
10.0,1,134.279027
10.0,1,134.289167
10.0,1,134.289167
3.0,1,134.291333
10.0,1,134.293057
-10.0,1,134.301989
10.0,1,134.301989
10.0,1,134.304453
-10.0,1,134.306438
-10.0,1,134.314665
10.0,1,134.317182
10.0,1,134.319603
10.0,1,134.319603
10.0,1,134.328462
10.0,1,134.328462
-10.0,1,134.328462
10.0,1,134.328462
-10.0,1,134.3416
10.0,1,134.345732
3.0,1,134.348976
-10.0,1,134.350992
-10.0,1,134.358433
10.0,1,134.360994
10.0,1,134.363553
10.0,1,134.363553
-10.0,1,134.373852
10.0,1,134.375598
-10.0,1,134.378737
10.0,1,134.381264
10.0,1,134.389024
10.0,1,134.389024
10.0,1,134.393854
10.0,1,134.393854
10.0,1,134.402195
10.0,1,134.4042
3.0,1,134.40721
-10.0,1,134.40721
10.0,1,134.417173
10.0,1,134.418403
10.0,1,134.41986
-10.0,1,134.42287
10.0,1,134.429244
10.0,1,134.433253
3.0,1,134.435258
10.0,1,134.437263
10.0,1,134.444888
-10.0,1,134.445909
10.0,1,134.449746
10.0,1,134.452159
-10.0,1,134.461635
10.0,1,134.46364
10.0,1,134.465645
3.0,1,134.46765
-10.0,1,134.476121
10.0,1,134.47857
10.0,1,134.481117
-10.0,1,134.481117
-10.0,1,134.488527
10.0,1,134.492531
-10.0,1,134.492531
10.0,1,134.496973
10.0,1,134.504037
10.0,1,134.506041
3.0,1,134.508046
10.0,1,134.510051
10.0,1,134.517978
10.0,1,134.520804
10.0,1,134.523135
10.0,1,134.523135
3.0,1,134.532073
10.0,1,134.534827
-10.0,1,134.534827
10.0,1,134.534827
10.0,1,134.544625
-10.0,1,134.545653
-10.0,1,134.549535
-10.0,1,134.549535
10.0,1,134.557034
10.0,1,134.560275
-10.0,1,134.560275
10.0,1,134.563776
10.0,1,134.573369
10.0,1,134.573369
10.0,1,134.578513
10.0,1,134.578513
10.0,1,134.587476
10.0,1,134.591164
-10.0,1,134.593408
10.0,1,134.595861
10.0,1,134.60273
10.0,1,134.604736
10.0,1,134.608746
10.0,1,134.610751
-10.0,1,134.617055
10.0,1,134.619627
10.0,1,134.619627
10.0,1,134.621907
10.0,1,134.628803
-10.0,1,134.630901
10.0,1,134.63266
-10.0,1,134.634819
10.0,1,134.641939
10.0,1,134.645784
10.0,1,134.645784
-10.0,1,134.650181
10.0,1,134.655568
10.0,1,134.657573
10.0,1,134.660583
10.0,1,134.662588
10.0,1,134.669359
10.0,1,134.671364
10.0,1,134.675373
10.0,1,134.678165
10.0,1,134.688543
10.0,1,134.688543
10.0,1,134.692291
10.0,1,134.693294
3.0,1,134.701516
10.0,1,134.7047
-10.0,1,134.707096
10.0,1,134.709225
-10.0,1,134.717247
-10.0,1,134.717247
10.0,1,134.719859
-10.0,1,134.721875
-10.0,1,134.731217
-10.0,1,134.735005
-10.0,1,134.735005
10.0,1,134.737163
10.0,1,134.746465
-10.0,1,134.746465
10.0,1,134.746465
10.0,1,134.751726
-10.0,1,134.757084
10.0,1,134.759089
10.0,1,134.763099
10.0,1,134.765104
10.0,1,134.771695
10.0,1,134.775344
-10.0,1,134.775344
10.0,1,134.775344
10.0,1,134.785709
10.0,1,134.787474
-10.0,1,134.789047
10.0,1,134.795865
10.0,1,134.801724
-10.0,1,134.803472
10.0,1,134.805477
-10.0,1,134.807482
10.0,1,134.816178
10.0,1,134.818182
-10.0,1,134.819189
10.0,1,134.820873
10.0,1,134.829942
10.0,1,134.829942
10.0,1,134.832115
-10.0,1,134.835074
-10.0,1,134.843017
10.0,1,134.843017
10.0,1,134.845121
-10.0,1,134.84708
-10.0,1,134.853584
10.0,1,134.855588
10.0,1,134.857593
10.0,1,134.859598
10.0,1,134.867225
10.0,1,134.870576
10.0,1,134.870576
10.0,1,134.875017
10.0,1,134.881712
10.0,1,134.885056
10.0,1,134.885056
-10.0,1,134.887188
10.0,1,134.895274
10.0,1,134.896303
-10.0,1,134.900483
-10.0,1,134.900483
10.0,1,134.910388
10.0,1,134.912393
10.0,1,134.914398
10.0,1,134.916404
-10.0,1,134.924809
10.0,1,134.926314
10.0,1,134.928319
10.0,1,134.932213
10.0,1,134.939976
-10.0,1,134.942396
10.0,1,134.94458
10.0,1,134.946094
10.0,1,134.953272
10.0,1,134.954309
10.0,1,134.958175
10.0,1,134.958175
10.0,1,134.966395
-10.0,1,134.969248
10.0,1,134.969248
10.0,1,134.971283
-10.0,1,134.980167
10.0,1,134.980167
10.0,1,134.985387
10.0,1,134.985387
-10.0,1,134.99384
-10.0,1,134.997337
10.0,1,135.000783
-10.0,1,135.000783
10.0,1,135.007913
10.0,1,135.012474
-10.0,1,135.012474
10.0,1,135.012474
10.0,1,135.026378
10.0,1,135.029339
10.0,1,135.029339
10.0,1,135.031538
10.0,1,135.041205
10.0,1,135.043211
10.0,1,135.045215
10.0,1,135.047219
-10.0,1,135.053157
10.0,1,135.056908
10.0,1,135.060918
-10.0,1,135.060918
-10.0,1,135.069708
10.0,1,135.069708
10.0,1,135.072715
-10.0,1,135.07468
10.0,1,135.080798
3.0,1,135.082803
10.0,1,135.084808
3.0,1,135.088559
10.0,1,135.096094
10.0,1,135.098664
10.0,1,135.100891
10.0,1,135.103125
